ISO-10303-21;
HEADER;
FILE_DESCRIPTION(('KiCad electronic assembly'),'2;1');
FILE_NAME('PCBNoComponents.step','2026-07-22T15:26:57',('Pcbnew'),(
    'Kicad'),'Open CASCADE STEP processor 7.9','KiCad to STEP converter'
  ,'Unknown');
FILE_SCHEMA(('AUTOMOTIVE_DESIGN { 1 0 10303 214 1 1 1 1 }'));
ENDSEC;
DATA;
#1 = APPLICATION_PROTOCOL_DEFINITION('international standard',
  'automotive_design',2000,#2);
#2 = APPLICATION_CONTEXT(
  'core data for automotive mechanical design processes');
#3 = SHAPE_DEFINITION_REPRESENTATION(#4,#10);
#4 = PRODUCT_DEFINITION_SHAPE('','',#5);
#5 = PRODUCT_DEFINITION('design','',#6,#9);
#6 = PRODUCT_DEFINITION_FORMATION('','',#7);
#7 = PRODUCT('PCBNoComponents 1','PCBNoComponents 1','',(#8));
#8 = PRODUCT_CONTEXT('',#2,'mechanical');
#9 = PRODUCT_DEFINITION_CONTEXT('part definition',#2,'design');
#10 = SHAPE_REPRESENTATION('',(#11,#15,#19),#23);
#11 = AXIS2_PLACEMENT_3D('',#12,#13,#14);
#12 = CARTESIAN_POINT('',(0.,0.,0.));
#13 = DIRECTION('',(0.,0.,1.));
#14 = DIRECTION('',(1.,0.,-0.));
#15 = AXIS2_PLACEMENT_3D('',#16,#17,#18);
#16 = CARTESIAN_POINT('',(0.,0.,0.));
#17 = DIRECTION('',(0.,0.,1.));
#18 = DIRECTION('',(1.,0.,-0.));
#19 = AXIS2_PLACEMENT_3D('',#20,#21,#22);
#20 = CARTESIAN_POINT('',(0.,0.,0.));
#21 = DIRECTION('',(0.,0.,1.));
#22 = DIRECTION('',(1.,0.,-0.));
#23 = ( GEOMETRIC_REPRESENTATION_CONTEXT(3) 
GLOBAL_UNCERTAINTY_ASSIGNED_CONTEXT((#27)) GLOBAL_UNIT_ASSIGNED_CONTEXT(
(#24,#25,#26)) REPRESENTATION_CONTEXT('Context #1',
  '3D Context with UNIT and UNCERTAINTY') );
#24 = ( LENGTH_UNIT() NAMED_UNIT(*) SI_UNIT(.MILLI.,.METRE.) );
#25 = ( NAMED_UNIT(*) PLANE_ANGLE_UNIT() SI_UNIT($,.RADIAN.) );
#26 = ( NAMED_UNIT(*) SI_UNIT($,.STERADIAN.) SOLID_ANGLE_UNIT() );
#27 = UNCERTAINTY_MEASURE_WITH_UNIT(LENGTH_MEASURE(1.E-07),#24,
  'distance_accuracy_value','confusion accuracy');
#28 = PRODUCT_RELATED_PRODUCT_CATEGORY('part',$,(#7));
#29 = SHAPE_DEFINITION_REPRESENTATION(#30,#36);
#30 = PRODUCT_DEFINITION_SHAPE('','',#31);
#31 = PRODUCT_DEFINITION('design','',#32,#35);
#32 = PRODUCT_DEFINITION_FORMATION('','',#33);
#33 = PRODUCT('hiro_silkscreen','hiro_silkscreen','',(#34));
#34 = PRODUCT_CONTEXT('',#2,'mechanical');
#35 = PRODUCT_DEFINITION_CONTEXT('part definition',#2,'design');
#36 = SHAPE_REPRESENTATION('',(#11,#37,#223,#266,#493,#512,#556,#600,
    #973,#1359,#1403,#1581,#1633,#1685,#1729,#1773,#1915,#1992,#2185,
    #2229,#2297,#2938,#2990,#3105,#3247,#3324,#3401,#3445,#3612,#3740,
    #3834,#3886,#3938,#4050,#4422,#4474,#4526,#4728,#4930,#4999,#5068,
    #5162,#5305,#5819,#5931,#6008,#6248,#6389,#6522,#6591,#6621,#6747,
    #6791,#6876,#7018,#7290,#7402,#7479,#7719,#7860,#7952,#8021,#8090,
    #8232,#8326,#8420,#8614,#8691,#8768,#8820,#8872),#9149);
#37 = SHELL_BASED_SURFACE_MODEL('',(#38));
#38 = OPEN_SHELL('',(#39));
#39 = ADVANCED_FACE('',(#40),#218,.T.);
#40 = FACE_BOUND('',#41,.F.);
#41 = EDGE_LOOP('',(#42,#53,#61,#70,#78,#87,#95,#103,#111,#120,#128,#137
    ,#145,#153,#162,#170,#179,#187,#195,#203,#212));
#42 = ORIENTED_EDGE('',*,*,#43,.T.);
#43 = EDGE_CURVE('',#44,#46,#48,.T.);
#44 = VERTEX_POINT('',#45);
#45 = CARTESIAN_POINT('',(123.416012,-124.008823,1.585));
#46 = VERTEX_POINT('',#47);
#47 = CARTESIAN_POINT('',(125.371012,-122.053823,1.585));
#48 = CIRCLE('',#49,1.955002585316);
#49 = AXIS2_PLACEMENT_3D('',#50,#51,#52);
#50 = CARTESIAN_POINT('',(125.37101458531,-124.0088255853,1.585));
#51 = DIRECTION('',(0.,0.,-1.));
#52 = DIRECTION('',(-0.999999999999,1.322409450019E-06,0.));
#53 = ORIENTED_EDGE('',*,*,#54,.T.);
#54 = EDGE_CURVE('',#46,#55,#57,.T.);
#55 = VERTEX_POINT('',#56);
#56 = CARTESIAN_POINT('',(139.341012,-122.053823,1.585));
#57 = LINE('',#58,#59);
#58 = CARTESIAN_POINT('',(125.371012,-122.053823,1.585));
#59 = VECTOR('',#60,1.);
#60 = DIRECTION('',(1.,0.,0.));
#61 = ORIENTED_EDGE('',*,*,#62,.T.);
#62 = EDGE_CURVE('',#55,#63,#65,.T.);
#63 = VERTEX_POINT('',#64);
#64 = CARTESIAN_POINT('',(141.296012,-124.008823,1.585));
#65 = CIRCLE('',#66,1.955002585316);
#66 = AXIS2_PLACEMENT_3D('',#67,#68,#69);
#67 = CARTESIAN_POINT('',(139.34100941468,-124.0088255853,1.585));
#68 = DIRECTION('',(0.,0.,-1.));
#69 = DIRECTION('',(1.322409435481E-06,0.999999999999,0.));
#70 = ORIENTED_EDGE('',*,*,#71,.T.);
#71 = EDGE_CURVE('',#63,#72,#74,.T.);
#72 = VERTEX_POINT('',#73);
#73 = CARTESIAN_POINT('',(141.296012,-141.157823,1.585));
#74 = LINE('',#75,#76);
#75 = CARTESIAN_POINT('',(141.296012,-124.008823,1.585));
#76 = VECTOR('',#77,1.);
#77 = DIRECTION('',(0.,-1.,0.));
#78 = ORIENTED_EDGE('',*,*,#79,.T.);
#79 = EDGE_CURVE('',#72,#80,#82,.T.);
#80 = VERTEX_POINT('',#81);
#81 = CARTESIAN_POINT('',(140.723405,-142.540216,1.585));
#82 = CIRCLE('',#83,1.954998928411);
#83 = AXIS2_PLACEMENT_3D('',#84,#85,#86);
#84 = CARTESIAN_POINT('',(139.34101307158,-141.1578219294,1.585));
#85 = DIRECTION('',(0.,0.,-1.));
#86 = DIRECTION('',(1.,-5.476076125385E-07,0.));
#87 = ORIENTED_EDGE('',*,*,#88,.T.);
#88 = EDGE_CURVE('',#80,#89,#91,.T.);
#89 = VERTEX_POINT('',#90);
#90 = CARTESIAN_POINT('',(140.560975,-142.682663,1.585));
#91 = LINE('',#92,#93);
#92 = CARTESIAN_POINT('',(140.723405,-142.540216,1.585));
#93 = VECTOR('',#94,1.);
#94 = DIRECTION('',(-0.751840465749,-0.659345064486,0.));
#95 = ORIENTED_EDGE('',*,*,#96,.T.);
#96 = EDGE_CURVE('',#89,#97,#99,.T.);
#97 = VERTEX_POINT('',#98);
#98 = CARTESIAN_POINT('',(140.400972,-142.682663,1.585));
#99 = LINE('',#100,#101);
#100 = CARTESIAN_POINT('',(140.560975,-142.682663,1.585));
#101 = VECTOR('',#102,1.);
#102 = DIRECTION('',(-1.,0.,0.));
#103 = ORIENTED_EDGE('',*,*,#104,.T.);
#104 = EDGE_CURVE('',#97,#105,#107,.T.);
#105 = VERTEX_POINT('',#106);
#106 = CARTESIAN_POINT('',(140.566722,-142.555478,1.585));
#107 = LINE('',#108,#109);
#108 = CARTESIAN_POINT('',(140.400972,-142.682663,1.585));
#109 = VECTOR('',#110,1.);
#110 = DIRECTION('',(0.793352064842,0.608763091203,0.));
#111 = ORIENTED_EDGE('',*,*,#112,.T.);
#112 = EDGE_CURVE('',#105,#113,#115,.T.);
#113 = VERTEX_POINT('',#114);
#114 = CARTESIAN_POINT('',(141.196012,-141.279406,1.585));
#115 = CIRCLE('',#116,1.858982019249);
#116 = AXIS2_PLACEMENT_3D('',#117,#118,#119);
#117 = CARTESIAN_POINT('',(139.34101031758,-141.1578210251,1.585));
#118 = DIRECTION('',(0.,0.,1.));
#119 = DIRECTION('',(0.659345636335,-0.751839964252,0.));
#120 = ORIENTED_EDGE('',*,*,#121,.T.);
#121 = EDGE_CURVE('',#113,#122,#124,.T.);
#122 = VERTEX_POINT('',#123);
#123 = CARTESIAN_POINT('',(141.196012,-123.88724,1.585));
#124 = LINE('',#125,#126);
#125 = CARTESIAN_POINT('',(141.196012,-141.279406,1.585));
#126 = VECTOR('',#127,1.);
#127 = DIRECTION('',(0.,1.,0.));
#128 = ORIENTED_EDGE('',*,*,#129,.T.);
#129 = EDGE_CURVE('',#122,#130,#132,.T.);
#130 = VERTEX_POINT('',#131);
#131 = CARTESIAN_POINT('',(139.462595,-122.153823,1.585));
#132 = CIRCLE('',#133,1.858982613674);
#133 = AXIS2_PLACEMENT_3D('',#134,#135,#136);
#134 = CARTESIAN_POINT('',(139.34100974053,-124.0088252594,1.585));
#135 = DIRECTION('',(0.,0.,1.));
#136 = DIRECTION('',(0.997858853451,6.540419397778E-02,-0.));
#137 = ORIENTED_EDGE('',*,*,#138,.T.);
#138 = EDGE_CURVE('',#130,#139,#141,.T.);
#139 = VERTEX_POINT('',#140);
#140 = CARTESIAN_POINT('',(125.371012,-122.153823,1.585));
#141 = LINE('',#142,#143);
#142 = CARTESIAN_POINT('',(139.462595,-122.153823,1.585));
#143 = VECTOR('',#144,1.);
#144 = DIRECTION('',(-1.,0.,0.));
#145 = ORIENTED_EDGE('',*,*,#146,.T.);
#146 = EDGE_CURVE('',#139,#147,#149,.T.);
#147 = VERTEX_POINT('',#148);
#148 = CARTESIAN_POINT('',(125.249429,-122.153823,1.585));
#149 = LINE('',#150,#151);
#150 = CARTESIAN_POINT('',(125.371012,-122.153823,1.585));
#151 = VECTOR('',#152,1.);
#152 = DIRECTION('',(-1.,0.,0.));
#153 = ORIENTED_EDGE('',*,*,#154,.T.);
#154 = EDGE_CURVE('',#147,#155,#157,.T.);
#155 = VERTEX_POINT('',#156);
#156 = CARTESIAN_POINT('',(123.516012,-123.88724,1.585));
#157 = CIRCLE('',#158,1.858982613674);
#158 = AXIS2_PLACEMENT_3D('',#159,#160,#161);
#159 = CARTESIAN_POINT('',(125.37101425946,-124.0088252594,1.585));
#160 = DIRECTION('',(0.,0.,1.));
#161 = DIRECTION('',(-6.540419397779E-02,0.997858853451,0.));
#162 = ORIENTED_EDGE('',*,*,#163,.T.);
#163 = EDGE_CURVE('',#155,#164,#166,.T.);
#164 = VERTEX_POINT('',#165);
#165 = CARTESIAN_POINT('',(123.516015,-141.275404,1.585));
#166 = LINE('',#167,#168);
#167 = CARTESIAN_POINT('',(123.516012,-123.88724,1.585));
#168 = VECTOR('',#169,1.);
#169 = DIRECTION('',(1.725311535149E-07,-1.,0.));
#170 = ORIENTED_EDGE('',*,*,#171,.T.);
#171 = EDGE_CURVE('',#164,#172,#174,.T.);
#172 = VERTEX_POINT('',#173);
#173 = CARTESIAN_POINT('',(124.145315,-142.551463,1.585));
#174 = CIRCLE('',#175,1.859026310362);
#175 = AXIS2_PLACEMENT_3D('',#176,#177,#178);
#176 = CARTESIAN_POINT('',(125.37105816439,-141.1537747237,1.585));
#177 = DIRECTION('',(0.,0.,1.));
#178 = DIRECTION('',(-0.997857402049,-6.542633397185E-02,0.));
#179 = ORIENTED_EDGE('',*,*,#180,.T.);
#180 = EDGE_CURVE('',#172,#181,#183,.T.);
#181 = VERTEX_POINT('',#182);
#182 = CARTESIAN_POINT('',(124.316297,-142.682663,1.585));
#183 = LINE('',#184,#185);
#184 = CARTESIAN_POINT('',(124.145315,-142.551463,1.585));
#185 = VECTOR('',#186,1.);
#186 = DIRECTION('',(0.793351330301,-0.60876404847,0.));
#187 = ORIENTED_EDGE('',*,*,#188,.T.);
#188 = EDGE_CURVE('',#181,#189,#191,.T.);
#189 = VERTEX_POINT('',#190);
#190 = CARTESIAN_POINT('',(124.155639,-142.682663,1.585));
#191 = LINE('',#192,#193);
#192 = CARTESIAN_POINT('',(124.316297,-142.682663,1.585));
#193 = VECTOR('',#194,1.);
#194 = DIRECTION('',(-1.,0.,0.));
#195 = ORIENTED_EDGE('',*,*,#196,.T.);
#196 = EDGE_CURVE('',#189,#197,#199,.T.);
#197 = VERTEX_POINT('',#198);
#198 = CARTESIAN_POINT('',(123.988633,-142.536202,1.585));
#199 = LINE('',#200,#201);
#200 = CARTESIAN_POINT('',(124.155639,-142.682663,1.585));
#201 = VECTOR('',#202,1.);
#202 = DIRECTION('',(-0.751838314885,0.659347517073,0.));
#203 = ORIENTED_EDGE('',*,*,#204,.T.);
#204 = EDGE_CURVE('',#197,#205,#207,.T.);
#205 = VERTEX_POINT('',#206);
#206 = CARTESIAN_POINT('',(123.416012,-141.153823,1.585));
#207 = CIRCLE('',#208,1.955047164096);
#208 = AXIS2_PLACEMENT_3D('',#209,#210,#211);
#209 = CARTESIAN_POINT('',(125.37105916348,-141.1537739489,1.585));
#210 = DIRECTION('',(0.,0.,-1.));
#211 = DIRECTION('',(-0.707106298441,-0.707107263932,-0.));
#212 = ORIENTED_EDGE('',*,*,#213,.T.);
#213 = EDGE_CURVE('',#205,#44,#214,.T.);
#214 = LINE('',#215,#216);
#215 = CARTESIAN_POINT('',(123.416012,-141.153823,1.585));
#216 = VECTOR('',#217,1.);
#217 = DIRECTION('',(0.,1.,0.));
#218 = PLANE('',#219);
#219 = AXIS2_PLACEMENT_3D('',#220,#221,#222);
#220 = CARTESIAN_POINT('',(0.,0.,1.585));
#221 = DIRECTION('',(0.,0.,1.));
#222 = DIRECTION('',(1.,0.,-0.));
#223 = SHELL_BASED_SURFACE_MODEL('',(#224));
#224 = OPEN_SHELL('',(#225));
#225 = ADVANCED_FACE('',(#226),#261,.T.);
#226 = FACE_BOUND('',#227,.F.);
#227 = EDGE_LOOP('',(#228,#238,#246,#255));
#228 = ORIENTED_EDGE('',*,*,#229,.T.);
#229 = EDGE_CURVE('',#230,#232,#234,.T.);
#230 = VERTEX_POINT('',#231);
#231 = CARTESIAN_POINT('',(141.9557,-142.682663,1.585));
#232 = VERTEX_POINT('',#233);
#233 = CARTESIAN_POINT('',(140.956324,-142.682663,1.585));
#234 = LINE('',#235,#236);
#235 = CARTESIAN_POINT('',(141.9557,-142.682663,1.585));
#236 = VECTOR('',#237,1.);
#237 = DIRECTION('',(-1.,0.,0.));
#238 = ORIENTED_EDGE('',*,*,#239,.T.);
#239 = EDGE_CURVE('',#232,#240,#242,.T.);
#240 = VERTEX_POINT('',#241);
#241 = CARTESIAN_POINT('',(140.956324,-142.577038,1.585));
#242 = LINE('',#243,#244);
#243 = CARTESIAN_POINT('',(140.956324,-142.682663,1.585));
#244 = VECTOR('',#245,1.);
#245 = DIRECTION('',(0.,1.,0.));
#246 = ORIENTED_EDGE('',*,*,#247,.T.);
#247 = EDGE_CURVE('',#240,#248,#250,.T.);
#248 = VERTEX_POINT('',#249);
#249 = CARTESIAN_POINT('',(141.9557,-142.577038,1.585));
#250 = CIRCLE('',#251,0.503999679671);
#251 = AXIS2_PLACEMENT_3D('',#252,#253,#254);
#252 = CARTESIAN_POINT('',(141.456012,-142.6428223428,1.585));
#253 = DIRECTION('',(0.,0.,-1.));
#254 = DIRECTION('',(-0.991445074581,0.13052457274,0.));
#255 = ORIENTED_EDGE('',*,*,#256,.T.);
#256 = EDGE_CURVE('',#248,#230,#257,.T.);
#257 = LINE('',#258,#259);
#258 = CARTESIAN_POINT('',(141.9557,-142.577038,1.585));
#259 = VECTOR('',#260,1.);
#260 = DIRECTION('',(0.,-1.,0.));
#261 = PLANE('',#262);
#262 = AXIS2_PLACEMENT_3D('',#263,#264,#265);
#263 = CARTESIAN_POINT('',(0.,0.,1.585));
#264 = DIRECTION('',(0.,0.,1.));
#265 = DIRECTION('',(1.,0.,-0.));
#266 = SHELL_BASED_SURFACE_MODEL('',(#267));
#267 = OPEN_SHELL('',(#268));
#268 = ADVANCED_FACE('',(#269),#488,.T.);
#269 = FACE_BOUND('',#270,.F.);
#270 = EDGE_LOOP('',(#271,#282,#290,#298,#307,#315,#323,#331,#340,#348,
    #356,#365,#373,#382,#390,#398,#407,#415,#423,#432,#440,#449,#457,
    #465,#474,#482));
#271 = ORIENTED_EDGE('',*,*,#272,.T.);
#272 = EDGE_CURVE('',#273,#275,#277,.T.);
#273 = VERTEX_POINT('',#274);
#274 = CARTESIAN_POINT('',(98.844567,-136.877039,1.585));
#275 = VERTEX_POINT('',#276);
#276 = CARTESIAN_POINT('',(98.96,-136.9,1.585));
#277 = CIRCLE('',#278,6.000007318647E-02);
#278 = AXIS2_PLACEMENT_3D('',#279,#280,#281);
#279 = CARTESIAN_POINT('',(98.899999926814,-136.8999998233,1.585));
#280 = DIRECTION('',(0.,0.,-1.));
#281 = DIRECTION('',(-0.923880986636,0.382679921777,0.));
#282 = ORIENTED_EDGE('',*,*,#283,.T.);
#283 = EDGE_CURVE('',#275,#284,#286,.T.);
#284 = VERTEX_POINT('',#285);
#285 = CARTESIAN_POINT('',(98.96,-140.04,1.585));
#286 = LINE('',#287,#288);
#287 = CARTESIAN_POINT('',(98.96,-136.9,1.585));
#288 = VECTOR('',#289,1.);
#289 = DIRECTION('',(0.,-1.,0.));
#290 = ORIENTED_EDGE('',*,*,#291,.T.);
#291 = EDGE_CURVE('',#284,#292,#294,.T.);
#292 = VERTEX_POINT('',#293);
#293 = CARTESIAN_POINT('',(99.4,-140.04,1.585));
#294 = LINE('',#295,#296);
#295 = CARTESIAN_POINT('',(98.96,-140.04,1.585));
#296 = VECTOR('',#297,1.);
#297 = DIRECTION('',(1.,0.,0.));
#298 = ORIENTED_EDGE('',*,*,#299,.T.);
#299 = EDGE_CURVE('',#292,#300,#302,.T.);
#300 = VERTEX_POINT('',#301);
#301 = CARTESIAN_POINT('',(99.46,-140.1,1.585));
#302 = CIRCLE('',#303,5.999932016261E-02);
#303 = AXIS2_PLACEMENT_3D('',#304,#305,#306);
#304 = CARTESIAN_POINT('',(99.400000679841,-140.0999993201,1.585));
#305 = DIRECTION('',(0.,0.,-1.));
#306 = DIRECTION('',(-1.133081564772E-05,0.999999999936,0.));
#307 = ORIENTED_EDGE('',*,*,#308,.T.);
#308 = EDGE_CURVE('',#300,#309,#311,.T.);
#309 = VERTEX_POINT('',#310);
#310 = CARTESIAN_POINT('',(99.46,-142.54,1.585));
#311 = LINE('',#312,#313);
#312 = CARTESIAN_POINT('',(99.46,-140.1,1.585));
#313 = VECTOR('',#314,1.);
#314 = DIRECTION('',(0.,-1.,0.));
#315 = ORIENTED_EDGE('',*,*,#316,.T.);
#316 = EDGE_CURVE('',#309,#317,#319,.T.);
#317 = VERTEX_POINT('',#318);
#318 = CARTESIAN_POINT('',(104.54,-142.54,1.585));
#319 = LINE('',#320,#321);
#320 = CARTESIAN_POINT('',(99.46,-142.54,1.585));
#321 = VECTOR('',#322,1.);
#322 = DIRECTION('',(1.,0.,0.));
#323 = ORIENTED_EDGE('',*,*,#324,.T.);
#324 = EDGE_CURVE('',#317,#325,#327,.T.);
#325 = VERTEX_POINT('',#326);
#326 = CARTESIAN_POINT('',(104.54,-140.1,1.585));
#327 = LINE('',#328,#329);
#328 = CARTESIAN_POINT('',(104.54,-142.54,1.585));
#329 = VECTOR('',#330,1.);
#330 = DIRECTION('',(0.,1.,0.));
#331 = ORIENTED_EDGE('',*,*,#332,.T.);
#332 = EDGE_CURVE('',#325,#333,#335,.T.);
#333 = VERTEX_POINT('',#334);
#334 = CARTESIAN_POINT('',(104.6,-140.04,1.585));
#335 = CIRCLE('',#336,5.999932016263E-02);
#336 = AXIS2_PLACEMENT_3D('',#337,#338,#339);
#337 = CARTESIAN_POINT('',(104.59999932015,-140.0999993201,1.585));
#338 = DIRECTION('',(0.,0.,-1.));
#339 = DIRECTION('',(-0.999999999936,-1.133081564772E-05,-0.));
#340 = ORIENTED_EDGE('',*,*,#341,.T.);
#341 = EDGE_CURVE('',#333,#342,#344,.T.);
#342 = VERTEX_POINT('',#343);
#343 = CARTESIAN_POINT('',(105.04,-140.04,1.585));
#344 = LINE('',#345,#346);
#345 = CARTESIAN_POINT('',(104.6,-140.04,1.585));
#346 = VECTOR('',#347,1.);
#347 = DIRECTION('',(1.,0.,0.));
#348 = ORIENTED_EDGE('',*,*,#349,.T.);
#349 = EDGE_CURVE('',#342,#350,#352,.T.);
#350 = VERTEX_POINT('',#351);
#351 = CARTESIAN_POINT('',(105.04,-138.9,1.585));
#352 = LINE('',#353,#354);
#353 = CARTESIAN_POINT('',(105.04,-140.04,1.585));
#354 = VECTOR('',#355,1.);
#355 = DIRECTION('',(0.,1.,0.));
#356 = ORIENTED_EDGE('',*,*,#357,.T.);
#357 = EDGE_CURVE('',#350,#358,#360,.T.);
#358 = VERTEX_POINT('',#359);
#359 = CARTESIAN_POINT('',(105.1,-138.84,1.585));
#360 = CIRCLE('',#361,5.999932016257E-02);
#361 = AXIS2_PLACEMENT_3D('',#362,#363,#364);
#362 = CARTESIAN_POINT('',(105.09999932015,-138.8999993201,1.585));
#363 = DIRECTION('',(0.,0.,-1.));
#364 = DIRECTION('',(-0.999999999936,-1.133081659513E-05,-0.));
#365 = ORIENTED_EDGE('',*,*,#366,.T.);
#366 = EDGE_CURVE('',#358,#367,#369,.T.);
#367 = VERTEX_POINT('',#368);
#368 = CARTESIAN_POINT('',(107.1,-138.84,1.585));
#369 = LINE('',#370,#371);
#370 = CARTESIAN_POINT('',(105.1,-138.84,1.585));
#371 = VECTOR('',#372,1.);
#372 = DIRECTION('',(1.,0.,0.));
#373 = ORIENTED_EDGE('',*,*,#374,.T.);
#374 = EDGE_CURVE('',#367,#375,#377,.T.);
#375 = VERTEX_POINT('',#376);
#376 = CARTESIAN_POINT('',(107.1,-138.96,1.585));
#377 = CIRCLE('',#378,6.000000000043E-02);
#378 = AXIS2_PLACEMENT_3D('',#379,#380,#381);
#379 = CARTESIAN_POINT('',(107.10000022558,-138.9,1.585));
#380 = DIRECTION('',(0.,0.,-1.));
#381 = DIRECTION('',(-3.759794253684E-06,0.999999999993,-0.));
#382 = ORIENTED_EDGE('',*,*,#383,.T.);
#383 = EDGE_CURVE('',#375,#384,#386,.T.);
#384 = VERTEX_POINT('',#385);
#385 = CARTESIAN_POINT('',(105.16,-138.96,1.585));
#386 = LINE('',#387,#388);
#387 = CARTESIAN_POINT('',(107.1,-138.96,1.585));
#388 = VECTOR('',#389,1.);
#389 = DIRECTION('',(-1.,0.,0.));
#390 = ORIENTED_EDGE('',*,*,#391,.T.);
#391 = EDGE_CURVE('',#384,#392,#394,.T.);
#392 = VERTEX_POINT('',#393);
#393 = CARTESIAN_POINT('',(105.16,-140.1,1.585));
#394 = LINE('',#395,#396);
#395 = CARTESIAN_POINT('',(105.16,-138.96,1.585));
#396 = VECTOR('',#397,1.);
#397 = DIRECTION('',(0.,-1.,0.));
#398 = ORIENTED_EDGE('',*,*,#399,.T.);
#399 = EDGE_CURVE('',#392,#400,#402,.T.);
#400 = VERTEX_POINT('',#401);
#401 = CARTESIAN_POINT('',(105.1,-140.16,1.585));
#402 = CIRCLE('',#403,5.999932016257E-02);
#403 = AXIS2_PLACEMENT_3D('',#404,#405,#406);
#404 = CARTESIAN_POINT('',(105.10000067984,-140.1000006798,1.585));
#405 = DIRECTION('',(0.,0.,-1.));
#406 = DIRECTION('',(0.999999999936,1.133081659513E-05,0.));
#407 = ORIENTED_EDGE('',*,*,#408,.T.);
#408 = EDGE_CURVE('',#400,#409,#411,.T.);
#409 = VERTEX_POINT('',#410);
#410 = CARTESIAN_POINT('',(104.66,-140.16,1.585));
#411 = LINE('',#412,#413);
#412 = CARTESIAN_POINT('',(105.1,-140.16,1.585));
#413 = VECTOR('',#414,1.);
#414 = DIRECTION('',(-1.,0.,0.));
#415 = ORIENTED_EDGE('',*,*,#416,.T.);
#416 = EDGE_CURVE('',#409,#417,#419,.T.);
#417 = VERTEX_POINT('',#418);
#418 = CARTESIAN_POINT('',(104.66,-142.6,1.585));
#419 = LINE('',#420,#421);
#420 = CARTESIAN_POINT('',(104.66,-140.16,1.585));
#421 = VECTOR('',#422,1.);
#422 = DIRECTION('',(0.,-1.,0.));
#423 = ORIENTED_EDGE('',*,*,#424,.T.);
#424 = EDGE_CURVE('',#417,#425,#427,.T.);
#425 = VERTEX_POINT('',#426);
#426 = CARTESIAN_POINT('',(104.6,-142.66,1.585));
#427 = CIRCLE('',#428,5.999932016257E-02);
#428 = AXIS2_PLACEMENT_3D('',#429,#430,#431);
#429 = CARTESIAN_POINT('',(104.60000067984,-142.6000006798,1.585));
#430 = DIRECTION('',(0.,0.,-1.));
#431 = DIRECTION('',(0.999999999936,1.133081659513E-05,0.));
#432 = ORIENTED_EDGE('',*,*,#433,.T.);
#433 = EDGE_CURVE('',#425,#434,#436,.T.);
#434 = VERTEX_POINT('',#435);
#435 = CARTESIAN_POINT('',(99.4,-142.66,1.585));
#436 = LINE('',#437,#438);
#437 = CARTESIAN_POINT('',(104.6,-142.66,1.585));
#438 = VECTOR('',#439,1.);
#439 = DIRECTION('',(-1.,0.,0.));
#440 = ORIENTED_EDGE('',*,*,#441,.T.);
#441 = EDGE_CURVE('',#434,#442,#444,.T.);
#442 = VERTEX_POINT('',#443);
#443 = CARTESIAN_POINT('',(99.34,-142.6,1.585));
#444 = CIRCLE('',#445,5.999932016262E-02);
#445 = AXIS2_PLACEMENT_3D('',#446,#447,#448);
#446 = CARTESIAN_POINT('',(99.399999320159,-142.6000006798,1.585));
#447 = DIRECTION('',(0.,0.,-1.));
#448 = DIRECTION('',(1.133081564772E-05,-0.999999999936,0.));
#449 = ORIENTED_EDGE('',*,*,#450,.T.);
#450 = EDGE_CURVE('',#442,#451,#453,.T.);
#451 = VERTEX_POINT('',#452);
#452 = CARTESIAN_POINT('',(99.34,-140.16,1.585));
#453 = LINE('',#454,#455);
#454 = CARTESIAN_POINT('',(99.34,-142.6,1.585));
#455 = VECTOR('',#456,1.);
#456 = DIRECTION('',(0.,1.,0.));
#457 = ORIENTED_EDGE('',*,*,#458,.T.);
#458 = EDGE_CURVE('',#451,#459,#461,.T.);
#459 = VERTEX_POINT('',#460);
#460 = CARTESIAN_POINT('',(98.9,-140.16,1.585));
#461 = LINE('',#462,#463);
#462 = CARTESIAN_POINT('',(99.34,-140.16,1.585));
#463 = VECTOR('',#464,1.);
#464 = DIRECTION('',(-1.,0.,0.));
#465 = ORIENTED_EDGE('',*,*,#466,.T.);
#466 = EDGE_CURVE('',#459,#467,#469,.T.);
#467 = VERTEX_POINT('',#468);
#468 = CARTESIAN_POINT('',(98.84,-140.1,1.585));
#469 = CIRCLE('',#470,5.999932016262E-02);
#470 = AXIS2_PLACEMENT_3D('',#471,#472,#473);
#471 = CARTESIAN_POINT('',(98.899999320159,-140.1000006798,1.585));
#472 = DIRECTION('',(0.,0.,-1.));
#473 = DIRECTION('',(1.133081564772E-05,-0.999999999936,0.));
#474 = ORIENTED_EDGE('',*,*,#475,.T.);
#475 = EDGE_CURVE('',#467,#476,#478,.T.);
#476 = VERTEX_POINT('',#477);
#477 = CARTESIAN_POINT('',(98.84,-136.9,1.585));
#478 = LINE('',#479,#480);
#479 = CARTESIAN_POINT('',(98.84,-140.1,1.585));
#480 = VECTOR('',#481,1.);
#481 = DIRECTION('',(0.,1.,0.));
#482 = ORIENTED_EDGE('',*,*,#483,.T.);
#483 = EDGE_CURVE('',#476,#273,#484,.T.);
#484 = LINE('',#485,#486);
#485 = CARTESIAN_POINT('',(98.84,-136.9,1.585));
#486 = VECTOR('',#487,1.);
#487 = DIRECTION('',(0.195081000118,0.980787134598,0.));
#488 = PLANE('',#489);
#489 = AXIS2_PLACEMENT_3D('',#490,#491,#492);
#490 = CARTESIAN_POINT('',(0.,0.,1.585));
#491 = DIRECTION('',(0.,0.,1.));
#492 = DIRECTION('',(1.,0.,-0.));
#493 = SHELL_BASED_SURFACE_MODEL('',(#494));
#494 = OPEN_SHELL('',(#495));
#495 = ADVANCED_FACE('',(#496),#507,.T.);
#496 = FACE_BOUND('',#497,.T.);
#497 = EDGE_LOOP('',(#498));
#498 = ORIENTED_EDGE('',*,*,#499,.T.);
#499 = EDGE_CURVE('',#500,#500,#502,.T.);
#500 = VERTEX_POINT('',#501);
#501 = CARTESIAN_POINT('',(140.686011,-141.925823,1.585));
#502 = CIRCLE('',#503,0.503999);
#503 = AXIS2_PLACEMENT_3D('',#504,#505,#506);
#504 = CARTESIAN_POINT('',(140.182012,-141.925823,1.585));
#505 = DIRECTION('',(0.,0.,1.));
#506 = DIRECTION('',(1.,0.,-0.));
#507 = PLANE('',#508);
#508 = AXIS2_PLACEMENT_3D('',#509,#510,#511);
#509 = CARTESIAN_POINT('',(0.,0.,1.585));
#510 = DIRECTION('',(0.,0.,1.));
#511 = DIRECTION('',(1.,0.,-0.));
#512 = SHELL_BASED_SURFACE_MODEL('',(#513));
#513 = OPEN_SHELL('',(#514));
#514 = ADVANCED_FACE('',(#515),#551,.T.);
#515 = FACE_BOUND('',#516,.F.);
#516 = EDGE_LOOP('',(#517,#528,#536,#545));
#517 = ORIENTED_EDGE('',*,*,#518,.T.);
#518 = EDGE_CURVE('',#519,#521,#523,.T.);
#519 = VERTEX_POINT('',#520);
#520 = CARTESIAN_POINT('',(112.64,-141.645,1.585));
#521 = VERTEX_POINT('',#522);
#522 = CARTESIAN_POINT('',(112.64,-141.525,1.585));
#523 = CIRCLE('',#524,6.000000000042E-02);
#524 = AXIS2_PLACEMENT_3D('',#525,#526,#527);
#525 = CARTESIAN_POINT('',(112.63999977441,-141.585,1.585));
#526 = DIRECTION('',(0.,0.,-1.));
#527 = DIRECTION('',(3.75979377999E-06,-0.999999999993,0.));
#528 = ORIENTED_EDGE('',*,*,#529,.T.);
#529 = EDGE_CURVE('',#521,#530,#532,.T.);
#530 = VERTEX_POINT('',#531);
#531 = CARTESIAN_POINT('',(117.26,-141.525,1.585));
#532 = LINE('',#533,#534);
#533 = CARTESIAN_POINT('',(112.64,-141.525,1.585));
#534 = VECTOR('',#535,1.);
#535 = DIRECTION('',(1.,0.,0.));
#536 = ORIENTED_EDGE('',*,*,#537,.T.);
#537 = EDGE_CURVE('',#530,#538,#540,.T.);
#538 = VERTEX_POINT('',#539);
#539 = CARTESIAN_POINT('',(117.26,-141.645,1.585));
#540 = CIRCLE('',#541,6.000000000043E-02);
#541 = AXIS2_PLACEMENT_3D('',#542,#543,#544);
#542 = CARTESIAN_POINT('',(117.26000022558,-141.585,1.585));
#543 = DIRECTION('',(0.,0.,-1.));
#544 = DIRECTION('',(-3.759794016836E-06,0.999999999993,-0.));
#545 = ORIENTED_EDGE('',*,*,#546,.T.);
#546 = EDGE_CURVE('',#538,#519,#547,.T.);
#547 = LINE('',#548,#549);
#548 = CARTESIAN_POINT('',(117.26,-141.645,1.585));
#549 = VECTOR('',#550,1.);
#550 = DIRECTION('',(-1.,0.,0.));
#551 = PLANE('',#552);
#552 = AXIS2_PLACEMENT_3D('',#553,#554,#555);
#553 = CARTESIAN_POINT('',(0.,0.,1.585));
#554 = DIRECTION('',(0.,0.,1.));
#555 = DIRECTION('',(1.,0.,-0.));
#556 = SHELL_BASED_SURFACE_MODEL('',(#557));
#557 = OPEN_SHELL('',(#558));
#558 = ADVANCED_FACE('',(#559),#595,.T.);
#559 = FACE_BOUND('',#560,.F.);
#560 = EDGE_LOOP('',(#561,#572,#580,#589));
#561 = ORIENTED_EDGE('',*,*,#562,.T.);
#562 = EDGE_CURVE('',#563,#565,#567,.T.);
#563 = VERTEX_POINT('',#564);
#564 = CARTESIAN_POINT('',(109.216233,-140.395,1.585));
#565 = VERTEX_POINT('',#566);
#566 = CARTESIAN_POINT('',(109.216233,-140.275,1.585));
#567 = CIRCLE('',#568,6.000000000042E-02);
#568 = AXIS2_PLACEMENT_3D('',#569,#570,#571);
#569 = CARTESIAN_POINT('',(109.21623277441,-140.335,1.585));
#570 = DIRECTION('',(0.,0.,-1.));
#571 = DIRECTION('',(3.759794253685E-06,-0.999999999993,0.));
#572 = ORIENTED_EDGE('',*,*,#573,.T.);
#573 = EDGE_CURVE('',#565,#574,#576,.T.);
#574 = VERTEX_POINT('',#575);
#575 = CARTESIAN_POINT('',(109.508767,-140.275,1.585));
#576 = LINE('',#577,#578);
#577 = CARTESIAN_POINT('',(109.216233,-140.275,1.585));
#578 = VECTOR('',#579,1.);
#579 = DIRECTION('',(1.,0.,0.));
#580 = ORIENTED_EDGE('',*,*,#581,.T.);
#581 = EDGE_CURVE('',#574,#582,#584,.T.);
#582 = VERTEX_POINT('',#583);
#583 = CARTESIAN_POINT('',(109.508767,-140.395,1.585));
#584 = CIRCLE('',#585,6.000000000043E-02);
#585 = AXIS2_PLACEMENT_3D('',#586,#587,#588);
#586 = CARTESIAN_POINT('',(109.50876722558,-140.335,1.585));
#587 = DIRECTION('',(0.,0.,-1.));
#588 = DIRECTION('',(-3.759794016836E-06,0.999999999993,-0.));
#589 = ORIENTED_EDGE('',*,*,#590,.T.);
#590 = EDGE_CURVE('',#582,#563,#591,.T.);
#591 = LINE('',#592,#593);
#592 = CARTESIAN_POINT('',(109.508767,-140.395,1.585));
#593 = VECTOR('',#594,1.);
#594 = DIRECTION('',(-1.,0.,0.));
#595 = PLANE('',#596);
#596 = AXIS2_PLACEMENT_3D('',#597,#598,#599);
#597 = CARTESIAN_POINT('',(0.,0.,1.585));
#598 = DIRECTION('',(0.,0.,1.));
#599 = DIRECTION('',(1.,0.,-0.));
#600 = SHELL_BASED_SURFACE_MODEL('',(#601));
#601 = OPEN_SHELL('',(#602));
#602 = ADVANCED_FACE('',(#603),#968,.T.);
#603 = FACE_BOUND('',#604,.F.);
#604 = EDGE_LOOP('',(#605,#616,#624,#633,#641,#650,#658,#667,#675,#683,
    #691,#699,#707,#715,#723,#732,#740,#748,#757,#765,#774,#782,#791,
    #799,#807,#815,#824,#832,#841,#849,#858,#866,#874,#882,#890,#898,
    #906,#914,#922,#930,#938,#946,#954,#962));
#605 = ORIENTED_EDGE('',*,*,#606,.T.);
#606 = EDGE_CURVE('',#607,#609,#611,.T.);
#607 = VERTEX_POINT('',#608);
#608 = CARTESIAN_POINT('',(108.730119,-137.832281,1.585));
#609 = VERTEX_POINT('',#610);
#610 = CARTESIAN_POINT('',(109.189882,-137.835078,1.585));
#611 = CIRCLE('',#612,0.46078517582);
#612 = AXIS2_PLACEMENT_3D('',#613,#614,#615);
#613 = CARTESIAN_POINT('',(108.95757110897,-138.2330159702,1.585));
#614 = DIRECTION('',(0.,0.,-1.));
#615 = DIRECTION('',(-0.493618547009,0.869678521092,0.));
#616 = ORIENTED_EDGE('',*,*,#617,.T.);
#617 = EDGE_CURVE('',#609,#618,#620,.T.);
#618 = VERTEX_POINT('',#619);
#619 = CARTESIAN_POINT('',(109.258193,-137.903389,1.585));
#620 = LINE('',#621,#622);
#621 = CARTESIAN_POINT('',(109.189882,-137.835078,1.585));
#622 = VECTOR('',#623,1.);
#623 = DIRECTION('',(0.707106781187,-0.707106781186,0.));
#624 = ORIENTED_EDGE('',*,*,#625,.T.);
#625 = EDGE_CURVE('',#618,#626,#628,.T.);
#626 = VERTEX_POINT('',#627);
#627 = CARTESIAN_POINT('',(109.1428,-137.99809,1.585));
#628 = CIRCLE('',#629,7.500003178656E-02);
#629 = AXIS2_PLACEMENT_3D('',#630,#631,#632);
#630 = CARTESIAN_POINT('',(109.19583256212,-137.9450565,1.585));
#631 = DIRECTION('',(0.,0.,-1.));
#632 = DIRECTION('',(0.83147215258,0.555566431206,0.));
#633 = ORIENTED_EDGE('',*,*,#634,.T.);
#634 = EDGE_CURVE('',#626,#635,#637,.T.);
#635 = VERTEX_POINT('',#636);
#636 = CARTESIAN_POINT('',(109.1077,-137.96299,1.585));
#637 = LINE('',#638,#639);
#638 = CARTESIAN_POINT('',(109.1428,-137.99809,1.585));
#639 = VECTOR('',#640,1.);
#640 = DIRECTION('',(-0.707106781187,0.707106781187,0.));
#641 = ORIENTED_EDGE('',*,*,#642,.T.);
#642 = EDGE_CURVE('',#635,#643,#645,.T.);
#643 = VERTEX_POINT('',#644);
#644 = CARTESIAN_POINT('',(108.807776,-137.96299,1.585));
#645 = CIRCLE('',#646,0.299308637371);
#646 = AXIS2_PLACEMENT_3D('',#647,#648,#649);
#647 = CARTESIAN_POINT('',(108.957738,-138.222021,1.585));
#648 = DIRECTION('',(0.,0.,1.));
#649 = DIRECTION('',(0.501027973389,0.865431089043,-0.));
#650 = ORIENTED_EDGE('',*,*,#651,.T.);
#651 = EDGE_CURVE('',#643,#652,#654,.T.);
#652 = VERTEX_POINT('',#653);
#653 = CARTESIAN_POINT('',(108.733663,-138.037103,1.585));
#654 = LINE('',#655,#656);
#655 = CARTESIAN_POINT('',(108.807776,-137.96299,1.585));
#656 = VECTOR('',#657,1.);
#657 = DIRECTION('',(-0.707106781186,-0.707106781187,0.));
#658 = ORIENTED_EDGE('',*,*,#659,.T.);
#659 = EDGE_CURVE('',#652,#660,#662,.T.);
#660 = VERTEX_POINT('',#661);
#661 = CARTESIAN_POINT('',(108.651786,-138.412013,1.585));
#662 = CIRCLE('',#663,0.611712714363);
#663 = AXIS2_PLACEMENT_3D('',#664,#665,#666);
#664 = CARTESIAN_POINT('',(109.26019127521,-138.3484876822,1.585));
#665 = DIRECTION('',(0.,0.,1.));
#666 = DIRECTION('',(-0.860744370444,0.509037453188,0.));
#667 = ORIENTED_EDGE('',*,*,#668,.T.);
#668 = EDGE_CURVE('',#660,#669,#671,.T.);
#669 = VERTEX_POINT('',#670);
#670 = CARTESIAN_POINT('',(108.695169,-138.585547,1.585));
#671 = LINE('',#672,#673);
#672 = CARTESIAN_POINT('',(108.651786,-138.412013,1.585));
#673 = VECTOR('',#674,1.);
#674 = DIRECTION('',(0.242532994208,-0.970143157849,0.));
#675 = ORIENTED_EDGE('',*,*,#676,.T.);
#676 = EDGE_CURVE('',#669,#677,#679,.T.);
#677 = VERTEX_POINT('',#678);
#678 = CARTESIAN_POINT('',(108.733663,-138.662534,1.585));
#679 = LINE('',#680,#681);
#680 = CARTESIAN_POINT('',(108.695169,-138.585547,1.585));
#681 = VECTOR('',#682,1.);
#682 = DIRECTION('',(0.447218242641,-0.894424867414,0.));
#683 = ORIENTED_EDGE('',*,*,#684,.T.);
#684 = EDGE_CURVE('',#677,#685,#687,.T.);
#685 = VERTEX_POINT('',#686);
#686 = CARTESIAN_POINT('',(108.753948,-138.682819,1.585));
#687 = LINE('',#688,#689);
#688 = CARTESIAN_POINT('',(108.733663,-138.662534,1.585));
#689 = VECTOR('',#690,1.);
#690 = DIRECTION('',(0.707106781186,-0.707106781187,0.));
#691 = ORIENTED_EDGE('',*,*,#692,.T.);
#692 = EDGE_CURVE('',#685,#693,#695,.T.);
#693 = VERTEX_POINT('',#694);
#694 = CARTESIAN_POINT('',(108.902712,-138.635548,1.585));
#695 = LINE('',#696,#697);
#696 = CARTESIAN_POINT('',(108.753948,-138.682819,1.585));
#697 = VECTOR('',#698,1.);
#698 = DIRECTION('',(0.95304232292,0.302837135643,0.));
#699 = ORIENTED_EDGE('',*,*,#700,.T.);
#700 = EDGE_CURVE('',#693,#701,#703,.T.);
#701 = VERTEX_POINT('',#702);
#702 = CARTESIAN_POINT('',(109.02182,-138.637018,1.585));
#703 = LINE('',#704,#705);
#704 = CARTESIAN_POINT('',(108.902712,-138.635548,1.585));
#705 = VECTOR('',#706,1.);
#706 = DIRECTION('',(0.999923849423,-1.234080043879E-02,0.));
#707 = ORIENTED_EDGE('',*,*,#708,.T.);
#708 = EDGE_CURVE('',#701,#709,#711,.T.);
#709 = VERTEX_POINT('',#710);
#710 = CARTESIAN_POINT('',(109.170023,-138.685651,1.585));
#711 = LINE('',#712,#713);
#712 = CARTESIAN_POINT('',(109.02182,-138.637018,1.585));
#713 = VECTOR('',#714,1.);
#714 = DIRECTION('',(0.950150074811,-0.311792936636,0.));
#715 = ORIENTED_EDGE('',*,*,#716,.T.);
#716 = EDGE_CURVE('',#709,#717,#719,.T.);
#717 = VERTEX_POINT('',#718);
#718 = CARTESIAN_POINT('',(109.181201,-138.681021,1.585));
#719 = LINE('',#720,#721);
#720 = CARTESIAN_POINT('',(109.170023,-138.685651,1.585));
#721 = VECTOR('',#722,1.);
#722 = DIRECTION('',(0.923881846868,0.382677844965,0.));
#723 = ORIENTED_EDGE('',*,*,#724,.T.);
#724 = EDGE_CURVE('',#717,#725,#727,.T.);
#725 = VERTEX_POINT('',#726);
#726 = CARTESIAN_POINT('',(109.269392,-138.769211,1.585));
#727 = CIRCLE('',#728,7.499985247483E-02);
#728 = AXIS2_PLACEMENT_3D('',#729,#730,#731);
#729 = CARTESIAN_POINT('',(109.19583316652,-138.7545796675,1.585));
#730 = DIRECTION('',(0.,0.,-1.));
#731 = DIRECTION('',(-0.195095937398,0.980784163418,0.));
#732 = ORIENTED_EDGE('',*,*,#733,.T.);
#733 = EDGE_CURVE('',#725,#734,#736,.T.);
#734 = VERTEX_POINT('',#735);
#735 = CARTESIAN_POINT('',(109.264998,-138.779818,1.585));
#736 = LINE('',#737,#738);
#737 = CARTESIAN_POINT('',(109.269392,-138.769211,1.585));
#738 = VECTOR('',#739,1.);
#739 = DIRECTION('',(-0.382715901509,-0.923866082683,0.));
#740 = ORIENTED_EDGE('',*,*,#741,.T.);
#741 = EDGE_CURVE('',#734,#742,#744,.T.);
#742 = VERTEX_POINT('',#743);
#743 = CARTESIAN_POINT('',(109.269392,-138.790425,1.585));
#744 = LINE('',#745,#746);
#745 = CARTESIAN_POINT('',(109.264998,-138.779818,1.585));
#746 = VECTOR('',#747,1.);
#747 = DIRECTION('',(0.382715901509,-0.923866082683,0.));
#748 = ORIENTED_EDGE('',*,*,#749,.T.);
#749 = EDGE_CURVE('',#742,#750,#752,.T.);
#750 = VERTEX_POINT('',#751);
#751 = CARTESIAN_POINT('',(109.181201,-138.878616,1.585));
#752 = CIRCLE('',#753,7.500113396372E-02);
#753 = AXIS2_PLACEMENT_3D('',#754,#755,#756);
#754 = CARTESIAN_POINT('',(109.19583174261,-138.8050557426,1.585));
#755 = DIRECTION('',(0.,0.,-1.));
#756 = DIRECTION('',(0.980788602732,0.1950736188,0.));
#757 = ORIENTED_EDGE('',*,*,#758,.T.);
#758 = EDGE_CURVE('',#750,#759,#761,.T.);
#759 = VERTEX_POINT('',#760);
#760 = CARTESIAN_POINT('',(109.170024,-138.873986,1.585));
#761 = LINE('',#762,#763);
#762 = CARTESIAN_POINT('',(109.181201,-138.878616,1.585));
#763 = VECTOR('',#764,1.);
#764 = DIRECTION('',(-0.92386974176,0.382707068475,0.));
#765 = ORIENTED_EDGE('',*,*,#766,.T.);
#766 = EDGE_CURVE('',#759,#767,#769,.T.);
#767 = VERTEX_POINT('',#768);
#768 = CARTESIAN_POINT('',(108.753947,-138.876818,1.585));
#769 = CIRCLE('',#770,0.442819545488);
#770 = AXIS2_PLACEMENT_3D('',#771,#772,#773);
#771 = CARTESIAN_POINT('',(108.95932488959,-138.4845055322,1.585));
#772 = DIRECTION('',(-0.,0.,-1.));
#773 = DIRECTION('',(0.475812579988,-0.879546695022,-0.));
#774 = ORIENTED_EDGE('',*,*,#775,.T.);
#775 = EDGE_CURVE('',#767,#776,#778,.T.);
#776 = VERTEX_POINT('',#777);
#777 = CARTESIAN_POINT('',(108.733663,-138.897103,1.585));
#778 = LINE('',#779,#780);
#779 = CARTESIAN_POINT('',(108.753947,-138.876818,1.585));
#780 = VECTOR('',#781,1.);
#781 = DIRECTION('',(-0.70708935124,-0.707124210704,0.));
#782 = ORIENTED_EDGE('',*,*,#783,.T.);
#783 = EDGE_CURVE('',#776,#784,#786,.T.);
#784 = VERTEX_POINT('',#785);
#785 = CARTESIAN_POINT('',(108.651786,-139.272013,1.585));
#786 = CIRCLE('',#787,0.611712714363);
#787 = AXIS2_PLACEMENT_3D('',#788,#789,#790);
#788 = CARTESIAN_POINT('',(109.26019127521,-139.2084876822,1.585));
#789 = DIRECTION('',(0.,0.,1.));
#790 = DIRECTION('',(-0.860744370444,0.509037453188,0.));
#791 = ORIENTED_EDGE('',*,*,#792,.T.);
#792 = EDGE_CURVE('',#784,#793,#795,.T.);
#793 = VERTEX_POINT('',#794);
#794 = CARTESIAN_POINT('',(108.695169,-139.445547,1.585));
#795 = LINE('',#796,#797);
#796 = CARTESIAN_POINT('',(108.651786,-139.272013,1.585));
#797 = VECTOR('',#798,1.);
#798 = DIRECTION('',(0.242532994208,-0.970143157849,0.));
#799 = ORIENTED_EDGE('',*,*,#800,.T.);
#800 = EDGE_CURVE('',#793,#801,#803,.T.);
#801 = VERTEX_POINT('',#802);
#802 = CARTESIAN_POINT('',(108.733663,-139.522534,1.585));
#803 = LINE('',#804,#805);
#804 = CARTESIAN_POINT('',(108.695169,-139.445547,1.585));
#805 = VECTOR('',#806,1.);
#806 = DIRECTION('',(0.447218242641,-0.894424867414,0.));
#807 = ORIENTED_EDGE('',*,*,#808,.T.);
#808 = EDGE_CURVE('',#801,#809,#811,.T.);
#809 = VERTEX_POINT('',#810);
#810 = CARTESIAN_POINT('',(108.807776,-139.596648,1.585));
#811 = LINE('',#812,#813);
#812 = CARTESIAN_POINT('',(108.733663,-139.522534,1.585));
#813 = VECTOR('',#814,1.);
#814 = DIRECTION('',(0.707102010739,-0.707111551602,0.));
#815 = ORIENTED_EDGE('',*,*,#816,.T.);
#816 = EDGE_CURVE('',#809,#817,#819,.T.);
#817 = VERTEX_POINT('',#818);
#818 = CARTESIAN_POINT('',(109.1077,-139.596647,1.585));
#819 = CIRCLE('',#820,0.299305962385);
#820 = AXIS2_PLACEMENT_3D('',#821,#822,#823);
#821 = CARTESIAN_POINT('',(108.95773713635,-139.3376195909,1.585));
#822 = DIRECTION('',(0.,0.,1.));
#823 = DIRECTION('',(-0.501029565732,-0.865430167178,0.));
#824 = ORIENTED_EDGE('',*,*,#825,.T.);
#825 = EDGE_CURVE('',#817,#826,#828,.T.);
#826 = VERTEX_POINT('',#827);
#827 = CARTESIAN_POINT('',(109.154165,-139.55222,1.585));
#828 = LINE('',#829,#830);
#829 = CARTESIAN_POINT('',(109.1077,-139.596647,1.585));
#830 = VECTOR('',#831,1.);
#831 = DIRECTION('',(0.722780013658,0.691078180712,0.));
#832 = ORIENTED_EDGE('',*,*,#833,.T.);
#833 = EDGE_CURVE('',#826,#834,#836,.T.);
#834 = VERTEX_POINT('',#835);
#835 = CARTESIAN_POINT('',(109.248866,-139.667613,1.585));
#836 = CIRCLE('',#837,7.499993690111E-02);
#837 = AXIS2_PLACEMENT_3D('',#838,#839,#840);
#838 = CARTESIAN_POINT('',(109.1958332483,-139.6145798237,1.585));
#839 = DIRECTION('',(0.,0.,-1.));
#840 = DIRECTION('',(-0.555577111536,0.831465016184,0.));
#841 = ORIENTED_EDGE('',*,*,#842,.T.);
#842 = EDGE_CURVE('',#834,#843,#845,.T.);
#843 = VERTEX_POINT('',#844);
#844 = CARTESIAN_POINT('',(109.185356,-139.727357,1.585));
#845 = LINE('',#846,#847);
#846 = CARTESIAN_POINT('',(109.248866,-139.667613,1.585));
#847 = VECTOR('',#848,1.);
#848 = DIRECTION('',(-0.728372356766,-0.685181516023,0.));
#849 = ORIENTED_EDGE('',*,*,#850,.T.);
#850 = EDGE_CURVE('',#843,#851,#853,.T.);
#851 = VERTEX_POINT('',#852);
#852 = CARTESIAN_POINT('',(108.725594,-139.724561,1.585));
#853 = CIRCLE('',#854,0.461067828848);
#854 = AXIS2_PLACEMENT_3D('',#855,#856,#857);
#855 = CARTESIAN_POINT('',(108.95790551268,-139.3262961335,1.585));
#856 = DIRECTION('',(-0.,0.,-1.));
#857 = DIRECTION('',(0.493312421905,-0.869852202615,-0.));
#858 = ORIENTED_EDGE('',*,*,#859,.T.);
#859 = EDGE_CURVE('',#851,#860,#862,.T.);
#860 = VERTEX_POINT('',#861);
#861 = CARTESIAN_POINT('',(108.608905,-139.606798,1.585));
#862 = LINE('',#863,#864);
#863 = CARTESIAN_POINT('',(108.725594,-139.724561,1.585));
#864 = VECTOR('',#865,1.);
#865 = DIRECTION('',(-0.703860214178,0.710338510076,0.));
#866 = ORIENTED_EDGE('',*,*,#867,.T.);
#867 = EDGE_CURVE('',#860,#868,#870,.T.);
#868 = VERTEX_POINT('',#869);
#869 = CARTESIAN_POINT('',(108.551644,-139.489913,1.585));
#870 = LINE('',#871,#872);
#871 = CARTESIAN_POINT('',(108.608905,-139.606798,1.585));
#872 = VECTOR('',#873,1.);
#873 = DIRECTION('',(-0.439936873317,0.89802870082,0.));
#874 = ORIENTED_EDGE('',*,*,#875,.T.);
#875 = EDGE_CURVE('',#868,#876,#878,.T.);
#876 = VERTEX_POINT('',#877);
#877 = CARTESIAN_POINT('',(108.501786,-139.281247,1.585));
#878 = LINE('',#879,#880);
#879 = CARTESIAN_POINT('',(108.551644,-139.489913,1.585));
#880 = VECTOR('',#881,1.);
#881 = DIRECTION('',(-0.232395123349,0.972621461126,0.));
#882 = ORIENTED_EDGE('',*,*,#883,.T.);
#883 = EDGE_CURVE('',#876,#884,#886,.T.);
#884 = VERTEX_POINT('',#885);
#885 = CARTESIAN_POINT('',(108.504025,-139.1202,1.585));
#886 = LINE('',#887,#888);
#887 = CARTESIAN_POINT('',(108.501786,-139.281247,1.585));
#888 = VECTOR('',#889,1.);
#889 = DIRECTION('',(1.390143030568E-02,0.999903370449,0.));
#890 = ORIENTED_EDGE('',*,*,#891,.T.);
#891 = EDGE_CURVE('',#884,#892,#894,.T.);
#892 = VERTEX_POINT('',#893);
#893 = CARTESIAN_POINT('',(108.557323,-138.914373,1.585));
#894 = LINE('',#895,#896);
#895 = CARTESIAN_POINT('',(108.504025,-139.1202,1.585));
#896 = VECTOR('',#897,1.);
#897 = DIRECTION('',(0.250677645339,0.968070616292,0.));
#898 = ORIENTED_EDGE('',*,*,#899,.T.);
#899 = EDGE_CURVE('',#892,#900,#902,.T.);
#900 = VERTEX_POINT('',#901);
#901 = CARTESIAN_POINT('',(108.614272,-138.805392,1.585));
#902 = LINE('',#903,#904);
#903 = CARTESIAN_POINT('',(108.557323,-138.914373,1.585));
#904 = VECTOR('',#905,1.);
#905 = DIRECTION('',(0.463137057879,0.886286672369,0.));
#906 = ORIENTED_EDGE('',*,*,#907,.T.);
#907 = EDGE_CURVE('',#900,#908,#910,.T.);
#908 = VERTEX_POINT('',#909);
#909 = CARTESIAN_POINT('',(108.638815,-138.779818,1.585));
#910 = LINE('',#911,#912);
#911 = CARTESIAN_POINT('',(108.614272,-138.805392,1.585));
#912 = VECTOR('',#913,1.);
#913 = DIRECTION('',(0.692413778399,0.721500630272,0.));
#914 = ORIENTED_EDGE('',*,*,#915,.T.);
#915 = EDGE_CURVE('',#908,#916,#918,.T.);
#916 = VERTEX_POINT('',#917);
#917 = CARTESIAN_POINT('',(108.604942,-138.740502,1.585));
#918 = LINE('',#919,#920);
#919 = CARTESIAN_POINT('',(108.638815,-138.779818,1.585));
#920 = VECTOR('',#921,1.);
#921 = DIRECTION('',(-0.652717363248,0.757601507202,0.));
#922 = ORIENTED_EDGE('',*,*,#923,.T.);
#923 = EDGE_CURVE('',#916,#924,#926,.T.);
#924 = VERTEX_POINT('',#925);
#925 = CARTESIAN_POINT('',(108.551644,-138.629913,1.585));
#926 = LINE('',#927,#928);
#927 = CARTESIAN_POINT('',(108.604942,-138.740502,1.585));
#928 = VECTOR('',#929,1.);
#929 = DIRECTION('',(-0.434155780048,0.900837809293,0.));
#930 = ORIENTED_EDGE('',*,*,#931,.T.);
#931 = EDGE_CURVE('',#924,#932,#934,.T.);
#932 = VERTEX_POINT('',#933);
#933 = CARTESIAN_POINT('',(108.501786,-138.421247,1.585));
#934 = LINE('',#935,#936);
#935 = CARTESIAN_POINT('',(108.551644,-138.629913,1.585));
#936 = VECTOR('',#937,1.);
#937 = DIRECTION('',(-0.232395123349,0.972621461126,0.));
#938 = ORIENTED_EDGE('',*,*,#939,.T.);
#939 = EDGE_CURVE('',#932,#940,#942,.T.);
#940 = VERTEX_POINT('',#941);
#941 = CARTESIAN_POINT('',(108.504025,-138.2602,1.585));
#942 = LINE('',#943,#944);
#943 = CARTESIAN_POINT('',(108.501786,-138.421247,1.585));
#944 = VECTOR('',#945,1.);
#945 = DIRECTION('',(1.390143030568E-02,0.999903370449,0.));
#946 = ORIENTED_EDGE('',*,*,#947,.T.);
#947 = EDGE_CURVE('',#940,#948,#950,.T.);
#948 = VERTEX_POINT('',#949);
#949 = CARTESIAN_POINT('',(108.557323,-138.054373,1.585));
#950 = LINE('',#951,#952);
#951 = CARTESIAN_POINT('',(108.504025,-138.2602,1.585));
#952 = VECTOR('',#953,1.);
#953 = DIRECTION('',(0.250677645339,0.968070616292,0.));
#954 = ORIENTED_EDGE('',*,*,#955,.T.);
#955 = EDGE_CURVE('',#948,#956,#958,.T.);
#956 = VERTEX_POINT('',#957);
#957 = CARTESIAN_POINT('',(108.614272,-137.945392,1.585));
#958 = LINE('',#959,#960);
#959 = CARTESIAN_POINT('',(108.557323,-138.054373,1.585));
#960 = VECTOR('',#961,1.);
#961 = DIRECTION('',(0.463137057879,0.886286672369,0.));
#962 = ORIENTED_EDGE('',*,*,#963,.T.);
#963 = EDGE_CURVE('',#956,#607,#964,.T.);
#964 = LINE('',#965,#966);
#965 = CARTESIAN_POINT('',(108.614272,-137.945392,1.585));
#966 = VECTOR('',#967,1.);
#967 = DIRECTION('',(0.715505474306,0.698607125814,0.));
#968 = PLANE('',#969);
#969 = AXIS2_PLACEMENT_3D('',#970,#971,#972);
#970 = CARTESIAN_POINT('',(0.,0.,1.585));
#971 = DIRECTION('',(0.,0.,1.));
#972 = DIRECTION('',(1.,0.,-0.));
#973 = SHELL_BASED_SURFACE_MODEL('',(#974));
#974 = OPEN_SHELL('',(#975));
#975 = ADVANCED_FACE('',(#976,#1284),#1354,.T.);
#976 = FACE_BOUND('',#977,.F.);
#977 = EDGE_LOOP('',(#978,#989,#997,#1005,#1013,#1021,#1029,#1037,#1046,
    #1054,#1062,#1071,#1079,#1087,#1095,#1103,#1111,#1120,#1128,#1137,
    #1145,#1154,#1162,#1171,#1179,#1187,#1195,#1203,#1212,#1220,#1228,
    #1236,#1245,#1253,#1261,#1269,#1278));
#978 = ORIENTED_EDGE('',*,*,#979,.T.);
#979 = EDGE_CURVE('',#980,#982,#984,.T.);
#980 = VERTEX_POINT('',#981);
#981 = CARTESIAN_POINT('',(109.590864,-137.830356,1.585));
#982 = VERTEX_POINT('',#983);
#983 = CARTESIAN_POINT('',(110.100259,-137.839686,1.585));
#984 = CIRCLE('',#985,0.450326844012);
#985 = AXIS2_PLACEMENT_3D('',#986,#987,#988);
#986 = CARTESIAN_POINT('',(109.8387610301,-138.2063098919,1.585));
#987 = DIRECTION('',(0.,0.,-1.));
#988 = DIRECTION('',(-0.550482462684,0.834846727416,0.));
#989 = ORIENTED_EDGE('',*,*,#990,.T.);
#990 = EDGE_CURVE('',#982,#991,#993,.T.);
#991 = VERTEX_POINT('',#992);
#992 = CARTESIAN_POINT('',(110.163712,-137.905216,1.585));
#993 = LINE('',#994,#995);
#994 = CARTESIAN_POINT('',(110.100259,-137.839686,1.585));
#995 = VECTOR('',#996,1.);
#996 = DIRECTION('',(0.695630129574,-0.718400113327,0.));
#997 = ORIENTED_EDGE('',*,*,#998,.T.);
#998 = EDGE_CURVE('',#991,#999,#1001,.T.);
#999 = VERTEX_POINT('',#1000);
#1000 = CARTESIAN_POINT('',(110.221773,-138.025663,1.585));
#1001 = LINE('',#1002,#1003);
#1002 = CARTESIAN_POINT('',(110.163712,-137.905216,1.585));
#1003 = VECTOR('',#1004,1.);
#1004 = DIRECTION('',(0.434228424707,-0.900802794832,0.));
#1005 = ORIENTED_EDGE('',*,*,#1006,.T.);
#1006 = EDGE_CURVE('',#999,#1007,#1009,.T.);
#1007 = VERTEX_POINT('',#1008);
#1008 = CARTESIAN_POINT('',(110.221014,-138.151995,1.585));
#1009 = LINE('',#1010,#1011);
#1010 = CARTESIAN_POINT('',(110.221773,-138.025663,1.585));
#1011 = VECTOR('',#1012,1.);
#1012 = DIRECTION('',(-6.007870547546E-03,-0.999981952583,0.));
#1013 = ORIENTED_EDGE('',*,*,#1014,.T.);
#1014 = EDGE_CURVE('',#1007,#1015,#1017,.T.);
#1015 = VERTEX_POINT('',#1016);
#1016 = CARTESIAN_POINT('',(110.162956,-138.320058,1.585));
#1017 = LINE('',#1018,#1019);
#1018 = CARTESIAN_POINT('',(110.221014,-138.151995,1.585));
#1019 = VECTOR('',#1020,1.);
#1020 = DIRECTION('',(-0.326519613327,-0.945190426376,0.));
#1021 = ORIENTED_EDGE('',*,*,#1022,.T.);
#1022 = EDGE_CURVE('',#1015,#1023,#1025,.T.);
#1023 = VERTEX_POINT('',#1024);
#1024 = CARTESIAN_POINT('',(109.848892,-138.636159,1.585));
#1025 = LINE('',#1026,#1027);
#1026 = CARTESIAN_POINT('',(110.162956,-138.320058,1.585));
#1027 = VECTOR('',#1028,1.);
#1028 = DIRECTION('',(-0.704817385601,-0.709388788292,0.));
#1029 = ORIENTED_EDGE('',*,*,#1030,.T.);
#1030 = EDGE_CURVE('',#1023,#1031,#1033,.T.);
#1031 = VERTEX_POINT('',#1032);
#1032 = CARTESIAN_POINT('',(110.067608,-138.63626,1.585));
#1033 = LINE('',#1034,#1035);
#1034 = CARTESIAN_POINT('',(109.848892,-138.636159,1.585));
#1035 = VECTOR('',#1036,1.);
#1036 = DIRECTION('',(0.999999893377,-4.617860112285E-04,0.));
#1037 = ORIENTED_EDGE('',*,*,#1038,.T.);
#1038 = EDGE_CURVE('',#1031,#1039,#1041,.T.);
#1039 = VERTEX_POINT('',#1040);
#1040 = CARTESIAN_POINT('',(110.115336,-138.751487,1.585));
#1041 = CIRCLE('',#1042,7.500020751337E-02);
#1042 = AXIS2_PLACEMENT_3D('',#1043,#1044,#1045);
#1043 = CARTESIAN_POINT('',(110.05297568487,-138.709819,1.585));
#1044 = DIRECTION('',(0.,0.,-1.));
#1045 = DIRECTION('',(0.195096995257,0.98078395299,0.));
#1046 = ORIENTED_EDGE('',*,*,#1047,.T.);
#1047 = EDGE_CURVE('',#1039,#1048,#1050,.T.);
#1048 = VERTEX_POINT('',#1049);
#1049 = CARTESIAN_POINT('',(110.088271,-138.774819,1.585));
#1050 = LINE('',#1051,#1052);
#1051 = CARTESIAN_POINT('',(110.115336,-138.751487,1.585));
#1052 = VECTOR('',#1053,1.);
#1053 = DIRECTION('',(-0.757408529907,-0.65294128283,0.));
#1054 = ORIENTED_EDGE('',*,*,#1055,.T.);
#1055 = EDGE_CURVE('',#1048,#1056,#1058,.T.);
#1056 = VERTEX_POINT('',#1057);
#1057 = CARTESIAN_POINT('',(110.162846,-138.77626,1.585));
#1058 = LINE('',#1059,#1060);
#1059 = CARTESIAN_POINT('',(110.088271,-138.774819,1.585));
#1060 = VECTOR('',#1061,1.);
#1061 = DIRECTION('',(0.999813366394,-1.931922307708E-02,0.));
#1062 = ORIENTED_EDGE('',*,*,#1063,.T.);
#1063 = EDGE_CURVE('',#1056,#1064,#1066,.T.);
#1064 = VERTEX_POINT('',#1065);
#1065 = CARTESIAN_POINT('',(110.148214,-138.924819,1.585));
#1066 = CIRCLE('',#1067,7.500006711464E-02);
#1067 = AXIS2_PLACEMENT_3D('',#1068,#1069,#1070);
#1068 = CARTESIAN_POINT('',(110.14821406711,-138.8498189328,1.585));
#1069 = DIRECTION('',(0.,0.,-1.));
#1070 = DIRECTION('',(0.195092263891,0.980784894138,0.));
#1071 = ORIENTED_EDGE('',*,*,#1072,.T.);
#1072 = EDGE_CURVE('',#1064,#1073,#1075,.T.);
#1073 = VERTEX_POINT('',#1074);
#1074 = CARTESIAN_POINT('',(109.72994,-138.924819,1.585));
#1075 = LINE('',#1076,#1077);
#1076 = CARTESIAN_POINT('',(110.148214,-138.924819,1.585));
#1077 = VECTOR('',#1078,1.);
#1078 = DIRECTION('',(-1.,0.,0.));
#1079 = ORIENTED_EDGE('',*,*,#1080,.T.);
#1080 = EDGE_CURVE('',#1073,#1081,#1083,.T.);
#1081 = VERTEX_POINT('',#1082);
#1082 = CARTESIAN_POINT('',(109.694015,-138.978707,1.585));
#1083 = LINE('',#1084,#1085);
#1084 = CARTESIAN_POINT('',(109.72994,-138.924819,1.585));
#1085 = VECTOR('',#1086,1.);
#1086 = DIRECTION('',(-0.554696633049,-0.832052669777,0.));
#1087 = ORIENTED_EDGE('',*,*,#1088,.T.);
#1088 = EDGE_CURVE('',#1081,#1089,#1091,.T.);
#1089 = VERTEX_POINT('',#1090);
#1090 = CARTESIAN_POINT('',(109.675491,-139.052804,1.585));
#1091 = LINE('',#1092,#1093);
#1092 = CARTESIAN_POINT('',(109.694015,-138.978707,1.585));
#1093 = VECTOR('',#1094,1.);
#1094 = DIRECTION('',(-0.242532544357,-0.97014327031,0.));
#1095 = ORIENTED_EDGE('',*,*,#1096,.T.);
#1096 = EDGE_CURVE('',#1089,#1097,#1099,.T.);
#1097 = VERTEX_POINT('',#1098);
#1098 = CARTESIAN_POINT('',(109.75263,-139.017212,1.585));
#1099 = LINE('',#1100,#1101);
#1100 = CARTESIAN_POINT('',(109.675491,-139.052804,1.585));
#1101 = VECTOR('',#1102,1.);
#1102 = DIRECTION('',(0.90800692221,0.418955163734,0.));
#1103 = ORIENTED_EDGE('',*,*,#1104,.T.);
#1104 = EDGE_CURVE('',#1097,#1105,#1107,.T.);
#1105 = VERTEX_POINT('',#1106);
#1106 = CARTESIAN_POINT('',(109.977547,-139.018434,1.585));
#1107 = LINE('',#1108,#1109);
#1108 = CARTESIAN_POINT('',(109.75263,-139.017212,1.585));
#1109 = VECTOR('',#1110,1.);
#1110 = DIRECTION('',(0.999985240956,-5.433035139454E-03,0.));
#1111 = ORIENTED_EDGE('',*,*,#1112,.T.);
#1112 = EDGE_CURVE('',#1105,#1113,#1115,.T.);
#1113 = VERTEX_POINT('',#1114);
#1114 = CARTESIAN_POINT('',(110.221773,-139.266615,1.585));
#1115 = CIRCLE('',#1116,0.348625649748);
#1116 = AXIS2_PLACEMENT_3D('',#1117,#1118,#1119);
#1117 = CARTESIAN_POINT('',(109.88437504586,-139.3543786838,1.585));
#1118 = DIRECTION('',(0.,0.,-1.));
#1119 = DIRECTION('',(0.267255017531,0.96362583797,0.));
#1120 = ORIENTED_EDGE('',*,*,#1121,.T.);
#1121 = EDGE_CURVE('',#1113,#1122,#1124,.T.);
#1122 = VERTEX_POINT('',#1123);
#1123 = CARTESIAN_POINT('',(110.220551,-139.539152,1.585));
#1124 = LINE('',#1125,#1126);
#1125 = CARTESIAN_POINT('',(110.221773,-139.266615,1.585));
#1126 = VECTOR('',#1127,1.);
#1127 = DIRECTION('',(-4.483749789516E-03,-0.999989947943,0.));
#1128 = ORIENTED_EDGE('',*,*,#1129,.T.);
#1129 = EDGE_CURVE('',#1122,#1130,#1132,.T.);
#1130 = VERTEX_POINT('',#1131);
#1131 = CARTESIAN_POINT('',(109.97237,-139.783378,1.585));
#1132 = CIRCLE('',#1133,0.348635327447);
#1133 = AXIS2_PLACEMENT_3D('',#1134,#1135,#1136);
#1134 = CARTESIAN_POINT('',(109.88459848129,-139.4459720841,1.585));
#1135 = DIRECTION('',(0.,0.,-1.));
#1136 = DIRECTION('',(0.963621561732,-0.267270435638,0.));
#1137 = ORIENTED_EDGE('',*,*,#1138,.T.);
#1138 = EDGE_CURVE('',#1130,#1139,#1141,.T.);
#1139 = VERTEX_POINT('',#1140);
#1140 = CARTESIAN_POINT('',(109.747452,-139.782156,1.585));
#1141 = LINE('',#1142,#1143);
#1142 = CARTESIAN_POINT('',(109.97237,-139.783378,1.585));
#1143 = VECTOR('',#1144,1.);
#1144 = DIRECTION('',(-0.999985241087,5.433010984541E-03,0.));
#1145 = ORIENTED_EDGE('',*,*,#1146,.T.);
#1146 = EDGE_CURVE('',#1139,#1147,#1149,.T.);
#1147 = VERTEX_POINT('',#1148);
#1148 = CARTESIAN_POINT('',(109.501786,-139.375,1.585));
#1149 = CIRCLE('',#1150,0.345266536171);
#1150 = AXIS2_PLACEMENT_3D('',#1151,#1152,#1153);
#1151 = CARTESIAN_POINT('',(109.83897620372,-139.4492411443,1.585));
#1152 = DIRECTION('',(0.,0.,-1.));
#1153 = DIRECTION('',(-0.265082752421,-0.964225665687,-0.));
#1154 = ORIENTED_EDGE('',*,*,#1155,.T.);
#1155 = EDGE_CURVE('',#1147,#1156,#1158,.T.);
#1156 = VERTEX_POINT('',#1157);
#1157 = CARTESIAN_POINT('',(109.216233,-139.375,1.585));
#1158 = LINE('',#1159,#1160);
#1159 = CARTESIAN_POINT('',(109.501786,-139.375,1.585));
#1160 = VECTOR('',#1161,1.);
#1161 = DIRECTION('',(-1.,0.,0.));
#1162 = ORIENTED_EDGE('',*,*,#1163,.T.);
#1163 = EDGE_CURVE('',#1156,#1164,#1166,.T.);
#1164 = VERTEX_POINT('',#1165);
#1165 = CARTESIAN_POINT('',(109.216233,-139.255,1.585));
#1166 = CIRCLE('',#1167,6.000000000042E-02);
#1167 = AXIS2_PLACEMENT_3D('',#1168,#1169,#1170);
#1168 = CARTESIAN_POINT('',(109.21623277441,-139.315,1.585));
#1169 = DIRECTION('',(0.,0.,-1.));
#1170 = DIRECTION('',(3.759794490531E-06,-0.999999999993,0.));
#1171 = ORIENTED_EDGE('',*,*,#1172,.T.);
#1172 = EDGE_CURVE('',#1164,#1173,#1175,.T.);
#1173 = VERTEX_POINT('',#1174);
#1174 = CARTESIAN_POINT('',(109.501786,-139.255,1.585));
#1175 = LINE('',#1176,#1177);
#1176 = CARTESIAN_POINT('',(109.216233,-139.255,1.585));
#1177 = VECTOR('',#1178,1.);
#1178 = DIRECTION('',(1.,0.,0.));
#1179 = ORIENTED_EDGE('',*,*,#1180,.T.);
#1180 = EDGE_CURVE('',#1173,#1181,#1183,.T.);
#1181 = VERTEX_POINT('',#1182);
#1182 = CARTESIAN_POINT('',(109.504025,-139.1202,1.585));
#1183 = LINE('',#1184,#1185);
#1184 = CARTESIAN_POINT('',(109.501786,-139.255,1.585));
#1185 = VECTOR('',#1186,1.);
#1186 = DIRECTION('',(1.660750156093E-02,0.999862085936,0.));
#1187 = ORIENTED_EDGE('',*,*,#1188,.T.);
#1188 = EDGE_CURVE('',#1181,#1189,#1191,.T.);
#1189 = VERTEX_POINT('',#1190);
#1190 = CARTESIAN_POINT('',(109.553396,-138.924819,1.585));
#1191 = LINE('',#1192,#1193);
#1192 = CARTESIAN_POINT('',(109.504025,-139.1202,1.585));
#1193 = VECTOR('',#1194,1.);
#1194 = DIRECTION('',(0.244990276555,0.96952553571,0.));
#1195 = ORIENTED_EDGE('',*,*,#1196,.T.);
#1196 = EDGE_CURVE('',#1189,#1197,#1199,.T.);
#1197 = VERTEX_POINT('',#1198);
#1198 = CARTESIAN_POINT('',(109.514535,-138.923378,1.585));
#1199 = LINE('',#1200,#1201);
#1200 = CARTESIAN_POINT('',(109.553396,-138.924819,1.585));
#1201 = VECTOR('',#1202,1.);
#1202 = DIRECTION('',(-0.999313212408,3.705541131414E-02,0.));
#1203 = ORIENTED_EDGE('',*,*,#1204,.T.);
#1204 = EDGE_CURVE('',#1197,#1205,#1207,.T.);
#1205 = VERTEX_POINT('',#1206);
#1206 = CARTESIAN_POINT('',(109.476134,-138.796786,1.585));
#1207 = CIRCLE('',#1208,7.500021013113E-02);
#1208 = AXIS2_PLACEMENT_3D('',#1209,#1210,#1211);
#1209 = CARTESIAN_POINT('',(109.5291673167,-138.8498189976,1.585));
#1210 = DIRECTION('',(0.,0.,-1.));
#1211 = DIRECTION('',(-0.195097009436,-0.980783950169,-0.));
#1212 = ORIENTED_EDGE('',*,*,#1213,.T.);
#1213 = EDGE_CURVE('',#1205,#1214,#1216,.T.);
#1214 = VERTEX_POINT('',#1215);
#1215 = CARTESIAN_POINT('',(110.035042,-138.237876,1.585));
#1216 = LINE('',#1217,#1218);
#1217 = CARTESIAN_POINT('',(109.476134,-138.796786,1.585));
#1218 = VECTOR('',#1219,1.);
#1219 = DIRECTION('',(0.70710551603,0.707108046341,0.));
#1220 = ORIENTED_EDGE('',*,*,#1221,.T.);
#1221 = EDGE_CURVE('',#1214,#1222,#1224,.T.);
#1222 = VERTEX_POINT('',#1223);
#1223 = CARTESIAN_POINT('',(110.073214,-138.123363,1.585));
#1224 = LINE('',#1225,#1226);
#1225 = CARTESIAN_POINT('',(110.035042,-138.237876,1.585));
#1226 = VECTOR('',#1227,1.);
#1227 = DIRECTION('',(0.31623522204,0.948680812677,0.));
#1228 = ORIENTED_EDGE('',*,*,#1229,.T.);
#1229 = EDGE_CURVE('',#1222,#1230,#1232,.T.);
#1230 = VERTEX_POINT('',#1231);
#1231 = CARTESIAN_POINT('',(110.073214,-138.058,1.585));
#1232 = LINE('',#1233,#1234);
#1233 = CARTESIAN_POINT('',(110.073214,-138.123363,1.585));
#1234 = VECTOR('',#1235,1.);
#1235 = DIRECTION('',(0.,1.,0.));
#1236 = ORIENTED_EDGE('',*,*,#1237,.T.);
#1237 = EDGE_CURVE('',#1230,#1238,#1240,.T.);
#1238 = VERTEX_POINT('',#1239);
#1239 = CARTESIAN_POINT('',(109.940033,-137.924819,1.585));
#1240 = CIRCLE('',#1241,0.18686440374);
#1241 = AXIS2_PLACEMENT_3D('',#1242,#1243,#1244);
#1242 = CARTESIAN_POINT('',(109.892497,-138.105536,1.585));
#1243 = DIRECTION('',(0.,0.,1.));
#1244 = DIRECTION('',(0.967102328658,0.254387668537,-0.));
#1245 = ORIENTED_EDGE('',*,*,#1246,.T.);
#1246 = EDGE_CURVE('',#1238,#1247,#1249,.T.);
#1247 = VERTEX_POINT('',#1248);
#1248 = CARTESIAN_POINT('',(109.737348,-137.924819,1.585));
#1249 = LINE('',#1250,#1251);
#1250 = CARTESIAN_POINT('',(109.940033,-137.924819,1.585));
#1251 = VECTOR('',#1252,1.);
#1252 = DIRECTION('',(-1.,0.,0.));
#1253 = ORIENTED_EDGE('',*,*,#1254,.T.);
#1254 = EDGE_CURVE('',#1247,#1255,#1257,.T.);
#1255 = VERTEX_POINT('',#1256);
#1256 = CARTESIAN_POINT('',(109.668832,-137.959077,1.585));
#1257 = LINE('',#1258,#1259);
#1258 = CARTESIAN_POINT('',(109.737348,-137.924819,1.585));
#1259 = VECTOR('',#1260,1.);
#1260 = DIRECTION('',(-0.894427191,-0.4472135955,0.));
#1261 = ORIENTED_EDGE('',*,*,#1262,.T.);
#1262 = EDGE_CURVE('',#1255,#1263,#1265,.T.);
#1263 = VERTEX_POINT('',#1264);
#1264 = CARTESIAN_POINT('',(109.618454,-138.007417,1.585));
#1265 = LINE('',#1266,#1267);
#1266 = CARTESIAN_POINT('',(109.668832,-137.959077,1.585));
#1267 = VECTOR('',#1268,1.);
#1268 = DIRECTION('',(-0.721551016594,-0.692361271629,0.));
#1269 = ORIENTED_EDGE('',*,*,#1270,.T.);
#1270 = EDGE_CURVE('',#1263,#1271,#1273,.T.);
#1271 = VERTEX_POINT('',#1272);
#1272 = CARTESIAN_POINT('',(109.523753,-137.892024,1.585));
#1273 = CIRCLE('',#1274,7.499996838527E-02);
#1274 = AXIS2_PLACEMENT_3D('',#1275,#1276,#1277);
#1275 = CARTESIAN_POINT('',(109.576786,-137.9450569724,1.585));
#1276 = DIRECTION('',(0.,0.,-1.));
#1277 = DIRECTION('',(0.555573567524,-0.831467384248,0.));
#1278 = ORIENTED_EDGE('',*,*,#1279,.T.);
#1279 = EDGE_CURVE('',#1271,#980,#1280,.T.);
#1280 = LINE('',#1281,#1282);
#1281 = CARTESIAN_POINT('',(109.523753,-137.892024,1.585));
#1282 = VECTOR('',#1283,1.);
#1283 = DIRECTION('',(0.736336089652,0.676615964248,0.));
#1284 = FACE_BOUND('',#1285,.F.);
#1285 = EDGE_LOOP('',(#1286,#1297,#1305,#1314,#1322,#1331,#1339,#1348));
#1286 = ORIENTED_EDGE('',*,*,#1287,.T.);
#1287 = EDGE_CURVE('',#1288,#1290,#1292,.T.);
#1288 = VERTEX_POINT('',#1289);
#1289 = CARTESIAN_POINT('',(110.008549,-139.200029,1.585));
#1290 = VERTEX_POINT('',#1291);
#1291 = CARTESIAN_POINT('',(109.716451,-139.200029,1.585));
#1292 = CIRCLE('',#1293,0.252889603602);
#1293 = AXIS2_PLACEMENT_3D('',#1294,#1295,#1296);
#1294 = CARTESIAN_POINT('',(109.8625,-139.406482,1.585));
#1295 = DIRECTION('',(0.,0.,1.));
#1296 = DIRECTION('',(0.577520775547,0.816375988018,-0.));
#1297 = ORIENTED_EDGE('',*,*,#1298,.T.);
#1298 = EDGE_CURVE('',#1290,#1299,#1301,.T.);
#1299 = VERTEX_POINT('',#1300);
#1300 = CARTESIAN_POINT('',(109.686044,-139.230436,1.585));
#1301 = LINE('',#1302,#1303);
#1302 = CARTESIAN_POINT('',(109.716451,-139.200029,1.585));
#1303 = VECTOR('',#1304,1.);
#1304 = DIRECTION('',(-0.707106781187,-0.707106781186,0.));
#1305 = ORIENTED_EDGE('',*,*,#1306,.T.);
#1306 = EDGE_CURVE('',#1299,#1307,#1309,.T.);
#1307 = VERTEX_POINT('',#1308);
#1308 = CARTESIAN_POINT('',(109.686044,-139.570153,1.585));
#1309 = CIRCLE('',#1310,0.305621483548);
#1310 = AXIS2_PLACEMENT_3D('',#1311,#1312,#1313);
#1311 = CARTESIAN_POINT('',(109.940116,-139.4002945,1.585));
#1312 = DIRECTION('',(0.,0.,1.));
#1313 = DIRECTION('',(-0.831328992485,0.555780627814,0.));
#1314 = ORIENTED_EDGE('',*,*,#1315,.T.);
#1315 = EDGE_CURVE('',#1307,#1316,#1318,.T.);
#1316 = VERTEX_POINT('',#1317);
#1317 = CARTESIAN_POINT('',(109.716451,-139.600561,1.585));
#1318 = LINE('',#1319,#1320);
#1319 = CARTESIAN_POINT('',(109.686044,-139.570153,1.585));
#1320 = VECTOR('',#1321,1.);
#1321 = DIRECTION('',(0.707095153914,-0.707118408268,0.));
#1322 = ORIENTED_EDGE('',*,*,#1323,.T.);
#1323 = EDGE_CURVE('',#1316,#1324,#1326,.T.);
#1324 = VERTEX_POINT('',#1325);
#1325 = CARTESIAN_POINT('',(110.008548,-139.600561,1.585));
#1326 = CIRCLE('',#1327,0.252888498466);
#1327 = AXIS2_PLACEMENT_3D('',#1328,#1329,#1330);
#1328 = CARTESIAN_POINT('',(109.8624995,-139.394109,1.585));
#1329 = DIRECTION('',(0.,0.,1.));
#1330 = DIRECTION('',(-0.577521322188,-0.816375601313,0.));
#1331 = ORIENTED_EDGE('',*,*,#1332,.T.);
#1332 = EDGE_CURVE('',#1324,#1333,#1335,.T.);
#1333 = VERTEX_POINT('',#1334);
#1334 = CARTESIAN_POINT('',(110.038955,-139.570153,1.585));
#1335 = LINE('',#1336,#1337);
#1336 = CARTESIAN_POINT('',(110.008548,-139.600561,1.585));
#1337 = VECTOR('',#1338,1.);
#1338 = DIRECTION('',(0.707095153914,0.707118408268,0.));
#1339 = ORIENTED_EDGE('',*,*,#1340,.T.);
#1340 = EDGE_CURVE('',#1333,#1341,#1343,.T.);
#1341 = VERTEX_POINT('',#1342);
#1342 = CARTESIAN_POINT('',(110.038956,-139.230436,1.585));
#1343 = CIRCLE('',#1344,0.305616146029);
#1344 = AXIS2_PLACEMENT_3D('',#1345,#1346,#1347);
#1345 = CARTESIAN_POINT('',(109.78488992049,-139.4002937521,1.585));
#1346 = DIRECTION('',(0.,-0.,1.));
#1347 = DIRECTION('',(0.831320867071,-0.555792781505,-0.));
#1348 = ORIENTED_EDGE('',*,*,#1349,.T.);
#1349 = EDGE_CURVE('',#1341,#1288,#1350,.T.);
#1350 = LINE('',#1351,#1352);
#1351 = CARTESIAN_POINT('',(110.038956,-139.230436,1.585));
#1352 = VECTOR('',#1353,1.);
#1353 = DIRECTION('',(-0.707106781187,0.707106781187,0.));
#1354 = PLANE('',#1355);
#1355 = AXIS2_PLACEMENT_3D('',#1356,#1357,#1358);
#1356 = CARTESIAN_POINT('',(0.,0.,1.585));
#1357 = DIRECTION('',(0.,0.,1.));
#1358 = DIRECTION('',(1.,0.,-0.));
#1359 = SHELL_BASED_SURFACE_MODEL('',(#1360));
#1360 = OPEN_SHELL('',(#1361));
#1361 = ADVANCED_FACE('',(#1362),#1398,.T.);
#1362 = FACE_BOUND('',#1363,.F.);
#1363 = EDGE_LOOP('',(#1364,#1375,#1383,#1392));
#1364 = ORIENTED_EDGE('',*,*,#1365,.T.);
#1365 = EDGE_CURVE('',#1366,#1368,#1370,.T.);
#1366 = VERTEX_POINT('',#1367);
#1367 = CARTESIAN_POINT('',(109.216233,-138.395,1.585));
#1368 = VERTEX_POINT('',#1369);
#1369 = CARTESIAN_POINT('',(109.216233,-138.275,1.585));
#1370 = CIRCLE('',#1371,6.000000000042E-02);
#1371 = AXIS2_PLACEMENT_3D('',#1372,#1373,#1374);
#1372 = CARTESIAN_POINT('',(109.21623277441,-138.335,1.585));
#1373 = DIRECTION('',(0.,0.,-1.));
#1374 = DIRECTION('',(3.759794253685E-06,-0.999999999993,0.));
#1375 = ORIENTED_EDGE('',*,*,#1376,.T.);
#1376 = EDGE_CURVE('',#1368,#1377,#1379,.T.);
#1377 = VERTEX_POINT('',#1378);
#1378 = CARTESIAN_POINT('',(109.508767,-138.275,1.585));
#1379 = LINE('',#1380,#1381);
#1380 = CARTESIAN_POINT('',(109.216233,-138.275,1.585));
#1381 = VECTOR('',#1382,1.);
#1382 = DIRECTION('',(1.,0.,0.));
#1383 = ORIENTED_EDGE('',*,*,#1384,.T.);
#1384 = EDGE_CURVE('',#1377,#1385,#1387,.T.);
#1385 = VERTEX_POINT('',#1386);
#1386 = CARTESIAN_POINT('',(109.508767,-138.395,1.585));
#1387 = CIRCLE('',#1388,6.000000000043E-02);
#1388 = AXIS2_PLACEMENT_3D('',#1389,#1390,#1391);
#1389 = CARTESIAN_POINT('',(109.50876722558,-138.335,1.585));
#1390 = DIRECTION('',(0.,0.,-1.));
#1391 = DIRECTION('',(-3.759794016836E-06,0.999999999993,-0.));
#1392 = ORIENTED_EDGE('',*,*,#1393,.T.);
#1393 = EDGE_CURVE('',#1385,#1366,#1394,.T.);
#1394 = LINE('',#1395,#1396);
#1395 = CARTESIAN_POINT('',(109.508767,-138.395,1.585));
#1396 = VECTOR('',#1397,1.);
#1397 = DIRECTION('',(-1.,0.,0.));
#1398 = PLANE('',#1399);
#1399 = AXIS2_PLACEMENT_3D('',#1400,#1401,#1402);
#1400 = CARTESIAN_POINT('',(0.,0.,1.585));
#1401 = DIRECTION('',(0.,0.,1.));
#1402 = DIRECTION('',(1.,0.,-0.));
#1403 = SHELL_BASED_SURFACE_MODEL('',(#1404));
#1404 = OPEN_SHELL('',(#1405));
#1405 = ADVANCED_FACE('',(#1406,#1517),#1576,.T.);
#1406 = FACE_BOUND('',#1407,.F.);
#1407 = EDGE_LOOP('',(#1408,#1418,#1427,#1435,#1443,#1451,#1460,#1468,
    #1477,#1485,#1494,#1502,#1511));
#1408 = ORIENTED_EDGE('',*,*,#1409,.T.);
#1409 = EDGE_CURVE('',#1410,#1412,#1414,.T.);
#1410 = VERTEX_POINT('',#1411);
#1411 = CARTESIAN_POINT('',(145.123518,-137.568526,1.585));
#1412 = VERTEX_POINT('',#1413);
#1413 = CARTESIAN_POINT('',(145.494623,-137.310513,1.585));
#1414 = LINE('',#1415,#1416);
#1415 = CARTESIAN_POINT('',(145.123518,-137.568526,1.585));
#1416 = VECTOR('',#1417,1.);
#1417 = DIRECTION('',(0.821057638293,0.570845298309,0.));
#1418 = ORIENTED_EDGE('',*,*,#1419,.T.);
#1419 = EDGE_CURVE('',#1412,#1420,#1422,.T.);
#1420 = VERTEX_POINT('',#1421);
#1421 = CARTESIAN_POINT('',(145.567829,-137.440608,1.585));
#1422 = CIRCLE('',#1423,7.500005951702E-02);
#1423 = AXIS2_PLACEMENT_3D('',#1424,#1425,#1426);
#1424 = CARTESIAN_POINT('',(145.52481874739,-137.379165937,1.585));
#1425 = DIRECTION('',(0.,0.,-1.));
#1426 = DIRECTION('',(-0.402609645791,0.915371767707,-0.));
#1427 = ORIENTED_EDGE('',*,*,#1428,.T.);
#1428 = EDGE_CURVE('',#1420,#1429,#1431,.T.);
#1429 = VERTEX_POINT('',#1430);
#1430 = CARTESIAN_POINT('',(145.123628,-137.751548,1.585));
#1431 = LINE('',#1432,#1433);
#1432 = CARTESIAN_POINT('',(145.567829,-137.440608,1.585));
#1433 = VECTOR('',#1434,1.);
#1434 = DIRECTION('',(-0.819232527028,-0.573461477921,0.));
#1435 = ORIENTED_EDGE('',*,*,#1436,.T.);
#1436 = EDGE_CURVE('',#1429,#1437,#1439,.T.);
#1437 = VERTEX_POINT('',#1438);
#1438 = CARTESIAN_POINT('',(145.123628,-137.875594,1.585));
#1439 = LINE('',#1440,#1441);
#1440 = CARTESIAN_POINT('',(145.123628,-137.751548,1.585));
#1441 = VECTOR('',#1442,1.);
#1442 = DIRECTION('',(0.,-1.,0.));
#1443 = ORIENTED_EDGE('',*,*,#1444,.T.);
#1444 = EDGE_CURVE('',#1437,#1445,#1447,.T.);
#1445 = VERTEX_POINT('',#1446);
#1446 = CARTESIAN_POINT('',(145.539451,-137.877035,1.585));
#1447 = LINE('',#1448,#1449);
#1448 = CARTESIAN_POINT('',(145.123628,-137.875594,1.585));
#1449 = VECTOR('',#1450,1.);
#1450 = DIRECTION('',(0.999993995497,-3.465395967783E-03,0.));
#1451 = ORIENTED_EDGE('',*,*,#1452,.T.);
#1452 = EDGE_CURVE('',#1445,#1453,#1455,.T.);
#1453 = VERTEX_POINT('',#1454);
#1454 = CARTESIAN_POINT('',(145.524819,-138.025594,1.585));
#1455 = CIRCLE('',#1456,7.500006711464E-02);
#1456 = AXIS2_PLACEMENT_3D('',#1457,#1458,#1459);
#1457 = CARTESIAN_POINT('',(145.52481906711,-137.9505939328,1.585));
#1458 = DIRECTION('',(0.,0.,-1.));
#1459 = DIRECTION('',(0.195092263891,0.980784894138,0.));
#1460 = ORIENTED_EDGE('',*,*,#1461,.T.);
#1461 = EDGE_CURVE('',#1453,#1462,#1464,.T.);
#1462 = VERTEX_POINT('',#1463);
#1463 = CARTESIAN_POINT('',(144.510187,-138.024153,1.585));
#1464 = LINE('',#1465,#1466);
#1465 = CARTESIAN_POINT('',(145.524819,-138.025594,1.585));
#1466 = VECTOR('',#1467,1.);
#1467 = DIRECTION('',(-0.99999899149,1.420217918158E-03,0.));
#1468 = ORIENTED_EDGE('',*,*,#1469,.T.);
#1469 = EDGE_CURVE('',#1462,#1470,#1472,.T.);
#1470 = VERTEX_POINT('',#1471);
#1471 = CARTESIAN_POINT('',(144.449819,-137.950594,1.585));
#1472 = CIRCLE('',#1473,7.500074938987E-02);
#1473 = AXIS2_PLACEMENT_3D('',#1474,#1475,#1476);
#1474 = CARTESIAN_POINT('',(144.52481974938,-137.9505935338,1.585));
#1475 = DIRECTION('',(0.,0.,-1.));
#1476 = DIRECTION('',(-0.195101375752,-0.980783081614,-0.));
#1477 = ORIENTED_EDGE('',*,*,#1478,.T.);
#1478 = EDGE_CURVE('',#1470,#1479,#1481,.T.);
#1479 = VERTEX_POINT('',#1480);
#1480 = CARTESIAN_POINT('',(144.452482,-137.549833,1.585));
#1481 = LINE('',#1482,#1483);
#1482 = CARTESIAN_POINT('',(144.449819,-137.950594,1.585));
#1483 = VECTOR('',#1484,1.);
#1484 = DIRECTION('',(6.644711463246E-03,0.999977923661,0.));
#1485 = ORIENTED_EDGE('',*,*,#1486,.T.);
#1486 = EDGE_CURVE('',#1479,#1487,#1489,.T.);
#1487 = VERTEX_POINT('',#1488);
#1488 = CARTESIAN_POINT('',(144.700663,-137.305607,1.585));
#1489 = CIRCLE('',#1490,0.3486213829);
#1490 = AXIS2_PLACEMENT_3D('',#1491,#1492,#1493);
#1491 = CARTESIAN_POINT('',(144.78842322951,-137.6430014438,1.585));
#1492 = DIRECTION('',(0.,0.,-1.));
#1493 = DIRECTION('',(-0.963627723352,0.267248219429,0.));
#1494 = ORIENTED_EDGE('',*,*,#1495,.T.);
#1495 = EDGE_CURVE('',#1487,#1496,#1498,.T.);
#1496 = VERTEX_POINT('',#1497);
#1497 = CARTESIAN_POINT('',(144.872784,-137.305607,1.585));
#1498 = LINE('',#1499,#1500);
#1499 = CARTESIAN_POINT('',(144.700663,-137.305607,1.585));
#1500 = VECTOR('',#1501,1.);
#1501 = DIRECTION('',(1.,0.,0.));
#1502 = ORIENTED_EDGE('',*,*,#1503,.T.);
#1503 = EDGE_CURVE('',#1496,#1504,#1506,.T.);
#1504 = VERTEX_POINT('',#1505);
#1505 = CARTESIAN_POINT('',(145.122187,-137.55501,1.585));
#1506 = CIRCLE('',#1507,0.347870264855);
#1507 = AXIS2_PLACEMENT_3D('',#1508,#1509,#1510);
#1508 = CARTESIAN_POINT('',(144.78545626502,-137.6423377349,1.585));
#1509 = DIRECTION('',(0.,0.,-1.));
#1510 = DIRECTION('',(0.251035353678,0.967977918758,0.));
#1511 = ORIENTED_EDGE('',*,*,#1512,.T.);
#1512 = EDGE_CURVE('',#1504,#1410,#1513,.T.);
#1513 = LINE('',#1514,#1515);
#1514 = CARTESIAN_POINT('',(145.122187,-137.55501,1.585));
#1515 = VECTOR('',#1516,1.);
#1516 = DIRECTION('',(9.800184053854E-02,-0.995186233451,0.));
#1517 = FACE_BOUND('',#1518,.F.);
#1518 = EDGE_LOOP('',(#1519,#1530,#1538,#1546,#1554,#1562,#1570));
#1519 = ORIENTED_EDGE('',*,*,#1520,.T.);
#1520 = EDGE_CURVE('',#1521,#1523,#1525,.T.);
#1521 = VERTEX_POINT('',#1522);
#1522 = CARTESIAN_POINT('',(144.908963,-137.488424,1.585));
#1523 = VERTEX_POINT('',#1524);
#1524 = CARTESIAN_POINT('',(144.634077,-137.518831,1.585));
#1525 = CIRCLE('',#1526,0.198386215365);
#1526 = AXIS2_PLACEMENT_3D('',#1527,#1528,#1529);
#1527 = CARTESIAN_POINT('',(144.78715995783,-137.6450161753,1.585));
#1528 = DIRECTION('',(0.,0.,1.));
#1529 = DIRECTION('',(0.61396928178,0.789329919001,-0.));
#1530 = ORIENTED_EDGE('',*,*,#1531,.T.);
#1531 = EDGE_CURVE('',#1523,#1532,#1534,.T.);
#1532 = VERTEX_POINT('',#1533);
#1533 = CARTESIAN_POINT('',(144.599819,-137.587347,1.585));
#1534 = LINE('',#1535,#1536);
#1535 = CARTESIAN_POINT('',(144.634077,-137.518831,1.585));
#1536 = VECTOR('',#1537,1.);
#1537 = DIRECTION('',(-0.4472135955,-0.894427191,0.));
#1538 = ORIENTED_EDGE('',*,*,#1539,.T.);
#1539 = EDGE_CURVE('',#1532,#1540,#1542,.T.);
#1540 = VERTEX_POINT('',#1541);
#1541 = CARTESIAN_POINT('',(144.599819,-137.875594,1.585));
#1542 = LINE('',#1543,#1544);
#1543 = CARTESIAN_POINT('',(144.599819,-137.587347,1.585));
#1544 = VECTOR('',#1545,1.);
#1545 = DIRECTION('',(0.,-1.,0.));
#1546 = ORIENTED_EDGE('',*,*,#1547,.T.);
#1547 = EDGE_CURVE('',#1540,#1548,#1550,.T.);
#1548 = VERTEX_POINT('',#1549);
#1549 = CARTESIAN_POINT('',(144.973628,-137.875594,1.585));
#1550 = LINE('',#1551,#1552);
#1551 = CARTESIAN_POINT('',(144.599819,-137.875594,1.585));
#1552 = VECTOR('',#1553,1.);
#1553 = DIRECTION('',(1.,0.,0.));
#1554 = ORIENTED_EDGE('',*,*,#1555,.T.);
#1555 = EDGE_CURVE('',#1548,#1556,#1558,.T.);
#1556 = VERTEX_POINT('',#1557);
#1557 = CARTESIAN_POINT('',(144.973628,-137.587347,1.585));
#1558 = LINE('',#1559,#1560);
#1559 = CARTESIAN_POINT('',(144.973628,-137.875594,1.585));
#1560 = VECTOR('',#1561,1.);
#1561 = DIRECTION('',(0.,1.,0.));
#1562 = ORIENTED_EDGE('',*,*,#1563,.T.);
#1563 = EDGE_CURVE('',#1556,#1564,#1566,.T.);
#1564 = VERTEX_POINT('',#1565);
#1565 = CARTESIAN_POINT('',(144.93937,-137.518831,1.585));
#1566 = LINE('',#1567,#1568);
#1567 = CARTESIAN_POINT('',(144.973628,-137.587347,1.585));
#1568 = VECTOR('',#1569,1.);
#1569 = DIRECTION('',(-0.4472135955,0.894427191,0.));
#1570 = ORIENTED_EDGE('',*,*,#1571,.T.);
#1571 = EDGE_CURVE('',#1564,#1521,#1572,.T.);
#1572 = LINE('',#1573,#1574);
#1573 = CARTESIAN_POINT('',(144.93937,-137.518831,1.585));
#1574 = VECTOR('',#1575,1.);
#1575 = DIRECTION('',(-0.707106781187,0.707106781187,0.));
#1576 = PLANE('',#1577);
#1577 = AXIS2_PLACEMENT_3D('',#1578,#1579,#1580);
#1578 = CARTESIAN_POINT('',(0.,0.,1.585));
#1579 = DIRECTION('',(0.,0.,1.));
#1580 = DIRECTION('',(1.,0.,-0.));
#1581 = SHELL_BASED_SURFACE_MODEL('',(#1582));
#1582 = OPEN_SHELL('',(#1583));
#1583 = ADVANCED_FACE('',(#1584),#1628,.T.);
#1584 = FACE_BOUND('',#1585,.F.);
#1585 = EDGE_LOOP('',(#1586,#1597,#1605,#1614,#1622));
#1586 = ORIENTED_EDGE('',*,*,#1587,.T.);
#1587 = EDGE_CURVE('',#1588,#1590,#1592,.T.);
#1588 = VERTEX_POINT('',#1589);
#1589 = CARTESIAN_POINT('',(145.922067,-136.934815,1.585));
#1590 = VERTEX_POINT('',#1591);
#1591 = CARTESIAN_POINT('',(146.0375,-136.957776,1.585));
#1592 = CIRCLE('',#1593,6.000007318647E-02);
#1593 = AXIS2_PLACEMENT_3D('',#1594,#1595,#1596);
#1594 = CARTESIAN_POINT('',(145.97749992681,-136.9577758233,1.585));
#1595 = DIRECTION('',(0.,0.,-1.));
#1596 = DIRECTION('',(-0.923880986636,0.382679921777,0.));
#1597 = ORIENTED_EDGE('',*,*,#1598,.T.);
#1598 = EDGE_CURVE('',#1590,#1599,#1601,.T.);
#1599 = VERTEX_POINT('',#1600);
#1600 = CARTESIAN_POINT('',(146.0375,-137.467224,1.585));
#1601 = LINE('',#1602,#1603);
#1602 = CARTESIAN_POINT('',(146.0375,-136.957776,1.585));
#1603 = VECTOR('',#1604,1.);
#1604 = DIRECTION('',(0.,-1.,0.));
#1605 = ORIENTED_EDGE('',*,*,#1606,.T.);
#1606 = EDGE_CURVE('',#1599,#1607,#1609,.T.);
#1607 = VERTEX_POINT('',#1608);
#1608 = CARTESIAN_POINT('',(145.9175,-137.467224,1.585));
#1609 = CIRCLE('',#1610,6.000000000043E-02);
#1610 = AXIS2_PLACEMENT_3D('',#1611,#1612,#1613);
#1611 = CARTESIAN_POINT('',(145.9775,-137.4672242255,1.585));
#1612 = DIRECTION('',(0.,0.,-1.));
#1613 = DIRECTION('',(0.999999999993,3.759794253684E-06,0.));
#1614 = ORIENTED_EDGE('',*,*,#1615,.T.);
#1615 = EDGE_CURVE('',#1607,#1616,#1618,.T.);
#1616 = VERTEX_POINT('',#1617);
#1617 = CARTESIAN_POINT('',(145.9175,-136.957776,1.585));
#1618 = LINE('',#1619,#1620);
#1619 = CARTESIAN_POINT('',(145.9175,-137.467224,1.585));
#1620 = VECTOR('',#1621,1.);
#1621 = DIRECTION('',(0.,1.,0.));
#1622 = ORIENTED_EDGE('',*,*,#1623,.T.);
#1623 = EDGE_CURVE('',#1616,#1588,#1624,.T.);
#1624 = LINE('',#1625,#1626);
#1625 = CARTESIAN_POINT('',(145.9175,-136.957776,1.585));
#1626 = VECTOR('',#1627,1.);
#1627 = DIRECTION('',(0.195081000118,0.980787134598,0.));
#1628 = PLANE('',#1629);
#1629 = AXIS2_PLACEMENT_3D('',#1630,#1631,#1632);
#1630 = CARTESIAN_POINT('',(0.,0.,1.585));
#1631 = DIRECTION('',(0.,0.,1.));
#1632 = DIRECTION('',(1.,0.,-0.));
#1633 = SHELL_BASED_SURFACE_MODEL('',(#1634));
#1634 = OPEN_SHELL('',(#1635));
#1635 = ADVANCED_FACE('',(#1636),#1680,.T.);
#1636 = FACE_BOUND('',#1637,.F.);
#1637 = EDGE_LOOP('',(#1638,#1649,#1657,#1666,#1674));
#1638 = ORIENTED_EDGE('',*,*,#1639,.T.);
#1639 = EDGE_CURVE('',#1640,#1642,#1644,.T.);
#1640 = VERTEX_POINT('',#1641);
#1641 = CARTESIAN_POINT('',(146.967067,-136.934815,1.585));
#1642 = VERTEX_POINT('',#1643);
#1643 = CARTESIAN_POINT('',(147.0825,-136.957776,1.585));
#1644 = CIRCLE('',#1645,6.000007318649E-02);
#1645 = AXIS2_PLACEMENT_3D('',#1646,#1647,#1648);
#1646 = CARTESIAN_POINT('',(147.02249992681,-136.9577758233,1.585));
#1647 = DIRECTION('',(0.,0.,-1.));
#1648 = DIRECTION('',(-0.923880986636,0.382679921778,0.));
#1649 = ORIENTED_EDGE('',*,*,#1650,.T.);
#1650 = EDGE_CURVE('',#1642,#1651,#1653,.T.);
#1651 = VERTEX_POINT('',#1652);
#1652 = CARTESIAN_POINT('',(147.0825,-137.467224,1.585));
#1653 = LINE('',#1654,#1655);
#1654 = CARTESIAN_POINT('',(147.0825,-136.957776,1.585));
#1655 = VECTOR('',#1656,1.);
#1656 = DIRECTION('',(0.,-1.,0.));
#1657 = ORIENTED_EDGE('',*,*,#1658,.T.);
#1658 = EDGE_CURVE('',#1651,#1659,#1661,.T.);
#1659 = VERTEX_POINT('',#1660);
#1660 = CARTESIAN_POINT('',(146.9625,-137.467224,1.585));
#1661 = CIRCLE('',#1662,6.000000000042E-02);
#1662 = AXIS2_PLACEMENT_3D('',#1663,#1664,#1665);
#1663 = CARTESIAN_POINT('',(147.0225,-137.4672242255,1.585));
#1664 = DIRECTION('',(0.,0.,-1.));
#1665 = DIRECTION('',(0.999999999993,3.759794253685E-06,0.));
#1666 = ORIENTED_EDGE('',*,*,#1667,.T.);
#1667 = EDGE_CURVE('',#1659,#1668,#1670,.T.);
#1668 = VERTEX_POINT('',#1669);
#1669 = CARTESIAN_POINT('',(146.9625,-136.957776,1.585));
#1670 = LINE('',#1671,#1672);
#1671 = CARTESIAN_POINT('',(146.9625,-137.467224,1.585));
#1672 = VECTOR('',#1673,1.);
#1673 = DIRECTION('',(0.,1.,0.));
#1674 = ORIENTED_EDGE('',*,*,#1675,.T.);
#1675 = EDGE_CURVE('',#1668,#1640,#1676,.T.);
#1676 = LINE('',#1677,#1678);
#1677 = CARTESIAN_POINT('',(146.9625,-136.957776,1.585));
#1678 = VECTOR('',#1679,1.);
#1679 = DIRECTION('',(0.195081000117,0.980787134598,0.));
#1680 = PLANE('',#1681);
#1681 = AXIS2_PLACEMENT_3D('',#1682,#1683,#1684);
#1682 = CARTESIAN_POINT('',(0.,0.,1.585));
#1683 = DIRECTION('',(0.,0.,1.));
#1684 = DIRECTION('',(1.,0.,-0.));
#1685 = SHELL_BASED_SURFACE_MODEL('',(#1686));
#1686 = OPEN_SHELL('',(#1687));
#1687 = ADVANCED_FACE('',(#1688),#1724,.T.);
#1688 = FACE_BOUND('',#1689,.F.);
#1689 = EDGE_LOOP('',(#1690,#1701,#1709,#1718));
#1690 = ORIENTED_EDGE('',*,*,#1691,.T.);
#1691 = EDGE_CURVE('',#1692,#1694,#1696,.T.);
#1692 = VERTEX_POINT('',#1693);
#1693 = CARTESIAN_POINT('',(109.216233,-137.375,1.585));
#1694 = VERTEX_POINT('',#1695);
#1695 = CARTESIAN_POINT('',(109.216233,-137.255,1.585));
#1696 = CIRCLE('',#1697,6.000000000042E-02);
#1697 = AXIS2_PLACEMENT_3D('',#1698,#1699,#1700);
#1698 = CARTESIAN_POINT('',(109.21623277441,-137.315,1.585));
#1699 = DIRECTION('',(0.,0.,-1.));
#1700 = DIRECTION('',(3.759794490531E-06,-0.999999999993,0.));
#1701 = ORIENTED_EDGE('',*,*,#1702,.T.);
#1702 = EDGE_CURVE('',#1694,#1703,#1705,.T.);
#1703 = VERTEX_POINT('',#1704);
#1704 = CARTESIAN_POINT('',(109.508767,-137.255,1.585));
#1705 = LINE('',#1706,#1707);
#1706 = CARTESIAN_POINT('',(109.216233,-137.255,1.585));
#1707 = VECTOR('',#1708,1.);
#1708 = DIRECTION('',(1.,0.,0.));
#1709 = ORIENTED_EDGE('',*,*,#1710,.T.);
#1710 = EDGE_CURVE('',#1703,#1711,#1713,.T.);
#1711 = VERTEX_POINT('',#1712);
#1712 = CARTESIAN_POINT('',(109.508767,-137.375,1.585));
#1713 = CIRCLE('',#1714,6.000000000043E-02);
#1714 = AXIS2_PLACEMENT_3D('',#1715,#1716,#1717);
#1715 = CARTESIAN_POINT('',(109.50876722558,-137.315,1.585));
#1716 = DIRECTION('',(0.,0.,-1.));
#1717 = DIRECTION('',(-3.759794016836E-06,0.999999999993,-0.));
#1718 = ORIENTED_EDGE('',*,*,#1719,.T.);
#1719 = EDGE_CURVE('',#1711,#1692,#1720,.T.);
#1720 = LINE('',#1721,#1722);
#1721 = CARTESIAN_POINT('',(109.508767,-137.375,1.585));
#1722 = VECTOR('',#1723,1.);
#1723 = DIRECTION('',(-1.,0.,0.));
#1724 = PLANE('',#1725);
#1725 = AXIS2_PLACEMENT_3D('',#1726,#1727,#1728);
#1726 = CARTESIAN_POINT('',(0.,0.,1.585));
#1727 = DIRECTION('',(0.,0.,1.));
#1728 = DIRECTION('',(1.,0.,-0.));
#1729 = SHELL_BASED_SURFACE_MODEL('',(#1730));
#1730 = OPEN_SHELL('',(#1731));
#1731 = ADVANCED_FACE('',(#1732),#1768,.T.);
#1732 = FACE_BOUND('',#1733,.F.);
#1733 = EDGE_LOOP('',(#1734,#1745,#1753,#1762));
#1734 = ORIENTED_EDGE('',*,*,#1735,.T.);
#1735 = EDGE_CURVE('',#1736,#1738,#1740,.T.);
#1736 = VERTEX_POINT('',#1737);
#1737 = CARTESIAN_POINT('',(120.366233,-137.145,1.585));
#1738 = VERTEX_POINT('',#1739);
#1739 = CARTESIAN_POINT('',(120.366233,-137.025,1.585));
#1740 = CIRCLE('',#1741,6.000000000042E-02);
#1741 = AXIS2_PLACEMENT_3D('',#1742,#1743,#1744);
#1742 = CARTESIAN_POINT('',(120.36623277441,-137.085,1.585));
#1743 = DIRECTION('',(0.,0.,-1.));
#1744 = DIRECTION('',(3.75979377999E-06,-0.999999999993,0.));
#1745 = ORIENTED_EDGE('',*,*,#1746,.T.);
#1746 = EDGE_CURVE('',#1738,#1747,#1749,.T.);
#1747 = VERTEX_POINT('',#1748);
#1748 = CARTESIAN_POINT('',(120.658767,-137.025,1.585));
#1749 = LINE('',#1750,#1751);
#1750 = CARTESIAN_POINT('',(120.366233,-137.025,1.585));
#1751 = VECTOR('',#1752,1.);
#1752 = DIRECTION('',(1.,0.,0.));
#1753 = ORIENTED_EDGE('',*,*,#1754,.T.);
#1754 = EDGE_CURVE('',#1747,#1755,#1757,.T.);
#1755 = VERTEX_POINT('',#1756);
#1756 = CARTESIAN_POINT('',(120.658767,-137.145,1.585));
#1757 = CIRCLE('',#1758,6.000000000042E-02);
#1758 = AXIS2_PLACEMENT_3D('',#1759,#1760,#1761);
#1759 = CARTESIAN_POINT('',(120.65876722558,-137.085,1.585));
#1760 = DIRECTION('',(0.,0.,-1.));
#1761 = DIRECTION('',(-3.759794490531E-06,0.999999999993,-0.));
#1762 = ORIENTED_EDGE('',*,*,#1763,.T.);
#1763 = EDGE_CURVE('',#1755,#1736,#1764,.T.);
#1764 = LINE('',#1765,#1766);
#1765 = CARTESIAN_POINT('',(120.658767,-137.145,1.585));
#1766 = VECTOR('',#1767,1.);
#1767 = DIRECTION('',(-1.,0.,0.));
#1768 = PLANE('',#1769);
#1769 = AXIS2_PLACEMENT_3D('',#1770,#1771,#1772);
#1770 = CARTESIAN_POINT('',(0.,0.,1.585));
#1771 = DIRECTION('',(0.,0.,1.));
#1772 = DIRECTION('',(1.,0.,-0.));
#1773 = SHELL_BASED_SURFACE_MODEL('',(#1774));
#1774 = OPEN_SHELL('',(#1775));
#1775 = ADVANCED_FACE('',(#1776),#1910,.T.);
#1776 = FACE_BOUND('',#1777,.F.);
#1777 = EDGE_LOOP('',(#1778,#1789,#1797,#1806,#1814,#1822,#1830,#1838,
    #1847,#1855,#1863,#1871,#1880,#1888,#1896,#1904));
#1778 = ORIENTED_EDGE('',*,*,#1779,.T.);
#1779 = EDGE_CURVE('',#1780,#1782,#1784,.T.);
#1780 = VERTEX_POINT('',#1781);
#1781 = CARTESIAN_POINT('',(145.483151,-136.364425,1.585));
#1782 = VERTEX_POINT('',#1783);
#1783 = CARTESIAN_POINT('',(145.599819,-136.426785,1.585));
#1784 = CIRCLE('',#1785,7.500000000003E-02);
#1785 = AXIS2_PLACEMENT_3D('',#1786,#1787,#1788);
#1786 = CARTESIAN_POINT('',(145.524819,-136.4267850655,1.585));
#1787 = DIRECTION('',(0.,0.,-1.));
#1788 = DIRECTION('',(-0.555573333333,0.831467540731,0.));
#1789 = ORIENTED_EDGE('',*,*,#1790,.T.);
#1790 = EDGE_CURVE('',#1782,#1791,#1793,.T.);
#1791 = VERTEX_POINT('',#1792);
#1792 = CARTESIAN_POINT('',(145.598378,-137.012845,1.585));
#1793 = LINE('',#1794,#1795);
#1794 = CARTESIAN_POINT('',(145.599819,-136.426785,1.585));
#1795 = VECTOR('',#1796,1.);
#1796 = DIRECTION('',(-2.45878518261E-03,-0.999996977183,0.));
#1797 = ORIENTED_EDGE('',*,*,#1798,.T.);
#1798 = EDGE_CURVE('',#1791,#1799,#1801,.T.);
#1799 = VERTEX_POINT('',#1800);
#1800 = CARTESIAN_POINT('',(145.449819,-136.998213,1.585));
#1801 = CIRCLE('',#1802,7.500006711464E-02);
#1802 = AXIS2_PLACEMENT_3D('',#1803,#1804,#1805);
#1803 = CARTESIAN_POINT('',(145.52481906711,-136.9982130671,1.585));
#1804 = DIRECTION('',(-0.,0.,-1.));
#1805 = DIRECTION('',(0.980784894138,-0.195092263891,-0.));
#1806 = ORIENTED_EDGE('',*,*,#1807,.T.);
#1807 = EDGE_CURVE('',#1799,#1808,#1810,.T.);
#1808 = VERTEX_POINT('',#1809);
#1809 = CARTESIAN_POINT('',(145.449819,-136.787499,1.585));
#1810 = LINE('',#1811,#1812);
#1811 = CARTESIAN_POINT('',(145.449819,-136.998213,1.585));
#1812 = VECTOR('',#1813,1.);
#1813 = DIRECTION('',(0.,1.,0.));
#1814 = ORIENTED_EDGE('',*,*,#1815,.T.);
#1815 = EDGE_CURVE('',#1808,#1816,#1818,.T.);
#1816 = VERTEX_POINT('',#1817);
#1817 = CARTESIAN_POINT('',(144.753504,-136.787499,1.585));
#1818 = LINE('',#1819,#1820);
#1819 = CARTESIAN_POINT('',(145.449819,-136.787499,1.585));
#1820 = VECTOR('',#1821,1.);
#1821 = DIRECTION('',(-1.,0.,0.));
#1822 = ORIENTED_EDGE('',*,*,#1823,.T.);
#1823 = EDGE_CURVE('',#1816,#1824,#1826,.T.);
#1824 = VERTEX_POINT('',#1825);
#1825 = CARTESIAN_POINT('',(144.826033,-136.863139,1.585));
#1826 = LINE('',#1827,#1828);
#1827 = CARTESIAN_POINT('',(144.753504,-136.787499,1.585));
#1828 = VECTOR('',#1829,1.);
#1829 = DIRECTION('',(0.692107619701,-0.72179432164,0.));
#1830 = ORIENTED_EDGE('',*,*,#1831,.T.);
#1831 = EDGE_CURVE('',#1824,#1832,#1834,.T.);
#1832 = VERTEX_POINT('',#1833);
#1833 = CARTESIAN_POINT('',(144.88287,-136.978403,1.585));
#1834 = LINE('',#1835,#1836);
#1835 = CARTESIAN_POINT('',(144.826033,-136.863139,1.585));
#1836 = VECTOR('',#1837,1.);
#1837 = DIRECTION('',(0.442257930733,-0.896887909777,0.));
#1838 = ORIENTED_EDGE('',*,*,#1839,.T.);
#1839 = EDGE_CURVE('',#1832,#1840,#1842,.T.);
#1840 = VERTEX_POINT('',#1841);
#1841 = CARTESIAN_POINT('',(144.743451,-137.031754,1.585));
#1842 = CIRCLE('',#1843,7.50002944047E-02);
#1843 = AXIS2_PLACEMENT_3D('',#1844,#1845,#1846);
#1844 = CARTESIAN_POINT('',(144.81053305397,-136.9982123513,1.585));
#1845 = DIRECTION('',(0.,0.,-1.));
#1846 = DIRECTION('',(0.964488827732,0.264123647521,0.));
#1847 = ORIENTED_EDGE('',*,*,#1848,.T.);
#1848 = EDGE_CURVE('',#1840,#1849,#1851,.T.);
#1849 = VERTEX_POINT('',#1850);
#1850 = CARTESIAN_POINT('',(144.701275,-136.947402,1.585));
#1851 = LINE('',#1852,#1853);
#1852 = CARTESIAN_POINT('',(144.743451,-137.031754,1.585));
#1853 = VECTOR('',#1854,1.);
#1854 = DIRECTION('',(-0.4472135955,0.894427191,0.));
#1855 = ORIENTED_EDGE('',*,*,#1856,.T.);
#1856 = EDGE_CURVE('',#1849,#1857,#1859,.T.);
#1857 = VERTEX_POINT('',#1858);
#1858 = CARTESIAN_POINT('',(144.619894,-136.866021,1.585));
#1859 = LINE('',#1860,#1861);
#1860 = CARTESIAN_POINT('',(144.701275,-136.947402,1.585));
#1861 = VECTOR('',#1862,1.);
#1862 = DIRECTION('',(-0.707106781187,0.707106781187,0.));
#1863 = ORIENTED_EDGE('',*,*,#1864,.T.);
#1864 = EDGE_CURVE('',#1857,#1865,#1867,.T.);
#1865 = VERTEX_POINT('',#1866);
#1866 = CARTESIAN_POINT('',(144.471841,-136.765587,1.585));
#1867 = LINE('',#1868,#1869);
#1868 = CARTESIAN_POINT('',(144.619894,-136.866021,1.585));
#1869 = VECTOR('',#1870,1.);
#1870 = DIRECTION('',(-0.827555069925,0.561384544,0.));
#1871 = ORIENTED_EDGE('',*,*,#1872,.T.);
#1872 = EDGE_CURVE('',#1865,#1873,#1875,.T.);
#1873 = VERTEX_POINT('',#1874);
#1874 = CARTESIAN_POINT('',(144.524819,-136.637499,1.585));
#1875 = CIRCLE('',#1876,7.49999375171E-02);
#1876 = AXIS2_PLACEMENT_3D('',#1877,#1878,#1879);
#1877 = CARTESIAN_POINT('',(144.52481880902,-136.7124989375,1.585));
#1878 = DIRECTION('',(0.,0.,-1.));
#1879 = DIRECTION('',(-0.706371375515,-0.707841422815,-0.));
#1880 = ORIENTED_EDGE('',*,*,#1881,.T.);
#1881 = EDGE_CURVE('',#1873,#1882,#1884,.T.);
#1882 = VERTEX_POINT('',#1883);
#1883 = CARTESIAN_POINT('',(145.449819,-136.637499,1.585));
#1884 = LINE('',#1885,#1886);
#1885 = CARTESIAN_POINT('',(144.524819,-136.637499,1.585));
#1886 = VECTOR('',#1887,1.);
#1887 = DIRECTION('',(1.,0.,0.));
#1888 = ORIENTED_EDGE('',*,*,#1889,.T.);
#1889 = EDGE_CURVE('',#1882,#1890,#1892,.T.);
#1890 = VERTEX_POINT('',#1891);
#1891 = CARTESIAN_POINT('',(145.45126,-136.412153,1.585));
#1892 = LINE('',#1893,#1894);
#1893 = CARTESIAN_POINT('',(145.449819,-136.637499,1.585));
#1894 = VECTOR('',#1895,1.);
#1895 = DIRECTION('',(6.394480216655E-03,0.999979555102,0.));
#1896 = ORIENTED_EDGE('',*,*,#1897,.T.);
#1897 = EDGE_CURVE('',#1890,#1898,#1900,.T.);
#1898 = VERTEX_POINT('',#1899);
#1899 = CARTESIAN_POINT('',(145.462459,-136.385117,1.585));
#1900 = LINE('',#1901,#1902);
#1901 = CARTESIAN_POINT('',(145.45126,-136.412153,1.585));
#1902 = VECTOR('',#1903,1.);
#1903 = DIRECTION('',(0.38269282806,0.923875640631,0.));
#1904 = ORIENTED_EDGE('',*,*,#1905,.T.);
#1905 = EDGE_CURVE('',#1898,#1780,#1906,.T.);
#1906 = LINE('',#1907,#1908);
#1907 = CARTESIAN_POINT('',(145.462459,-136.385117,1.585));
#1908 = VECTOR('',#1909,1.);
#1909 = DIRECTION('',(0.707106781187,0.707106781187,0.));
#1910 = PLANE('',#1911);
#1911 = AXIS2_PLACEMENT_3D('',#1912,#1913,#1914);
#1912 = CARTESIAN_POINT('',(0.,0.,1.585));
#1913 = DIRECTION('',(0.,0.,1.));
#1914 = DIRECTION('',(1.,0.,-0.));
#1915 = SHELL_BASED_SURFACE_MODEL('',(#1916));
#1916 = OPEN_SHELL('',(#1917));
#1917 = ADVANCED_FACE('',(#1918),#1987,.T.);
#1918 = FACE_BOUND('',#1919,.F.);
#1919 = EDGE_LOOP('',(#1920,#1931,#1939,#1947,#1956,#1964,#1973,#1981));
#1920 = ORIENTED_EDGE('',*,*,#1921,.T.);
#1921 = EDGE_CURVE('',#1922,#1924,#1926,.T.);
#1922 = VERTEX_POINT('',#1923);
#1923 = CARTESIAN_POINT('',(105.044567,-129.777039,1.585));
#1924 = VERTEX_POINT('',#1925);
#1925 = CARTESIAN_POINT('',(105.16,-129.8,1.585));
#1926 = CIRCLE('',#1927,6.000007318647E-02);
#1927 = AXIS2_PLACEMENT_3D('',#1928,#1929,#1930);
#1928 = CARTESIAN_POINT('',(105.09999992681,-129.7999998233,1.585));
#1929 = DIRECTION('',(0.,0.,-1.));
#1930 = DIRECTION('',(-0.923880986637,0.382679921777,0.));
#1931 = ORIENTED_EDGE('',*,*,#1932,.T.);
#1932 = EDGE_CURVE('',#1924,#1933,#1935,.T.);
#1933 = VERTEX_POINT('',#1934);
#1934 = CARTESIAN_POINT('',(105.16,-136.24,1.585));
#1935 = LINE('',#1936,#1937);
#1936 = CARTESIAN_POINT('',(105.16,-129.8,1.585));
#1937 = VECTOR('',#1938,1.);
#1938 = DIRECTION('',(0.,-1.,0.));
#1939 = ORIENTED_EDGE('',*,*,#1940,.T.);
#1940 = EDGE_CURVE('',#1933,#1941,#1943,.T.);
#1941 = VERTEX_POINT('',#1942);
#1942 = CARTESIAN_POINT('',(107.1,-136.24,1.585));
#1943 = LINE('',#1944,#1945);
#1944 = CARTESIAN_POINT('',(105.16,-136.24,1.585));
#1945 = VECTOR('',#1946,1.);
#1946 = DIRECTION('',(1.,0.,0.));
#1947 = ORIENTED_EDGE('',*,*,#1948,.T.);
#1948 = EDGE_CURVE('',#1941,#1949,#1951,.T.);
#1949 = VERTEX_POINT('',#1950);
#1950 = CARTESIAN_POINT('',(107.1,-136.36,1.585));
#1951 = CIRCLE('',#1952,6.000000000043E-02);
#1952 = AXIS2_PLACEMENT_3D('',#1953,#1954,#1955);
#1953 = CARTESIAN_POINT('',(107.10000022558,-136.3,1.585));
#1954 = DIRECTION('',(0.,0.,-1.));
#1955 = DIRECTION('',(-3.759794253684E-06,0.999999999993,-0.));
#1956 = ORIENTED_EDGE('',*,*,#1957,.T.);
#1957 = EDGE_CURVE('',#1949,#1958,#1960,.T.);
#1958 = VERTEX_POINT('',#1959);
#1959 = CARTESIAN_POINT('',(105.1,-136.36,1.585));
#1960 = LINE('',#1961,#1962);
#1961 = CARTESIAN_POINT('',(107.1,-136.36,1.585));
#1962 = VECTOR('',#1963,1.);
#1963 = DIRECTION('',(-1.,0.,0.));
#1964 = ORIENTED_EDGE('',*,*,#1965,.T.);
#1965 = EDGE_CURVE('',#1958,#1966,#1968,.T.);
#1966 = VERTEX_POINT('',#1967);
#1967 = CARTESIAN_POINT('',(105.04,-136.3,1.585));
#1968 = CIRCLE('',#1969,5.999932016261E-02);
#1969 = AXIS2_PLACEMENT_3D('',#1970,#1971,#1972);
#1970 = CARTESIAN_POINT('',(105.09999932015,-136.3000006798,1.585));
#1971 = DIRECTION('',(0.,0.,-1.));
#1972 = DIRECTION('',(1.133081564772E-05,-0.999999999936,0.));
#1973 = ORIENTED_EDGE('',*,*,#1974,.T.);
#1974 = EDGE_CURVE('',#1966,#1975,#1977,.T.);
#1975 = VERTEX_POINT('',#1976);
#1976 = CARTESIAN_POINT('',(105.04,-129.8,1.585));
#1977 = LINE('',#1978,#1979);
#1978 = CARTESIAN_POINT('',(105.04,-136.3,1.585));
#1979 = VECTOR('',#1980,1.);
#1980 = DIRECTION('',(0.,1.,0.));
#1981 = ORIENTED_EDGE('',*,*,#1982,.T.);
#1982 = EDGE_CURVE('',#1975,#1922,#1983,.T.);
#1983 = LINE('',#1984,#1985);
#1984 = CARTESIAN_POINT('',(105.04,-129.8,1.585));
#1985 = VECTOR('',#1986,1.);
#1986 = DIRECTION('',(0.195081000118,0.980787134598,0.));
#1987 = PLANE('',#1988);
#1988 = AXIS2_PLACEMENT_3D('',#1989,#1990,#1991);
#1989 = CARTESIAN_POINT('',(0.,0.,1.585));
#1990 = DIRECTION('',(0.,0.,1.));
#1991 = DIRECTION('',(1.,0.,-0.));
#1992 = SHELL_BASED_SURFACE_MODEL('',(#1993));
#1993 = OPEN_SHELL('',(#1994));
#1994 = ADVANCED_FACE('',(#1995),#2180,.T.);
#1995 = FACE_BOUND('',#1996,.F.);
#1996 = EDGE_LOOP('',(#1997,#2008,#2016,#2025,#2033,#2042,#2050,#2058,
    #2066,#2075,#2083,#2092,#2100,#2109,#2117,#2125,#2133,#2141,#2149,
    #2157,#2165,#2174));
#1997 = ORIENTED_EDGE('',*,*,#1998,.T.);
#1998 = EDGE_CURVE('',#1999,#2001,#2003,.T.);
#1999 = VERTEX_POINT('',#2000);
#2000 = CARTESIAN_POINT('',(111.250889,-135.479306,1.585));
#2001 = VERTEX_POINT('',#2002);
#2002 = CARTESIAN_POINT('',(111.34559,-135.594699,1.585));
#2003 = CIRCLE('',#2004,7.500003178655E-02);
#2004 = AXIS2_PLACEMENT_3D('',#2005,#2006,#2007);
#2005 = CARTESIAN_POINT('',(111.2925565,-135.5416664378,1.585));
#2006 = DIRECTION('',(0.,0.,-1.));
#2007 = DIRECTION('',(-0.555566431206,0.83147215258,0.));
#2008 = ORIENTED_EDGE('',*,*,#2009,.T.);
#2009 = EDGE_CURVE('',#2001,#2010,#2012,.T.);
#2010 = VERTEX_POINT('',#2011);
#2011 = CARTESIAN_POINT('',(111.31049,-135.629798,1.585));
#2012 = LINE('',#2013,#2014);
#2013 = CARTESIAN_POINT('',(111.34559,-135.594699,1.585));
#2014 = VECTOR('',#2015,1.);
#2015 = DIRECTION('',(-0.707116854004,-0.707096708225,0.));
#2016 = ORIENTED_EDGE('',*,*,#2017,.T.);
#2017 = EDGE_CURVE('',#2010,#2018,#2020,.T.);
#2018 = VERTEX_POINT('',#2019);
#2019 = CARTESIAN_POINT('',(111.31049,-135.929723,1.585));
#2020 = CIRCLE('',#2021,0.299310989749);
#2021 = AXIS2_PLACEMENT_3D('',#2022,#2023,#2024);
#2022 = CARTESIAN_POINT('',(111.56952342868,-135.7797605,1.585));
#2023 = DIRECTION('',(0.,0.,1.));
#2024 = DIRECTION('',(-0.865432401617,0.501025706158,0.));
#2025 = ORIENTED_EDGE('',*,*,#2026,.T.);
#2026 = EDGE_CURVE('',#2018,#2027,#2029,.T.);
#2027 = VERTEX_POINT('',#2028);
#2028 = CARTESIAN_POINT('',(111.384603,-136.003836,1.585));
#2029 = LINE('',#2030,#2031);
#2030 = CARTESIAN_POINT('',(111.31049,-135.929723,1.585));
#2031 = VECTOR('',#2032,1.);
#2032 = DIRECTION('',(0.707106781186,-0.707106781187,0.));
#2033 = ORIENTED_EDGE('',*,*,#2034,.T.);
#2034 = EDGE_CURVE('',#2027,#2035,#2037,.T.);
#2035 = VERTEX_POINT('',#2036);
#2036 = CARTESIAN_POINT('',(111.759513,-136.085713,1.585));
#2037 = CIRCLE('',#2038,0.611738044646);
#2038 = AXIS2_PLACEMENT_3D('',#2039,#2040,#2041);
#2039 = CARTESIAN_POINT('',(111.69599337395,-135.4772816625,1.585));
#2040 = DIRECTION('',(0.,0.,1.));
#2041 = DIRECTION('',(-0.509025679674,-0.860751333099,0.));
#2042 = ORIENTED_EDGE('',*,*,#2043,.T.);
#2043 = EDGE_CURVE('',#2035,#2044,#2046,.T.);
#2044 = VERTEX_POINT('',#2045);
#2045 = CARTESIAN_POINT('',(111.933047,-136.042329,1.585));
#2046 = LINE('',#2047,#2048);
#2047 = CARTESIAN_POINT('',(111.759513,-136.085713,1.585));
#2048 = VECTOR('',#2049,1.);
#2049 = DIRECTION('',(0.970141842436,0.242538255859,0.));
#2050 = ORIENTED_EDGE('',*,*,#2051,.T.);
#2051 = EDGE_CURVE('',#2044,#2052,#2054,.T.);
#2052 = VERTEX_POINT('',#2053);
#2053 = CARTESIAN_POINT('',(112.010034,-136.003835,1.585));
#2054 = LINE('',#2055,#2056);
#2055 = CARTESIAN_POINT('',(111.933047,-136.042329,1.585));
#2056 = VECTOR('',#2057,1.);
#2057 = DIRECTION('',(0.894424867414,0.447218242641,0.));
#2058 = ORIENTED_EDGE('',*,*,#2059,.T.);
#2059 = EDGE_CURVE('',#2052,#2060,#2062,.T.);
#2060 = VERTEX_POINT('',#2061);
#2061 = CARTESIAN_POINT('',(112.084148,-135.929722,1.585));
#2062 = LINE('',#2063,#2064);
#2063 = CARTESIAN_POINT('',(112.010034,-136.003835,1.585));
#2064 = VECTOR('',#2065,1.);
#2065 = DIRECTION('',(0.707111551602,0.707102010739,0.));
#2066 = ORIENTED_EDGE('',*,*,#2067,.T.);
#2067 = EDGE_CURVE('',#2060,#2068,#2070,.T.);
#2068 = VERTEX_POINT('',#2069);
#2069 = CARTESIAN_POINT('',(112.084148,-135.629799,1.585));
#2070 = CIRCLE('',#2071,0.299306284995);
#2071 = AXIS2_PLACEMENT_3D('',#2072,#2073,#2074);
#2072 = CARTESIAN_POINT('',(111.82511942868,-135.7797605,1.585));
#2073 = DIRECTION('',(0.,-0.,1.));
#2074 = DIRECTION('',(0.865429776441,-0.501030240653,-0.));
#2075 = ORIENTED_EDGE('',*,*,#2076,.T.);
#2076 = EDGE_CURVE('',#2068,#2077,#2079,.T.);
#2077 = VERTEX_POINT('',#2078);
#2078 = CARTESIAN_POINT('',(112.03972,-135.583334,1.585));
#2079 = LINE('',#2080,#2081);
#2080 = CARTESIAN_POINT('',(112.084148,-135.629799,1.585));
#2081 = VECTOR('',#2082,1.);
#2082 = DIRECTION('',(-0.691086306874,0.72277224383,0.));
#2083 = ORIENTED_EDGE('',*,*,#2084,.T.);
#2084 = EDGE_CURVE('',#2077,#2085,#2087,.T.);
#2085 = VERTEX_POINT('',#2086);
#2086 = CARTESIAN_POINT('',(112.155112,-135.488632,1.585));
#2087 = CIRCLE('',#2088,7.499993690527E-02);
#2088 = AXIS2_PLACEMENT_3D('',#2089,#2090,#2091);
#2089 = CARTESIAN_POINT('',(112.10207982375,-135.5416657516,1.585));
#2090 = DIRECTION('',(0.,0.,-1.));
#2091 = DIRECTION('',(-0.831465016204,-0.555577111505,-0.));
#2092 = ORIENTED_EDGE('',*,*,#2093,.T.);
#2093 = EDGE_CURVE('',#2085,#2094,#2096,.T.);
#2094 = VERTEX_POINT('',#2095);
#2095 = CARTESIAN_POINT('',(112.214857,-135.552142,1.585));
#2096 = LINE('',#2097,#2098);
#2097 = CARTESIAN_POINT('',(112.155112,-135.488632,1.585));
#2098 = VECTOR('',#2099,1.);
#2099 = DIRECTION('',(0.685187600358,-0.72836663317,0.));
#2100 = ORIENTED_EDGE('',*,*,#2101,.T.);
#2101 = EDGE_CURVE('',#2094,#2102,#2104,.T.);
#2102 = VERTEX_POINT('',#2103);
#2103 = CARTESIAN_POINT('',(112.212061,-136.011905,1.585));
#2104 = CIRCLE('',#2105,0.461068563463);
#2105 = AXIS2_PLACEMENT_3D('',#2106,#2107,#2108);
#2106 = CARTESIAN_POINT('',(111.81379557362,-135.7795929891,1.585));
#2107 = DIRECTION('',(0.,0.,-1.));
#2108 = DIRECTION('',(0.869852031044,0.493312724435,0.));
#2109 = ORIENTED_EDGE('',*,*,#2110,.T.);
#2110 = EDGE_CURVE('',#2102,#2111,#2113,.T.);
#2111 = VERTEX_POINT('',#2112);
#2112 = CARTESIAN_POINT('',(112.094298,-136.128593,1.585));
#2113 = LINE('',#2114,#2115);
#2114 = CARTESIAN_POINT('',(112.212061,-136.011905,1.585));
#2115 = VECTOR('',#2116,1.);
#2116 = DIRECTION('',(-0.710341525922,-0.703857170561,0.));
#2117 = ORIENTED_EDGE('',*,*,#2118,.T.);
#2118 = EDGE_CURVE('',#2111,#2119,#2121,.T.);
#2119 = VERTEX_POINT('',#2120);
#2120 = CARTESIAN_POINT('',(111.977413,-136.185855,1.585));
#2121 = LINE('',#2122,#2123);
#2122 = CARTESIAN_POINT('',(112.094298,-136.128593,1.585));
#2123 = VECTOR('',#2124,1.);
#2124 = DIRECTION('',(-0.898025665436,-0.439943069292,0.));
#2125 = ORIENTED_EDGE('',*,*,#2126,.T.);
#2126 = EDGE_CURVE('',#2119,#2127,#2129,.T.);
#2127 = VERTEX_POINT('',#2128);
#2128 = CARTESIAN_POINT('',(111.768747,-136.235713,1.585));
#2129 = LINE('',#2130,#2131);
#2130 = CARTESIAN_POINT('',(111.977413,-136.185855,1.585));
#2131 = VECTOR('',#2132,1.);
#2132 = DIRECTION('',(-0.972621461126,-0.232395123349,0.));
#2133 = ORIENTED_EDGE('',*,*,#2134,.T.);
#2134 = EDGE_CURVE('',#2127,#2135,#2137,.T.);
#2135 = VERTEX_POINT('',#2136);
#2136 = CARTESIAN_POINT('',(111.6077,-136.233474,1.585));
#2137 = LINE('',#2138,#2139);
#2138 = CARTESIAN_POINT('',(111.768747,-136.235713,1.585));
#2139 = VECTOR('',#2140,1.);
#2140 = DIRECTION('',(-0.999903370449,1.390143030568E-02,0.));
#2141 = ORIENTED_EDGE('',*,*,#2142,.T.);
#2142 = EDGE_CURVE('',#2135,#2143,#2145,.T.);
#2143 = VERTEX_POINT('',#2144);
#2144 = CARTESIAN_POINT('',(111.401873,-136.180176,1.585));
#2145 = LINE('',#2146,#2147);
#2146 = CARTESIAN_POINT('',(111.6077,-136.233474,1.585));
#2147 = VECTOR('',#2148,1.);
#2148 = DIRECTION('',(-0.968070616292,0.250677645339,0.));
#2149 = ORIENTED_EDGE('',*,*,#2150,.T.);
#2150 = EDGE_CURVE('',#2143,#2151,#2153,.T.);
#2151 = VERTEX_POINT('',#2152);
#2152 = CARTESIAN_POINT('',(111.292893,-136.123228,1.585));
#2153 = LINE('',#2154,#2155);
#2154 = CARTESIAN_POINT('',(111.401873,-136.180176,1.585));
#2155 = VECTOR('',#2156,1.);
#2156 = DIRECTION('',(-0.886288266156,0.463134007901,0.));
#2157 = ORIENTED_EDGE('',*,*,#2158,.T.);
#2158 = EDGE_CURVE('',#2151,#2159,#2161,.T.);
#2159 = VERTEX_POINT('',#2160);
#2160 = CARTESIAN_POINT('',(111.179781,-136.007379,1.585));
#2161 = LINE('',#2162,#2163);
#2162 = CARTESIAN_POINT('',(111.292893,-136.123228,1.585));
#2163 = VECTOR('',#2164,1.);
#2164 = DIRECTION('',(-0.698604113258,0.715508415701,0.));
#2165 = ORIENTED_EDGE('',*,*,#2166,.T.);
#2166 = EDGE_CURVE('',#2159,#2167,#2169,.T.);
#2167 = VERTEX_POINT('',#2168);
#2168 = CARTESIAN_POINT('',(111.182578,-135.547617,1.585));
#2169 = CIRCLE('',#2170,0.461058290907);
#2170 = AXIS2_PLACEMENT_3D('',#2171,#2172,#2173);
#2171 = CARTESIAN_POINT('',(111.58083135644,-135.7799293149,1.585));
#2172 = DIRECTION('',(0.,0.,-1.));
#2173 = DIRECTION('',(-0.869847401842,-0.493320886958,-0.));
#2174 = ORIENTED_EDGE('',*,*,#2175,.T.);
#2175 = EDGE_CURVE('',#2167,#1999,#2176,.T.);
#2176 = LINE('',#2177,#2178);
#2177 = CARTESIAN_POINT('',(111.182578,-135.547617,1.585));
#2178 = VECTOR('',#2179,1.);
#2179 = DIRECTION('',(0.707106781187,0.707106781187,0.));
#2180 = PLANE('',#2181);
#2181 = AXIS2_PLACEMENT_3D('',#2182,#2183,#2184);
#2182 = CARTESIAN_POINT('',(0.,0.,1.585));
#2183 = DIRECTION('',(0.,0.,1.));
#2184 = DIRECTION('',(1.,0.,-0.));
#2185 = SHELL_BASED_SURFACE_MODEL('',(#2186));
#2186 = OPEN_SHELL('',(#2187));
#2187 = ADVANCED_FACE('',(#2188),#2224,.T.);
#2188 = FACE_BOUND('',#2189,.F.);
#2189 = EDGE_LOOP('',(#2190,#2201,#2209,#2218));
#2190 = ORIENTED_EDGE('',*,*,#2191,.T.);
#2191 = EDGE_CURVE('',#2192,#2194,#2196,.T.);
#2192 = VERTEX_POINT('',#2193);
#2193 = CARTESIAN_POINT('',(120.366233,-136.125,1.585));
#2194 = VERTEX_POINT('',#2195);
#2195 = CARTESIAN_POINT('',(120.366233,-136.005,1.585));
#2196 = CIRCLE('',#2197,6.000000000043E-02);
#2197 = AXIS2_PLACEMENT_3D('',#2198,#2199,#2200);
#2198 = CARTESIAN_POINT('',(120.36623277441,-136.065,1.585));
#2199 = DIRECTION('',(0.,0.,-1.));
#2200 = DIRECTION('',(3.759794016836E-06,-0.999999999993,0.));
#2201 = ORIENTED_EDGE('',*,*,#2202,.T.);
#2202 = EDGE_CURVE('',#2194,#2203,#2205,.T.);
#2203 = VERTEX_POINT('',#2204);
#2204 = CARTESIAN_POINT('',(120.658767,-136.005,1.585));
#2205 = LINE('',#2206,#2207);
#2206 = CARTESIAN_POINT('',(120.366233,-136.005,1.585));
#2207 = VECTOR('',#2208,1.);
#2208 = DIRECTION('',(1.,0.,0.));
#2209 = ORIENTED_EDGE('',*,*,#2210,.T.);
#2210 = EDGE_CURVE('',#2203,#2211,#2213,.T.);
#2211 = VERTEX_POINT('',#2212);
#2212 = CARTESIAN_POINT('',(120.658767,-136.125,1.585));
#2213 = CIRCLE('',#2214,6.000000000042E-02);
#2214 = AXIS2_PLACEMENT_3D('',#2215,#2216,#2217);
#2215 = CARTESIAN_POINT('',(120.65876722558,-136.065,1.585));
#2216 = DIRECTION('',(0.,0.,-1.));
#2217 = DIRECTION('',(-3.759794490531E-06,0.999999999993,-0.));
#2218 = ORIENTED_EDGE('',*,*,#2219,.T.);
#2219 = EDGE_CURVE('',#2211,#2192,#2220,.T.);
#2220 = LINE('',#2221,#2222);
#2221 = CARTESIAN_POINT('',(120.658767,-136.125,1.585));
#2222 = VECTOR('',#2223,1.);
#2223 = DIRECTION('',(-1.,0.,0.));
#2224 = PLANE('',#2225);
#2225 = AXIS2_PLACEMENT_3D('',#2226,#2227,#2228);
#2226 = CARTESIAN_POINT('',(0.,0.,1.585));
#2227 = DIRECTION('',(0.,0.,1.));
#2228 = DIRECTION('',(1.,0.,-0.));
#2229 = SHELL_BASED_SURFACE_MODEL('',(#2230));
#2230 = OPEN_SHELL('',(#2231));
#2231 = ADVANCED_FACE('',(#2232),#2292,.T.);
#2232 = FACE_BOUND('',#2233,.F.);
#2233 = EDGE_LOOP('',(#2234,#2245,#2253,#2261,#2269,#2277,#2286));
#2234 = ORIENTED_EDGE('',*,*,#2235,.T.);
#2235 = EDGE_CURVE('',#2236,#2238,#2240,.T.);
#2236 = VERTEX_POINT('',#2237);
#2237 = CARTESIAN_POINT('',(144.51,-135.8725,1.585));
#2238 = VERTEX_POINT('',#2239);
#2239 = CARTESIAN_POINT('',(144.461476,-135.77721,1.585));
#2240 = CIRCLE('',#2241,6.000027696175E-02);
#2241 = AXIS2_PLACEMENT_3D('',#2242,#2243,#2244);
#2242 = CARTESIAN_POINT('',(144.51000092846,-135.812499723,1.585));
#2243 = DIRECTION('',(0.,0.,-1.));
#2244 = DIRECTION('',(-1.54744020649E-05,-0.99999999988,-0.));
#2245 = ORIENTED_EDGE('',*,*,#2246,.T.);
#2246 = EDGE_CURVE('',#2238,#2247,#2249,.T.);
#2247 = VERTEX_POINT('',#2248);
#2248 = CARTESIAN_POINT('',(144.701476,-135.44721,1.585));
#2249 = LINE('',#2250,#2251);
#2250 = CARTESIAN_POINT('',(144.461476,-135.77721,1.585));
#2251 = VECTOR('',#2252,1.);
#2252 = DIRECTION('',(0.588171697675,0.808736084303,0.));
#2253 = ORIENTED_EDGE('',*,*,#2254,.T.);
#2254 = EDGE_CURVE('',#2247,#2255,#2257,.T.);
#2255 = VERTEX_POINT('',#2256);
#2256 = CARTESIAN_POINT('',(144.740642,-135.423234,1.585));
#2257 = LINE('',#2258,#2259);
#2258 = CARTESIAN_POINT('',(144.701476,-135.44721,1.585));
#2259 = VECTOR('',#2260,1.);
#2260 = DIRECTION('',(0.852882175679,0.522103432673,0.));
#2261 = ORIENTED_EDGE('',*,*,#2262,.T.);
#2262 = EDGE_CURVE('',#2255,#2263,#2265,.T.);
#2263 = VERTEX_POINT('',#2264);
#2264 = CARTESIAN_POINT('',(144.78529,-135.433976,1.585));
#2265 = LINE('',#2266,#2267);
#2266 = CARTESIAN_POINT('',(144.740642,-135.423234,1.585));
#2267 = VECTOR('',#2268,1.);
#2268 = DIRECTION('',(0.972256295266,-0.233918140202,0.));
#2269 = ORIENTED_EDGE('',*,*,#2270,.T.);
#2270 = EDGE_CURVE('',#2263,#2271,#2273,.T.);
#2271 = VERTEX_POINT('',#2272);
#2272 = CARTESIAN_POINT('',(145.038524,-135.77721,1.585));
#2273 = LINE('',#2274,#2275);
#2274 = CARTESIAN_POINT('',(144.78529,-135.433976,1.585));
#2275 = VECTOR('',#2276,1.);
#2276 = DIRECTION('',(0.593692353743,-0.804692108267,0.));
#2277 = ORIENTED_EDGE('',*,*,#2278,.T.);
#2278 = EDGE_CURVE('',#2271,#2279,#2281,.T.);
#2279 = VERTEX_POINT('',#2280);
#2280 = CARTESIAN_POINT('',(144.99,-135.8725,1.585));
#2281 = CIRCLE('',#2282,5.999941814204E-02);
#2282 = AXIS2_PLACEMENT_3D('',#2283,#2284,#2285);
#2283 = CARTESIAN_POINT('',(144.99000075805,-135.8125005818,1.585));
#2284 = DIRECTION('',(0.,0.,-1.));
#2285 = DIRECTION('',(0.808728541891,0.588182068353,0.));
#2286 = ORIENTED_EDGE('',*,*,#2287,.T.);
#2287 = EDGE_CURVE('',#2279,#2236,#2288,.T.);
#2288 = LINE('',#2289,#2290);
#2289 = CARTESIAN_POINT('',(144.99,-135.8725,1.585));
#2290 = VECTOR('',#2291,1.);
#2291 = DIRECTION('',(-1.,0.,0.));
#2292 = PLANE('',#2293);
#2293 = AXIS2_PLACEMENT_3D('',#2294,#2295,#2296);
#2294 = CARTESIAN_POINT('',(0.,0.,1.585));
#2295 = DIRECTION('',(0.,0.,1.));
#2296 = DIRECTION('',(1.,0.,-0.));
#2297 = SHELL_BASED_SURFACE_MODEL('',(#2298));
#2298 = OPEN_SHELL('',(#2299));
#2299 = ADVANCED_FACE('',(#2300),#2933,.T.);
#2300 = FACE_BOUND('',#2301,.F.);
#2301 = EDGE_LOOP('',(#2302,#2313,#2321,#2329,#2337,#2345,#2353,#2361,
    #2369,#2377,#2385,#2393,#2401,#2409,#2417,#2426,#2434,#2442,#2450,
    #2458,#2466,#2475,#2483,#2491,#2499,#2507,#2515,#2524,#2532,#2540,
    #2548,#2556,#2564,#2572,#2581,#2589,#2598,#2606,#2614,#2622,#2631,
    #2639,#2648,#2656,#2665,#2673,#2682,#2690,#2699,#2707,#2715,#2723,
    #2731,#2739,#2747,#2755,#2763,#2772,#2780,#2788,#2796,#2805,#2813,
    #2822,#2830,#2839,#2847,#2855,#2863,#2871,#2879,#2887,#2895,#2903,
    #2911,#2919,#2927));
#2302 = ORIENTED_EDGE('',*,*,#2303,.T.);
#2303 = EDGE_CURVE('',#2304,#2306,#2308,.T.);
#2304 = VERTEX_POINT('',#2305);
#2305 = CARTESIAN_POINT('',(120.078389,-134.104306,1.585));
#2306 = VERTEX_POINT('',#2307);
#2307 = CARTESIAN_POINT('',(120.17309,-134.219699,1.585));
#2308 = CIRCLE('',#2309,7.500003178655E-02);
#2309 = AXIS2_PLACEMENT_3D('',#2310,#2311,#2312);
#2310 = CARTESIAN_POINT('',(120.1200565,-134.1666664378,1.585));
#2311 = DIRECTION('',(0.,0.,-1.));
#2312 = DIRECTION('',(-0.555566431206,0.83147215258,0.));
#2313 = ORIENTED_EDGE('',*,*,#2314,.T.);
#2314 = EDGE_CURVE('',#2306,#2315,#2317,.T.);
#2315 = VERTEX_POINT('',#2316);
#2316 = CARTESIAN_POINT('',(120.13799,-134.254798,1.585));
#2317 = LINE('',#2318,#2319);
#2318 = CARTESIAN_POINT('',(120.17309,-134.219699,1.585));
#2319 = VECTOR('',#2320,1.);
#2320 = DIRECTION('',(-0.707116854004,-0.707096708225,0.));
#2321 = ORIENTED_EDGE('',*,*,#2322,.T.);
#2322 = EDGE_CURVE('',#2315,#2323,#2325,.T.);
#2323 = VERTEX_POINT('',#2324);
#2324 = CARTESIAN_POINT('',(120.099819,-134.369312,1.585));
#2325 = LINE('',#2326,#2327);
#2326 = CARTESIAN_POINT('',(120.13799,-134.254798,1.585));
#2327 = VECTOR('',#2328,1.);
#2328 = DIRECTION('',(-0.316225280684,-0.948684126491,0.));
#2329 = ORIENTED_EDGE('',*,*,#2330,.T.);
#2330 = EDGE_CURVE('',#2323,#2331,#2333,.T.);
#2331 = VERTEX_POINT('',#2332);
#2332 = CARTESIAN_POINT('',(120.099819,-134.440209,1.585));
#2333 = LINE('',#2334,#2335);
#2334 = CARTESIAN_POINT('',(120.099819,-134.369312,1.585));
#2335 = VECTOR('',#2336,1.);
#2336 = DIRECTION('',(0.,-1.,0.));
#2337 = ORIENTED_EDGE('',*,*,#2338,.T.);
#2338 = EDGE_CURVE('',#2331,#2339,#2341,.T.);
#2339 = VERTEX_POINT('',#2340);
#2340 = CARTESIAN_POINT('',(120.128022,-134.524819,1.585));
#2341 = LINE('',#2342,#2343);
#2342 = CARTESIAN_POINT('',(120.099819,-134.440209,1.585));
#2343 = VECTOR('',#2344,1.);
#2344 = DIRECTION('',(0.316224402283,-0.948684419288,0.));
#2345 = ORIENTED_EDGE('',*,*,#2346,.T.);
#2346 = EDGE_CURVE('',#2339,#2347,#2349,.T.);
#2347 = VERTEX_POINT('',#2348);
#2348 = CARTESIAN_POINT('',(120.179074,-134.528668,1.585));
#2349 = LINE('',#2350,#2351);
#2350 = CARTESIAN_POINT('',(120.128022,-134.524819,1.585));
#2351 = VECTOR('',#2352,1.);
#2352 = DIRECTION('',(0.99716995302,-7.518034845212E-02,0.));
#2353 = ORIENTED_EDGE('',*,*,#2354,.T.);
#2354 = EDGE_CURVE('',#2347,#2355,#2357,.T.);
#2355 = VERTEX_POINT('',#2356);
#2356 = CARTESIAN_POINT('',(120.339882,-134.585078,1.585));
#2357 = LINE('',#2358,#2359);
#2358 = CARTESIAN_POINT('',(120.179074,-134.528668,1.585));
#2359 = VECTOR('',#2360,1.);
#2360 = DIRECTION('',(0.94362538763,-0.331015298469,0.));
#2361 = ORIENTED_EDGE('',*,*,#2362,.T.);
#2362 = EDGE_CURVE('',#2355,#2363,#2365,.T.);
#2363 = VERTEX_POINT('',#2364);
#2364 = CARTESIAN_POINT('',(120.408193,-134.653389,1.585));
#2365 = LINE('',#2366,#2367);
#2366 = CARTESIAN_POINT('',(120.339882,-134.585078,1.585));
#2367 = VECTOR('',#2368,1.);
#2368 = DIRECTION('',(0.707106781187,-0.707106781187,0.));
#2369 = ORIENTED_EDGE('',*,*,#2370,.T.);
#2370 = EDGE_CURVE('',#2363,#2371,#2373,.T.);
#2371 = VERTEX_POINT('',#2372);
#2372 = CARTESIAN_POINT('',(120.419392,-134.680425,1.585));
#2373 = LINE('',#2374,#2375);
#2374 = CARTESIAN_POINT('',(120.408193,-134.653389,1.585));
#2375 = VECTOR('',#2376,1.);
#2376 = DIRECTION('',(0.38269282806,-0.923875640631,0.));
#2377 = ORIENTED_EDGE('',*,*,#2378,.T.);
#2378 = EDGE_CURVE('',#2371,#2379,#2381,.T.);
#2379 = VERTEX_POINT('',#2380);
#2380 = CARTESIAN_POINT('',(120.419392,-134.699904,1.585));
#2381 = LINE('',#2382,#2383);
#2382 = CARTESIAN_POINT('',(120.419392,-134.680425,1.585));
#2383 = VECTOR('',#2384,1.);
#2384 = DIRECTION('',(0.,-1.,0.));
#2385 = ORIENTED_EDGE('',*,*,#2386,.T.);
#2386 = EDGE_CURVE('',#2379,#2387,#2389,.T.);
#2387 = VERTEX_POINT('',#2388);
#2388 = CARTESIAN_POINT('',(120.462624,-134.710713,1.585));
#2389 = LINE('',#2390,#2391);
#2390 = CARTESIAN_POINT('',(120.419392,-134.699904,1.585));
#2391 = VECTOR('',#2392,1.);
#2392 = DIRECTION('',(0.970137219855,-0.242556745221,0.));
#2393 = ORIENTED_EDGE('',*,*,#2394,.T.);
#2394 = EDGE_CURVE('',#2387,#2395,#2397,.T.);
#2395 = VERTEX_POINT('',#2396);
#2396 = CARTESIAN_POINT('',(120.587013,-134.710713,1.585));
#2397 = LINE('',#2398,#2399);
#2398 = CARTESIAN_POINT('',(120.462624,-134.710713,1.585));
#2399 = VECTOR('',#2400,1.);
#2400 = DIRECTION('',(1.,0.,0.));
#2401 = ORIENTED_EDGE('',*,*,#2402,.T.);
#2402 = EDGE_CURVE('',#2395,#2403,#2405,.T.);
#2403 = VERTEX_POINT('',#2404);
#2404 = CARTESIAN_POINT('',(120.690529,-134.684833,1.585));
#2405 = LINE('',#2406,#2407);
#2406 = CARTESIAN_POINT('',(120.587013,-134.710713,1.585));
#2407 = VECTOR('',#2408,1.);
#2408 = DIRECTION('',(0.970140294955,0.242544445626,0.));
#2409 = ORIENTED_EDGE('',*,*,#2410,.T.);
#2410 = EDGE_CURVE('',#2403,#2411,#2413,.T.);
#2411 = VERTEX_POINT('',#2412);
#2412 = CARTESIAN_POINT('',(120.702667,-134.57794,1.585));
#2413 = LINE('',#2414,#2415);
#2414 = CARTESIAN_POINT('',(120.690529,-134.684833,1.585));
#2415 = VECTOR('',#2416,1.);
#2416 = DIRECTION('',(0.112827721174,0.993614565782,0.));
#2417 = ORIENTED_EDGE('',*,*,#2418,.T.);
#2418 = EDGE_CURVE('',#2411,#2419,#2421,.T.);
#2419 = VERTEX_POINT('',#2420);
#2420 = CARTESIAN_POINT('',(120.774405,-134.524819,1.585));
#2421 = CIRCLE('',#2422,7.500336100763E-02);
#2422 = AXIS2_PLACEMENT_3D('',#2423,#2424,#2425);
#2423 = CARTESIAN_POINT('',(120.7744072707,-134.5998223609,1.585));
#2424 = DIRECTION('',(0.,0.,-1.));
#2425 = DIRECTION('',(-0.956494078934,0.291751738579,0.));
#2426 = ORIENTED_EDGE('',*,*,#2427,.T.);
#2427 = EDGE_CURVE('',#2419,#2428,#2430,.T.);
#2428 = VERTEX_POINT('',#2429);
#2429 = CARTESIAN_POINT('',(120.921616,-134.524819,1.585));
#2430 = LINE('',#2431,#2432);
#2431 = CARTESIAN_POINT('',(120.774405,-134.524819,1.585));
#2432 = VECTOR('',#2433,1.);
#2433 = DIRECTION('',(1.,0.,0.));
#2434 = ORIENTED_EDGE('',*,*,#2435,.T.);
#2435 = EDGE_CURVE('',#2428,#2436,#2438,.T.);
#2436 = VERTEX_POINT('',#2437);
#2437 = CARTESIAN_POINT('',(120.949819,-134.44021,1.585));
#2438 = LINE('',#2439,#2440);
#2439 = CARTESIAN_POINT('',(120.921616,-134.524819,1.585));
#2440 = VECTOR('',#2441,1.);
#2441 = DIRECTION('',(0.316227766017,0.94868329805,0.));
#2442 = ORIENTED_EDGE('',*,*,#2443,.T.);
#2443 = EDGE_CURVE('',#2436,#2444,#2446,.T.);
#2444 = VERTEX_POINT('',#2445);
#2445 = CARTESIAN_POINT('',(120.949819,-134.369312,1.585));
#2446 = LINE('',#2447,#2448);
#2447 = CARTESIAN_POINT('',(120.949819,-134.44021,1.585));
#2448 = VECTOR('',#2449,1.);
#2449 = DIRECTION('',(0.,1.,0.));
#2450 = ORIENTED_EDGE('',*,*,#2451,.T.);
#2451 = EDGE_CURVE('',#2444,#2452,#2454,.T.);
#2452 = VERTEX_POINT('',#2453);
#2453 = CARTESIAN_POINT('',(120.911648,-134.254799,1.585));
#2454 = LINE('',#2455,#2456);
#2455 = CARTESIAN_POINT('',(120.949819,-134.369312,1.585));
#2456 = VECTOR('',#2457,1.);
#2457 = DIRECTION('',(-0.316227766017,0.948683298051,0.));
#2458 = ORIENTED_EDGE('',*,*,#2459,.T.);
#2459 = EDGE_CURVE('',#2452,#2460,#2462,.T.);
#2460 = VERTEX_POINT('',#2461);
#2461 = CARTESIAN_POINT('',(120.86722,-134.208334,1.585));
#2462 = LINE('',#2463,#2464);
#2463 = CARTESIAN_POINT('',(120.911648,-134.254799,1.585));
#2464 = VECTOR('',#2465,1.);
#2465 = DIRECTION('',(-0.691086306874,0.72277224383,0.));
#2466 = ORIENTED_EDGE('',*,*,#2467,.T.);
#2467 = EDGE_CURVE('',#2460,#2468,#2470,.T.);
#2468 = VERTEX_POINT('',#2469);
#2469 = CARTESIAN_POINT('',(120.982612,-134.113632,1.585));
#2470 = CIRCLE('',#2471,7.499993690527E-02);
#2471 = AXIS2_PLACEMENT_3D('',#2472,#2473,#2474);
#2472 = CARTESIAN_POINT('',(120.92957982375,-134.1666657516,1.585));
#2473 = DIRECTION('',(0.,0.,-1.));
#2474 = DIRECTION('',(-0.831465016204,-0.555577111505,-0.));
#2475 = ORIENTED_EDGE('',*,*,#2476,.T.);
#2476 = EDGE_CURVE('',#2468,#2477,#2479,.T.);
#2477 = VERTEX_POINT('',#2478);
#2478 = CARTESIAN_POINT('',(121.042357,-134.177142,1.585));
#2479 = LINE('',#2480,#2481);
#2480 = CARTESIAN_POINT('',(120.982612,-134.113632,1.585));
#2481 = VECTOR('',#2482,1.);
#2482 = DIRECTION('',(0.685187600358,-0.72836663317,0.));
#2483 = ORIENTED_EDGE('',*,*,#2484,.T.);
#2484 = EDGE_CURVE('',#2477,#2485,#2487,.T.);
#2485 = VERTEX_POINT('',#2486);
#2486 = CARTESIAN_POINT('',(121.099089,-134.349735,1.585));
#2487 = LINE('',#2488,#2489);
#2488 = CARTESIAN_POINT('',(121.042357,-134.177142,1.585));
#2489 = VECTOR('',#2490,1.);
#2490 = DIRECTION('',(0.312266910039,-0.949994408876,0.));
#2491 = ORIENTED_EDGE('',*,*,#2492,.T.);
#2492 = EDGE_CURVE('',#2485,#2493,#2495,.T.);
#2493 = VERTEX_POINT('',#2494);
#2494 = CARTESIAN_POINT('',(121.097619,-134.468842,1.585));
#2495 = LINE('',#2496,#2497);
#2496 = CARTESIAN_POINT('',(121.099089,-134.349735,1.585));
#2497 = VECTOR('',#2498,1.);
#2498 = DIRECTION('',(-1.234090403405E-02,-0.999923848144,0.));
#2499 = ORIENTED_EDGE('',*,*,#2500,.T.);
#2500 = EDGE_CURVE('',#2493,#2501,#2503,.T.);
#2501 = VERTEX_POINT('',#2502);
#2502 = CARTESIAN_POINT('',(121.07973,-134.524819,1.585));
#2503 = LINE('',#2504,#2505);
#2504 = CARTESIAN_POINT('',(121.097619,-134.468842,1.585));
#2505 = VECTOR('',#2506,1.);
#2506 = DIRECTION('',(-0.304410797682,-0.952540847552,0.));
#2507 = ORIENTED_EDGE('',*,*,#2508,.T.);
#2508 = EDGE_CURVE('',#2501,#2509,#2511,.T.);
#2509 = VERTEX_POINT('',#2510);
#2510 = CARTESIAN_POINT('',(121.265227,-134.52626,1.585));
#2511 = LINE('',#2512,#2513);
#2512 = CARTESIAN_POINT('',(121.07973,-134.524819,1.585));
#2513 = VECTOR('',#2514,1.);
#2514 = DIRECTION('',(0.99996982797,-7.768085317308E-03,0.));
#2515 = ORIENTED_EDGE('',*,*,#2516,.T.);
#2516 = EDGE_CURVE('',#2509,#2517,#2519,.T.);
#2517 = VERTEX_POINT('',#2518);
#2518 = CARTESIAN_POINT('',(121.250595,-134.674819,1.585));
#2519 = CIRCLE('',#2520,7.500006711464E-02);
#2520 = AXIS2_PLACEMENT_3D('',#2521,#2522,#2523);
#2521 = CARTESIAN_POINT('',(121.25059506711,-134.5998189328,1.585));
#2522 = DIRECTION('',(0.,0.,-1.));
#2523 = DIRECTION('',(0.195092263891,0.980784894138,0.));
#2524 = ORIENTED_EDGE('',*,*,#2525,.T.);
#2525 = EDGE_CURVE('',#2517,#2526,#2528,.T.);
#2526 = VERTEX_POINT('',#2527);
#2527 = CARTESIAN_POINT('',(121.003684,-134.674819,1.585));
#2528 = LINE('',#2529,#2530);
#2529 = CARTESIAN_POINT('',(121.250595,-134.674819,1.585));
#2530 = VECTOR('',#2531,1.);
#2531 = DIRECTION('',(-1.,0.,0.));
#2532 = ORIENTED_EDGE('',*,*,#2533,.T.);
#2533 = EDGE_CURVE('',#2526,#2534,#2536,.T.);
#2534 = VERTEX_POINT('',#2535);
#2535 = CARTESIAN_POINT('',(120.921798,-134.753593,1.585));
#2536 = LINE('',#2537,#2538);
#2537 = CARTESIAN_POINT('',(121.003684,-134.674819,1.585));
#2538 = VECTOR('',#2539,1.);
#2539 = DIRECTION('',(-0.720668324124,-0.693280005917,0.));
#2540 = ORIENTED_EDGE('',*,*,#2541,.T.);
#2541 = EDGE_CURVE('',#2534,#2542,#2544,.T.);
#2542 = VERTEX_POINT('',#2543);
#2543 = CARTESIAN_POINT('',(120.829715,-134.80045,1.585));
#2544 = LINE('',#2545,#2546);
#2545 = CARTESIAN_POINT('',(120.921798,-134.753593,1.585));
#2546 = VECTOR('',#2547,1.);
#2547 = DIRECTION('',(-0.891247695728,-0.453516862817,0.));
#2548 = ORIENTED_EDGE('',*,*,#2549,.T.);
#2549 = EDGE_CURVE('',#2542,#2550,#2552,.T.);
#2550 = VERTEX_POINT('',#2551);
#2551 = CARTESIAN_POINT('',(120.81746,-134.923009,1.585));
#2552 = LINE('',#2553,#2554);
#2553 = CARTESIAN_POINT('',(120.829715,-134.80045,1.585));
#2554 = VECTOR('',#2555,1.);
#2555 = DIRECTION('',(-9.949648440115E-02,-0.995037913645,0.));
#2556 = ORIENTED_EDGE('',*,*,#2557,.T.);
#2557 = EDGE_CURVE('',#2550,#2558,#2560,.T.);
#2558 = VERTEX_POINT('',#2559);
#2559 = CARTESIAN_POINT('',(120.855011,-134.907212,1.585));
#2560 = LINE('',#2561,#2562);
#2561 = CARTESIAN_POINT('',(120.81746,-134.923009,1.585));
#2562 = VECTOR('',#2563,1.);
#2563 = DIRECTION('',(0.92175777459,0.387766173077,0.));
#2564 = ORIENTED_EDGE('',*,*,#2565,.T.);
#2565 = EDGE_CURVE('',#2558,#2566,#2568,.T.);
#2566 = VERTEX_POINT('',#2567);
#2567 = CARTESIAN_POINT('',(121.127547,-134.908434,1.585));
#2568 = LINE('',#2569,#2570);
#2569 = CARTESIAN_POINT('',(120.855011,-134.907212,1.585));
#2570 = VECTOR('',#2571,1.);
#2571 = DIRECTION('',(0.99998994787,-4.483766241192E-03,0.));
#2572 = ORIENTED_EDGE('',*,*,#2573,.T.);
#2573 = EDGE_CURVE('',#2566,#2574,#2576,.T.);
#2574 = VERTEX_POINT('',#2575);
#2575 = CARTESIAN_POINT('',(121.371773,-135.156615,1.585));
#2576 = CIRCLE('',#2577,0.348625649748);
#2577 = AXIS2_PLACEMENT_3D('',#2578,#2579,#2580);
#2578 = CARTESIAN_POINT('',(121.03437504586,-135.2443786838,1.585));
#2579 = DIRECTION('',(0.,0.,-1.));
#2580 = DIRECTION('',(0.267255017531,0.96362583797,0.));
#2581 = ORIENTED_EDGE('',*,*,#2582,.T.);
#2582 = EDGE_CURVE('',#2574,#2583,#2585,.T.);
#2583 = VERTEX_POINT('',#2584);
#2584 = CARTESIAN_POINT('',(121.370551,-135.429152,1.585));
#2585 = LINE('',#2586,#2587);
#2586 = CARTESIAN_POINT('',(121.371773,-135.156615,1.585));
#2587 = VECTOR('',#2588,1.);
#2588 = DIRECTION('',(-4.483749789516E-03,-0.999989947943,0.));
#2589 = ORIENTED_EDGE('',*,*,#2590,.T.);
#2590 = EDGE_CURVE('',#2583,#2591,#2593,.T.);
#2591 = VERTEX_POINT('',#2592);
#2592 = CARTESIAN_POINT('',(121.12237,-135.673378,1.585));
#2593 = CIRCLE('',#2594,0.348635327447);
#2594 = AXIS2_PLACEMENT_3D('',#2595,#2596,#2597);
#2595 = CARTESIAN_POINT('',(121.03459848129,-135.3359720841,1.585));
#2596 = DIRECTION('',(0.,0.,-1.));
#2597 = DIRECTION('',(0.963621561732,-0.267270435638,0.));
#2598 = ORIENTED_EDGE('',*,*,#2599,.T.);
#2599 = EDGE_CURVE('',#2591,#2600,#2602,.T.);
#2600 = VERTEX_POINT('',#2601);
#2601 = CARTESIAN_POINT('',(120.849833,-135.672156,1.585));
#2602 = LINE('',#2603,#2604);
#2603 = CARTESIAN_POINT('',(121.12237,-135.673378,1.585));
#2604 = VECTOR('',#2605,1.);
#2605 = DIRECTION('',(-0.999989947943,4.483749789568E-03,0.));
#2606 = ORIENTED_EDGE('',*,*,#2607,.T.);
#2607 = EDGE_CURVE('',#2600,#2608,#2610,.T.);
#2608 = VERTEX_POINT('',#2609);
#2609 = CARTESIAN_POINT('',(120.72712,-135.60995,1.585));
#2610 = LINE('',#2611,#2612);
#2611 = CARTESIAN_POINT('',(120.849833,-135.672156,1.585));
#2612 = VECTOR('',#2613,1.);
#2613 = DIRECTION('',(-0.891943702445,0.452146471477,0.));
#2614 = ORIENTED_EDGE('',*,*,#2615,.T.);
#2615 = EDGE_CURVE('',#2608,#2616,#2618,.T.);
#2616 = VERTEX_POINT('',#2617);
#2617 = CARTESIAN_POINT('',(120.664425,-135.546247,1.585));
#2618 = LINE('',#2619,#2620);
#2619 = CARTESIAN_POINT('',(120.72712,-135.60995,1.585));
#2620 = VECTOR('',#2621,1.);
#2621 = DIRECTION('',(-0.701445434384,0.712723159846,0.));
#2622 = ORIENTED_EDGE('',*,*,#2623,.T.);
#2623 = EDGE_CURVE('',#2616,#2624,#2626,.T.);
#2624 = VERTEX_POINT('',#2625);
#2625 = CARTESIAN_POINT('',(120.77982,-135.451548,1.585));
#2626 = CIRCLE('',#2627,7.50001266804E-02);
#2627 = AXIS2_PLACEMENT_3D('',#2628,#2629,#2630);
#2628 = CARTESIAN_POINT('',(120.72678605199,-135.5045802483,1.585));
#2629 = DIRECTION('',(0.,0.,-1.));
#2630 = DIRECTION('',(-0.831479288827,-0.555555750804,-0.));
#2631 = ORIENTED_EDGE('',*,*,#2632,.T.);
#2632 = EDGE_CURVE('',#2624,#2633,#2635,.T.);
#2633 = VERTEX_POINT('',#2634);
#2634 = CARTESIAN_POINT('',(120.818832,-135.490561,1.585));
#2635 = LINE('',#2636,#2637);
#2636 = CARTESIAN_POINT('',(120.77982,-135.451548,1.585));
#2637 = VECTOR('',#2638,1.);
#2638 = DIRECTION('',(0.707097718561,-0.707115843695,0.));
#2639 = ORIENTED_EDGE('',*,*,#2640,.T.);
#2640 = EDGE_CURVE('',#2633,#2641,#2643,.T.);
#2641 = VERTEX_POINT('',#2642);
#2642 = CARTESIAN_POINT('',(121.158548,-135.490561,1.585));
#2643 = CIRCLE('',#2644,0.305620374329);
#2644 = AXIS2_PLACEMENT_3D('',#2645,#2646,#2647);
#2645 = CARTESIAN_POINT('',(120.98869,-135.23649,1.585));
#2646 = DIRECTION('',(0.,0.,1.));
#2647 = DIRECTION('',(-0.555781008949,-0.831328737679,0.));
#2648 = ORIENTED_EDGE('',*,*,#2649,.T.);
#2649 = EDGE_CURVE('',#2641,#2650,#2652,.T.);
#2650 = VERTEX_POINT('',#2651);
#2651 = CARTESIAN_POINT('',(121.188955,-135.460153,1.585));
#2652 = LINE('',#2653,#2654);
#2653 = CARTESIAN_POINT('',(121.158548,-135.490561,1.585));
#2654 = VECTOR('',#2655,1.);
#2655 = DIRECTION('',(0.707095153914,0.707118408268,0.));
#2656 = ORIENTED_EDGE('',*,*,#2657,.T.);
#2657 = EDGE_CURVE('',#2650,#2658,#2660,.T.);
#2658 = VERTEX_POINT('',#2659);
#2659 = CARTESIAN_POINT('',(121.188956,-135.120436,1.585));
#2660 = CIRCLE('',#2661,0.305616146029);
#2661 = AXIS2_PLACEMENT_3D('',#2662,#2663,#2664);
#2662 = CARTESIAN_POINT('',(120.93488992049,-135.2902937521,1.585));
#2663 = DIRECTION('',(0.,-0.,1.));
#2664 = DIRECTION('',(0.831320867071,-0.555792781505,-0.));
#2665 = ORIENTED_EDGE('',*,*,#2666,.T.);
#2666 = EDGE_CURVE('',#2658,#2667,#2669,.T.);
#2667 = VERTEX_POINT('',#2668);
#2668 = CARTESIAN_POINT('',(121.158549,-135.090029,1.585));
#2669 = LINE('',#2670,#2671);
#2670 = CARTESIAN_POINT('',(121.188956,-135.120436,1.585));
#2671 = VECTOR('',#2672,1.);
#2672 = DIRECTION('',(-0.707106781186,0.707106781187,0.));
#2673 = ORIENTED_EDGE('',*,*,#2674,.T.);
#2674 = EDGE_CURVE('',#2667,#2675,#2677,.T.);
#2675 = VERTEX_POINT('',#2676);
#2676 = CARTESIAN_POINT('',(120.818832,-135.090029,1.585));
#2677 = CIRCLE('',#2678,0.305621483548);
#2678 = AXIS2_PLACEMENT_3D('',#2679,#2680,#2681);
#2679 = CARTESIAN_POINT('',(120.9886905,-135.344101,1.585));
#2680 = DIRECTION('',(0.,0.,1.));
#2681 = DIRECTION('',(0.555780627814,0.831328992485,-0.));
#2682 = ORIENTED_EDGE('',*,*,#2683,.T.);
#2683 = EDGE_CURVE('',#2675,#2684,#2686,.T.);
#2684 = VERTEX_POINT('',#2685);
#2685 = CARTESIAN_POINT('',(120.762042,-135.142206,1.585));
#2686 = LINE('',#2687,#2688);
#2687 = CARTESIAN_POINT('',(120.818832,-135.090029,1.585));
#2688 = VECTOR('',#2689,1.);
#2689 = DIRECTION('',(-0.736381819545,-0.676566194724,0.));
#2690 = ORIENTED_EDGE('',*,*,#2691,.T.);
#2691 = EDGE_CURVE('',#2684,#2692,#2694,.T.);
#2692 = VERTEX_POINT('',#2693);
#2693 = CARTESIAN_POINT('',(120.652136,-135.083249,1.585));
#2694 = CIRCLE('',#2695,7.500024172469E-02);
#2695 = AXIS2_PLACEMENT_3D('',#2696,#2697,#2698);
#2696 = CARTESIAN_POINT('',(120.72678597002,-135.0760089561,1.585));
#2697 = DIRECTION('',(-0.,0.,-1.));
#2698 = DIRECTION('',(0.470078884633,-0.882624406088,-0.));
#2699 = ORIENTED_EDGE('',*,*,#2700,.T.);
#2700 = EDGE_CURVE('',#2692,#2701,#2703,.T.);
#2701 = VERTEX_POINT('',#2702);
#2702 = CARTESIAN_POINT('',(120.674671,-134.843415,1.585));
#2703 = LINE('',#2704,#2705);
#2704 = CARTESIAN_POINT('',(120.652136,-135.083249,1.585));
#2705 = VECTOR('',#2706,1.);
#2706 = DIRECTION('',(9.354877629809E-02,0.995614697789,0.));
#2707 = ORIENTED_EDGE('',*,*,#2708,.T.);
#2708 = EDGE_CURVE('',#2701,#2709,#2711,.T.);
#2709 = VERTEX_POINT('',#2710);
#2710 = CARTESIAN_POINT('',(120.596247,-134.860713,1.585));
#2711 = LINE('',#2712,#2713);
#2712 = CARTESIAN_POINT('',(120.674671,-134.843415,1.585));
#2713 = VECTOR('',#2714,1.);
#2714 = DIRECTION('',(-0.97652747114,-0.215392892428,0.));
#2715 = ORIENTED_EDGE('',*,*,#2716,.T.);
#2716 = EDGE_CURVE('',#2709,#2717,#2719,.T.);
#2717 = VERTEX_POINT('',#2718);
#2718 = CARTESIAN_POINT('',(120.4352,-134.858474,1.585));
#2719 = LINE('',#2720,#2721);
#2720 = CARTESIAN_POINT('',(120.596247,-134.860713,1.585));
#2721 = VECTOR('',#2722,1.);
#2722 = DIRECTION('',(-0.999903370449,1.390143030568E-02,0.));
#2723 = ORIENTED_EDGE('',*,*,#2724,.T.);
#2724 = EDGE_CURVE('',#2717,#2725,#2727,.T.);
#2725 = VERTEX_POINT('',#2726);
#2726 = CARTESIAN_POINT('',(120.229373,-134.805176,1.585));
#2727 = LINE('',#2728,#2729);
#2728 = CARTESIAN_POINT('',(120.4352,-134.858474,1.585));
#2729 = VECTOR('',#2730,1.);
#2730 = DIRECTION('',(-0.968070616292,0.250677645339,0.));
#2731 = ORIENTED_EDGE('',*,*,#2732,.T.);
#2732 = EDGE_CURVE('',#2725,#2733,#2735,.T.);
#2733 = VERTEX_POINT('',#2734);
#2734 = CARTESIAN_POINT('',(120.120393,-134.748228,1.585));
#2735 = LINE('',#2736,#2737);
#2736 = CARTESIAN_POINT('',(120.229373,-134.805176,1.585));
#2737 = VECTOR('',#2738,1.);
#2738 = DIRECTION('',(-0.886288266156,0.463134007901,0.));
#2739 = ORIENTED_EDGE('',*,*,#2740,.T.);
#2740 = EDGE_CURVE('',#2733,#2741,#2743,.T.);
#2741 = VERTEX_POINT('',#2742);
#2742 = CARTESIAN_POINT('',(120.052537,-134.681402,1.585));
#2743 = LINE('',#2744,#2745);
#2744 = CARTESIAN_POINT('',(120.120393,-134.748228,1.585));
#2745 = VECTOR('',#2746,1.);
#2746 = DIRECTION('',(-0.712493646865,0.70167856115,0.));
#2747 = ORIENTED_EDGE('',*,*,#2748,.T.);
#2748 = EDGE_CURVE('',#2741,#2749,#2751,.T.);
#2749 = VERTEX_POINT('',#2750);
#2750 = CARTESIAN_POINT('',(119.957776,-134.71299,1.585));
#2751 = LINE('',#2752,#2753);
#2752 = CARTESIAN_POINT('',(120.052537,-134.681402,1.585));
#2753 = VECTOR('',#2754,1.);
#2754 = DIRECTION('',(-0.948680294619,-0.316236776168,0.));
#2755 = ORIENTED_EDGE('',*,*,#2756,.T.);
#2756 = EDGE_CURVE('',#2749,#2757,#2759,.T.);
#2757 = VERTEX_POINT('',#2758);
#2758 = CARTESIAN_POINT('',(119.883663,-134.787103,1.585));
#2759 = LINE('',#2760,#2761);
#2760 = CARTESIAN_POINT('',(119.957776,-134.71299,1.585));
#2761 = VECTOR('',#2762,1.);
#2762 = DIRECTION('',(-0.707106781186,-0.707106781187,0.));
#2763 = ORIENTED_EDGE('',*,*,#2764,.T.);
#2764 = EDGE_CURVE('',#2757,#2765,#2767,.T.);
#2765 = VERTEX_POINT('',#2766);
#2766 = CARTESIAN_POINT('',(119.801786,-135.162013,1.585));
#2767 = CIRCLE('',#2768,0.611712714363);
#2768 = AXIS2_PLACEMENT_3D('',#2769,#2770,#2771);
#2769 = CARTESIAN_POINT('',(120.41019127521,-135.0984876822,1.585));
#2770 = DIRECTION('',(0.,0.,1.));
#2771 = DIRECTION('',(-0.860744370444,0.509037453188,0.));
#2772 = ORIENTED_EDGE('',*,*,#2773,.T.);
#2773 = EDGE_CURVE('',#2765,#2774,#2776,.T.);
#2774 = VERTEX_POINT('',#2775);
#2775 = CARTESIAN_POINT('',(119.845169,-135.335547,1.585));
#2776 = LINE('',#2777,#2778);
#2777 = CARTESIAN_POINT('',(119.801786,-135.162013,1.585));
#2778 = VECTOR('',#2779,1.);
#2779 = DIRECTION('',(0.242532994208,-0.970143157849,0.));
#2780 = ORIENTED_EDGE('',*,*,#2781,.T.);
#2781 = EDGE_CURVE('',#2774,#2782,#2784,.T.);
#2782 = VERTEX_POINT('',#2783);
#2783 = CARTESIAN_POINT('',(119.883663,-135.412534,1.585));
#2784 = LINE('',#2785,#2786);
#2785 = CARTESIAN_POINT('',(119.845169,-135.335547,1.585));
#2786 = VECTOR('',#2787,1.);
#2787 = DIRECTION('',(0.447218242641,-0.894424867414,0.));
#2788 = ORIENTED_EDGE('',*,*,#2789,.T.);
#2789 = EDGE_CURVE('',#2782,#2790,#2792,.T.);
#2790 = VERTEX_POINT('',#2791);
#2791 = CARTESIAN_POINT('',(119.957776,-135.486648,1.585));
#2792 = LINE('',#2793,#2794);
#2793 = CARTESIAN_POINT('',(119.883663,-135.412534,1.585));
#2794 = VECTOR('',#2795,1.);
#2795 = DIRECTION('',(0.707102010739,-0.707111551602,0.));
#2796 = ORIENTED_EDGE('',*,*,#2797,.T.);
#2797 = EDGE_CURVE('',#2790,#2798,#2800,.T.);
#2798 = VERTEX_POINT('',#2799);
#2799 = CARTESIAN_POINT('',(120.2577,-135.486647,1.585));
#2800 = CIRCLE('',#2801,0.299305962385);
#2801 = AXIS2_PLACEMENT_3D('',#2802,#2803,#2804);
#2802 = CARTESIAN_POINT('',(120.10773713635,-135.2276195909,1.585));
#2803 = DIRECTION('',(0.,0.,1.));
#2804 = DIRECTION('',(-0.501029565732,-0.865430167178,0.));
#2805 = ORIENTED_EDGE('',*,*,#2806,.T.);
#2806 = EDGE_CURVE('',#2798,#2807,#2809,.T.);
#2807 = VERTEX_POINT('',#2808);
#2808 = CARTESIAN_POINT('',(120.304165,-135.44222,1.585));
#2809 = LINE('',#2810,#2811);
#2810 = CARTESIAN_POINT('',(120.2577,-135.486647,1.585));
#2811 = VECTOR('',#2812,1.);
#2812 = DIRECTION('',(0.722780013658,0.691078180712,0.));
#2813 = ORIENTED_EDGE('',*,*,#2814,.T.);
#2814 = EDGE_CURVE('',#2807,#2815,#2817,.T.);
#2815 = VERTEX_POINT('',#2816);
#2816 = CARTESIAN_POINT('',(120.398866,-135.557613,1.585));
#2817 = CIRCLE('',#2818,7.499993690111E-02);
#2818 = AXIS2_PLACEMENT_3D('',#2819,#2820,#2821);
#2819 = CARTESIAN_POINT('',(120.3458332483,-135.5045798237,1.585));
#2820 = DIRECTION('',(0.,0.,-1.));
#2821 = DIRECTION('',(-0.555577111536,0.831465016183,0.));
#2822 = ORIENTED_EDGE('',*,*,#2823,.T.);
#2823 = EDGE_CURVE('',#2815,#2824,#2826,.T.);
#2824 = VERTEX_POINT('',#2825);
#2825 = CARTESIAN_POINT('',(120.335356,-135.617357,1.585));
#2826 = LINE('',#2827,#2828);
#2827 = CARTESIAN_POINT('',(120.398866,-135.557613,1.585));
#2828 = VECTOR('',#2829,1.);
#2829 = DIRECTION('',(-0.728372356766,-0.685181516023,0.));
#2830 = ORIENTED_EDGE('',*,*,#2831,.T.);
#2831 = EDGE_CURVE('',#2824,#2832,#2834,.T.);
#2832 = VERTEX_POINT('',#2833);
#2833 = CARTESIAN_POINT('',(119.875594,-135.614561,1.585));
#2834 = CIRCLE('',#2835,0.461067828848);
#2835 = AXIS2_PLACEMENT_3D('',#2836,#2837,#2838);
#2836 = CARTESIAN_POINT('',(120.10790551268,-135.2162961335,1.585));
#2837 = DIRECTION('',(-0.,0.,-1.));
#2838 = DIRECTION('',(0.493312421905,-0.869852202615,-0.));
#2839 = ORIENTED_EDGE('',*,*,#2840,.T.);
#2840 = EDGE_CURVE('',#2832,#2841,#2843,.T.);
#2841 = VERTEX_POINT('',#2842);
#2842 = CARTESIAN_POINT('',(119.758905,-135.496798,1.585));
#2843 = LINE('',#2844,#2845);
#2844 = CARTESIAN_POINT('',(119.875594,-135.614561,1.585));
#2845 = VECTOR('',#2846,1.);
#2846 = DIRECTION('',(-0.703860214178,0.710338510076,0.));
#2847 = ORIENTED_EDGE('',*,*,#2848,.T.);
#2848 = EDGE_CURVE('',#2841,#2849,#2851,.T.);
#2849 = VERTEX_POINT('',#2850);
#2850 = CARTESIAN_POINT('',(119.701644,-135.379913,1.585));
#2851 = LINE('',#2852,#2853);
#2852 = CARTESIAN_POINT('',(119.758905,-135.496798,1.585));
#2853 = VECTOR('',#2854,1.);
#2854 = DIRECTION('',(-0.439936873317,0.89802870082,0.));
#2855 = ORIENTED_EDGE('',*,*,#2856,.T.);
#2856 = EDGE_CURVE('',#2849,#2857,#2859,.T.);
#2857 = VERTEX_POINT('',#2858);
#2858 = CARTESIAN_POINT('',(119.651786,-135.171247,1.585));
#2859 = LINE('',#2860,#2861);
#2860 = CARTESIAN_POINT('',(119.701644,-135.379913,1.585));
#2861 = VECTOR('',#2862,1.);
#2862 = DIRECTION('',(-0.232395123349,0.972621461126,0.));
#2863 = ORIENTED_EDGE('',*,*,#2864,.T.);
#2864 = EDGE_CURVE('',#2857,#2865,#2867,.T.);
#2865 = VERTEX_POINT('',#2866);
#2866 = CARTESIAN_POINT('',(119.654025,-135.0102,1.585));
#2867 = LINE('',#2868,#2869);
#2868 = CARTESIAN_POINT('',(119.651786,-135.171247,1.585));
#2869 = VECTOR('',#2870,1.);
#2870 = DIRECTION('',(1.390143030568E-02,0.999903370449,0.));
#2871 = ORIENTED_EDGE('',*,*,#2872,.T.);
#2872 = EDGE_CURVE('',#2865,#2873,#2875,.T.);
#2873 = VERTEX_POINT('',#2874);
#2874 = CARTESIAN_POINT('',(119.707323,-134.804373,1.585));
#2875 = LINE('',#2876,#2877);
#2876 = CARTESIAN_POINT('',(119.654025,-135.0102,1.585));
#2877 = VECTOR('',#2878,1.);
#2878 = DIRECTION('',(0.250677645339,0.968070616292,0.));
#2879 = ORIENTED_EDGE('',*,*,#2880,.T.);
#2880 = EDGE_CURVE('',#2873,#2881,#2883,.T.);
#2881 = VERTEX_POINT('',#2882);
#2882 = CARTESIAN_POINT('',(119.764272,-134.695392,1.585));
#2883 = LINE('',#2884,#2885);
#2884 = CARTESIAN_POINT('',(119.707323,-134.804373,1.585));
#2885 = VECTOR('',#2886,1.);
#2886 = DIRECTION('',(0.463137057879,0.886286672369,0.));
#2887 = ORIENTED_EDGE('',*,*,#2888,.T.);
#2888 = EDGE_CURVE('',#2881,#2889,#2891,.T.);
#2889 = VERTEX_POINT('',#2890);
#2890 = CARTESIAN_POINT('',(119.880119,-134.582281,1.585));
#2891 = LINE('',#2892,#2893);
#2892 = CARTESIAN_POINT('',(119.764272,-134.695392,1.585));
#2893 = VECTOR('',#2894,1.);
#2894 = DIRECTION('',(0.715505474306,0.698607125814,0.));
#2895 = ORIENTED_EDGE('',*,*,#2896,.T.);
#2896 = EDGE_CURVE('',#2889,#2897,#2899,.T.);
#2897 = VERTEX_POINT('',#2898);
#2898 = CARTESIAN_POINT('',(119.977712,-134.54823,1.585));
#2899 = LINE('',#2900,#2901);
#2900 = CARTESIAN_POINT('',(119.880119,-134.582281,1.585));
#2901 = VECTOR('',#2902,1.);
#2902 = DIRECTION('',(0.944179328184,0.329431929585,0.));
#2903 = ORIENTED_EDGE('',*,*,#2904,.T.);
#2904 = EDGE_CURVE('',#2897,#2905,#2907,.T.);
#2905 = VERTEX_POINT('',#2906);
#2906 = CARTESIAN_POINT('',(119.949819,-134.45238,1.585));
#2907 = LINE('',#2908,#2909);
#2908 = CARTESIAN_POINT('',(119.977712,-134.54823,1.585));
#2909 = VECTOR('',#2910,1.);
#2910 = DIRECTION('',(-0.27941602051,0.960170134654,0.));
#2911 = ORIENTED_EDGE('',*,*,#2912,.T.);
#2912 = EDGE_CURVE('',#2905,#2913,#2915,.T.);
#2913 = VERTEX_POINT('',#2914);
#2914 = CARTESIAN_POINT('',(119.952018,-134.340678,1.585));
#2915 = LINE('',#2916,#2917);
#2916 = CARTESIAN_POINT('',(119.949819,-134.45238,1.585));
#2917 = VECTOR('',#2918,1.);
#2918 = DIRECTION('',(1.968249459971E-02,0.99980628094,0.));
#2919 = ORIENTED_EDGE('',*,*,#2920,.T.);
#2920 = EDGE_CURVE('',#2913,#2921,#2923,.T.);
#2921 = VERTEX_POINT('',#2922);
#2922 = CARTESIAN_POINT('',(120.010078,-134.172617,1.585));
#2923 = LINE('',#2924,#2925);
#2924 = CARTESIAN_POINT('',(119.952018,-134.340678,1.585));
#2925 = VECTOR('',#2926,1.);
#2926 = DIRECTION('',(0.326533133634,0.945185755626,0.));
#2927 = ORIENTED_EDGE('',*,*,#2928,.T.);
#2928 = EDGE_CURVE('',#2921,#2304,#2929,.T.);
#2929 = LINE('',#2930,#2931);
#2930 = CARTESIAN_POINT('',(120.010078,-134.172617,1.585));
#2931 = VECTOR('',#2932,1.);
#2932 = DIRECTION('',(0.707106781187,0.707106781186,0.));
#2933 = PLANE('',#2934);
#2934 = AXIS2_PLACEMENT_3D('',#2935,#2936,#2937);
#2935 = CARTESIAN_POINT('',(0.,0.,1.585));
#2936 = DIRECTION('',(0.,0.,1.));
#2937 = DIRECTION('',(1.,0.,-0.));
#2938 = SHELL_BASED_SURFACE_MODEL('',(#2939));
#2939 = OPEN_SHELL('',(#2940));
#2940 = ADVANCED_FACE('',(#2941),#2985,.T.);
#2941 = FACE_BOUND('',#2942,.F.);
#2942 = EDGE_LOOP('',(#2943,#2954,#2962,#2971,#2979));
#2943 = ORIENTED_EDGE('',*,*,#2944,.T.);
#2944 = EDGE_CURVE('',#2945,#2947,#2949,.T.);
#2945 = VERTEX_POINT('',#2946);
#2946 = CARTESIAN_POINT('',(109.747067,-135.205772,1.585));
#2947 = VERTEX_POINT('',#2948);
#2948 = CARTESIAN_POINT('',(109.8625,-135.228733,1.585));
#2949 = CIRCLE('',#2950,6.000007318647E-02);
#2950 = AXIS2_PLACEMENT_3D('',#2951,#2952,#2953);
#2951 = CARTESIAN_POINT('',(109.80249992681,-135.2287328233,1.585));
#2952 = DIRECTION('',(0.,0.,-1.));
#2953 = DIRECTION('',(-0.923880986636,0.382679921777,0.));
#2954 = ORIENTED_EDGE('',*,*,#2955,.T.);
#2955 = EDGE_CURVE('',#2947,#2956,#2958,.T.);
#2956 = VERTEX_POINT('',#2957);
#2957 = CARTESIAN_POINT('',(109.8625,-135.521267,1.585));
#2958 = LINE('',#2959,#2960);
#2959 = CARTESIAN_POINT('',(109.8625,-135.228733,1.585));
#2960 = VECTOR('',#2961,1.);
#2961 = DIRECTION('',(0.,-1.,0.));
#2962 = ORIENTED_EDGE('',*,*,#2963,.T.);
#2963 = EDGE_CURVE('',#2956,#2964,#2966,.T.);
#2964 = VERTEX_POINT('',#2965);
#2965 = CARTESIAN_POINT('',(109.7425,-135.521267,1.585));
#2966 = CIRCLE('',#2967,6.000000000042E-02);
#2967 = AXIS2_PLACEMENT_3D('',#2968,#2969,#2970);
#2968 = CARTESIAN_POINT('',(109.8025,-135.5212672255,1.585));
#2969 = DIRECTION('',(0.,0.,-1.));
#2970 = DIRECTION('',(0.999999999993,3.759794253685E-06,0.));
#2971 = ORIENTED_EDGE('',*,*,#2972,.T.);
#2972 = EDGE_CURVE('',#2964,#2973,#2975,.T.);
#2973 = VERTEX_POINT('',#2974);
#2974 = CARTESIAN_POINT('',(109.7425,-135.228733,1.585));
#2975 = LINE('',#2976,#2977);
#2976 = CARTESIAN_POINT('',(109.7425,-135.521267,1.585));
#2977 = VECTOR('',#2978,1.);
#2978 = DIRECTION('',(0.,1.,0.));
#2979 = ORIENTED_EDGE('',*,*,#2980,.T.);
#2980 = EDGE_CURVE('',#2973,#2945,#2981,.T.);
#2981 = LINE('',#2982,#2983);
#2982 = CARTESIAN_POINT('',(109.7425,-135.228733,1.585));
#2983 = VECTOR('',#2984,1.);
#2984 = DIRECTION('',(0.195081000118,0.980787134598,0.));
#2985 = PLANE('',#2986);
#2986 = AXIS2_PLACEMENT_3D('',#2987,#2988,#2989);
#2987 = CARTESIAN_POINT('',(0.,0.,1.585));
#2988 = DIRECTION('',(0.,0.,1.));
#2989 = DIRECTION('',(1.,0.,-0.));
#2990 = SHELL_BASED_SURFACE_MODEL('',(#2991));
#2991 = OPEN_SHELL('',(#2992));
#2992 = ADVANCED_FACE('',(#2993),#3100,.T.);
#2993 = FACE_BOUND('',#2994,.F.);
#2994 = EDGE_LOOP('',(#2995,#3006,#3014,#3022,#3030,#3038,#3046,#3054,
    #3062,#3070,#3078,#3086,#3094));
#2995 = ORIENTED_EDGE('',*,*,#2996,.T.);
#2996 = EDGE_CURVE('',#2997,#2999,#3001,.T.);
#2997 = VERTEX_POINT('',#2998);
#2998 = CARTESIAN_POINT('',(110.7,-135.03,1.585));
#2999 = VERTEX_POINT('',#3000);
#3000 = CARTESIAN_POINT('',(110.79529,-134.981476,1.585));
#3001 = CIRCLE('',#3002,5.999960095075E-02);
#3002 = AXIS2_PLACEMENT_3D('',#3003,#3004,#3005);
#3003 = CARTESIAN_POINT('',(110.75999960094,-135.0299996009,1.585));
#3004 = DIRECTION('',(0.,0.,-1.));
#3005 = DIRECTION('',(-0.999999999978,-6.650887191709E-06,-0.));
#3006 = ORIENTED_EDGE('',*,*,#3007,.T.);
#3007 = EDGE_CURVE('',#2999,#3008,#3010,.T.);
#3008 = VERTEX_POINT('',#3009);
#3009 = CARTESIAN_POINT('',(111.12529,-135.221476,1.585));
#3010 = LINE('',#3011,#3012);
#3011 = CARTESIAN_POINT('',(110.79529,-134.981476,1.585));
#3012 = VECTOR('',#3013,1.);
#3013 = DIRECTION('',(0.808736084303,-0.588171697675,0.));
#3014 = ORIENTED_EDGE('',*,*,#3015,.T.);
#3015 = EDGE_CURVE('',#3008,#3016,#3018,.T.);
#3016 = VERTEX_POINT('',#3017);
#3017 = CARTESIAN_POINT('',(111.149266,-135.260642,1.585));
#3018 = LINE('',#3019,#3020);
#3019 = CARTESIAN_POINT('',(111.12529,-135.221476,1.585));
#3020 = VECTOR('',#3021,1.);
#3021 = DIRECTION('',(0.522103432673,-0.852882175679,0.));
#3022 = ORIENTED_EDGE('',*,*,#3023,.T.);
#3023 = EDGE_CURVE('',#3016,#3024,#3026,.T.);
#3024 = VERTEX_POINT('',#3025);
#3025 = CARTESIAN_POINT('',(111.138524,-135.30529,1.585));
#3026 = LINE('',#3027,#3028);
#3027 = CARTESIAN_POINT('',(111.149266,-135.260642,1.585));
#3028 = VECTOR('',#3029,1.);
#3029 = DIRECTION('',(-0.233918140202,-0.972256295266,0.));
#3030 = ORIENTED_EDGE('',*,*,#3031,.T.);
#3031 = EDGE_CURVE('',#3024,#3032,#3034,.T.);
#3032 = VERTEX_POINT('',#3033);
#3033 = CARTESIAN_POINT('',(110.8825,-135.495098,1.585));
#3034 = LINE('',#3035,#3036);
#3035 = CARTESIAN_POINT('',(111.138524,-135.30529,1.585));
#3036 = VECTOR('',#3037,1.);
#3037 = DIRECTION('',(-0.803316119658,-0.595552862388,0.));
#3038 = ORIENTED_EDGE('',*,*,#3039,.T.);
#3039 = EDGE_CURVE('',#3032,#3040,#3042,.T.);
#3040 = VERTEX_POINT('',#3041);
#3041 = CARTESIAN_POINT('',(110.877933,-135.544228,1.585));
#3042 = LINE('',#3043,#3044);
#3043 = CARTESIAN_POINT('',(110.8825,-135.495098,1.585));
#3044 = VECTOR('',#3045,1.);
#3045 = DIRECTION('',(-9.255841721106E-02,-0.995707255876,0.));
#3046 = ORIENTED_EDGE('',*,*,#3047,.T.);
#3047 = EDGE_CURVE('',#3040,#3048,#3050,.T.);
#3048 = VERTEX_POINT('',#3049);
#3049 = CARTESIAN_POINT('',(110.845461,-135.5767,1.585));
#3050 = LINE('',#3051,#3052);
#3051 = CARTESIAN_POINT('',(110.877933,-135.544228,1.585));
#3052 = VECTOR('',#3053,1.);
#3053 = DIRECTION('',(-0.707106781187,-0.707106781186,0.));
#3054 = ORIENTED_EDGE('',*,*,#3055,.T.);
#3055 = EDGE_CURVE('',#3048,#3056,#3058,.T.);
#3056 = VERTEX_POINT('',#3057);
#3057 = CARTESIAN_POINT('',(110.799539,-135.5767,1.585));
#3058 = LINE('',#3059,#3060);
#3059 = CARTESIAN_POINT('',(110.845461,-135.5767,1.585));
#3060 = VECTOR('',#3061,1.);
#3061 = DIRECTION('',(-1.,0.,0.));
#3062 = ORIENTED_EDGE('',*,*,#3063,.T.);
#3063 = EDGE_CURVE('',#3056,#3064,#3066,.T.);
#3064 = VERTEX_POINT('',#3065);
#3065 = CARTESIAN_POINT('',(110.784063,-135.561224,1.585));
#3066 = LINE('',#3067,#3068);
#3067 = CARTESIAN_POINT('',(110.799539,-135.5767,1.585));
#3068 = VECTOR('',#3069,1.);
#3069 = DIRECTION('',(-0.707106781187,0.707106781186,0.));
#3070 = ORIENTED_EDGE('',*,*,#3071,.T.);
#3071 = EDGE_CURVE('',#3064,#3072,#3074,.T.);
#3072 = VERTEX_POINT('',#3073);
#3073 = CARTESIAN_POINT('',(110.750642,-135.569266,1.585));
#3074 = LINE('',#3075,#3076);
#3075 = CARTESIAN_POINT('',(110.784063,-135.561224,1.585));
#3076 = VECTOR('',#3077,1.);
#3077 = DIRECTION('',(-0.972248761989,-0.233949449265,0.));
#3078 = ORIENTED_EDGE('',*,*,#3079,.T.);
#3079 = EDGE_CURVE('',#3072,#3080,#3082,.T.);
#3080 = VERTEX_POINT('',#3081);
#3081 = CARTESIAN_POINT('',(110.711476,-135.54529,1.585));
#3082 = LINE('',#3083,#3084);
#3083 = CARTESIAN_POINT('',(110.750642,-135.569266,1.585));
#3084 = VECTOR('',#3085,1.);
#3085 = DIRECTION('',(-0.852882175679,0.522103432673,0.));
#3086 = ORIENTED_EDGE('',*,*,#3087,.T.);
#3087 = EDGE_CURVE('',#3080,#3088,#3090,.T.);
#3088 = VERTEX_POINT('',#3089);
#3089 = CARTESIAN_POINT('',(110.7,-135.51,1.585));
#3090 = LINE('',#3091,#3092);
#3091 = CARTESIAN_POINT('',(110.711476,-135.54529,1.585));
#3092 = VECTOR('',#3093,1.);
#3093 = DIRECTION('',(-0.309250586658,0.950980585844,0.));
#3094 = ORIENTED_EDGE('',*,*,#3095,.T.);
#3095 = EDGE_CURVE('',#3088,#2997,#3096,.T.);
#3096 = LINE('',#3097,#3098);
#3097 = CARTESIAN_POINT('',(110.7,-135.51,1.585));
#3098 = VECTOR('',#3099,1.);
#3099 = DIRECTION('',(0.,1.,0.));
#3100 = PLANE('',#3101);
#3101 = AXIS2_PLACEMENT_3D('',#3102,#3103,#3104);
#3102 = CARTESIAN_POINT('',(0.,0.,1.585));
#3103 = DIRECTION('',(0.,0.,1.));
#3104 = DIRECTION('',(1.,0.,-0.));
#3105 = SHELL_BASED_SURFACE_MODEL('',(#3106));
#3106 = OPEN_SHELL('',(#3107));
#3107 = ADVANCED_FACE('',(#3108),#3242,.T.);
#3108 = FACE_BOUND('',#3109,.F.);
#3109 = EDGE_LOOP('',(#3110,#3121,#3129,#3138,#3146,#3154,#3162,#3170,
    #3179,#3187,#3195,#3203,#3212,#3220,#3228,#3236));
#3110 = ORIENTED_EDGE('',*,*,#3111,.T.);
#3111 = EDGE_CURVE('',#3112,#3114,#3116,.T.);
#3112 = VERTEX_POINT('',#3113);
#3113 = CARTESIAN_POINT('',(112.155651,-134.526925,1.585));
#3114 = VERTEX_POINT('',#3115);
#3115 = CARTESIAN_POINT('',(112.272319,-134.589285,1.585));
#3116 = CIRCLE('',#3117,7.500000000003E-02);
#3117 = AXIS2_PLACEMENT_3D('',#3118,#3119,#3120);
#3118 = CARTESIAN_POINT('',(112.197319,-134.5892850655,1.585));
#3119 = DIRECTION('',(0.,0.,-1.));
#3120 = DIRECTION('',(-0.555573333333,0.831467540731,0.));
#3121 = ORIENTED_EDGE('',*,*,#3122,.T.);
#3122 = EDGE_CURVE('',#3114,#3123,#3125,.T.);
#3123 = VERTEX_POINT('',#3124);
#3124 = CARTESIAN_POINT('',(112.270878,-135.175345,1.585));
#3125 = LINE('',#3126,#3127);
#3126 = CARTESIAN_POINT('',(112.272319,-134.589285,1.585));
#3127 = VECTOR('',#3128,1.);
#3128 = DIRECTION('',(-2.45878518261E-03,-0.999996977183,0.));
#3129 = ORIENTED_EDGE('',*,*,#3130,.T.);
#3130 = EDGE_CURVE('',#3123,#3131,#3133,.T.);
#3131 = VERTEX_POINT('',#3132);
#3132 = CARTESIAN_POINT('',(112.122319,-135.160713,1.585));
#3133 = CIRCLE('',#3134,7.500006711462E-02);
#3134 = AXIS2_PLACEMENT_3D('',#3135,#3136,#3137);
#3135 = CARTESIAN_POINT('',(112.19731906711,-135.1607130671,1.585));
#3136 = DIRECTION('',(-0.,0.,-1.));
#3137 = DIRECTION('',(0.980784894138,-0.195092263891,-0.));
#3138 = ORIENTED_EDGE('',*,*,#3139,.T.);
#3139 = EDGE_CURVE('',#3131,#3140,#3142,.T.);
#3140 = VERTEX_POINT('',#3141);
#3141 = CARTESIAN_POINT('',(112.122319,-134.949999,1.585));
#3142 = LINE('',#3143,#3144);
#3143 = CARTESIAN_POINT('',(112.122319,-135.160713,1.585));
#3144 = VECTOR('',#3145,1.);
#3145 = DIRECTION('',(0.,1.,0.));
#3146 = ORIENTED_EDGE('',*,*,#3147,.T.);
#3147 = EDGE_CURVE('',#3140,#3148,#3150,.T.);
#3148 = VERTEX_POINT('',#3149);
#3149 = CARTESIAN_POINT('',(111.426004,-134.949999,1.585));
#3150 = LINE('',#3151,#3152);
#3151 = CARTESIAN_POINT('',(112.122319,-134.949999,1.585));
#3152 = VECTOR('',#3153,1.);
#3153 = DIRECTION('',(-1.,0.,0.));
#3154 = ORIENTED_EDGE('',*,*,#3155,.T.);
#3155 = EDGE_CURVE('',#3148,#3156,#3158,.T.);
#3156 = VERTEX_POINT('',#3157);
#3157 = CARTESIAN_POINT('',(111.498533,-135.025639,1.585));
#3158 = LINE('',#3159,#3160);
#3159 = CARTESIAN_POINT('',(111.426004,-134.949999,1.585));
#3160 = VECTOR('',#3161,1.);
#3161 = DIRECTION('',(0.692107619701,-0.72179432164,0.));
#3162 = ORIENTED_EDGE('',*,*,#3163,.T.);
#3163 = EDGE_CURVE('',#3156,#3164,#3166,.T.);
#3164 = VERTEX_POINT('',#3165);
#3165 = CARTESIAN_POINT('',(111.55537,-135.140903,1.585));
#3166 = LINE('',#3167,#3168);
#3167 = CARTESIAN_POINT('',(111.498533,-135.025639,1.585));
#3168 = VECTOR('',#3169,1.);
#3169 = DIRECTION('',(0.442257930733,-0.896887909777,0.));
#3170 = ORIENTED_EDGE('',*,*,#3171,.T.);
#3171 = EDGE_CURVE('',#3164,#3172,#3174,.T.);
#3172 = VERTEX_POINT('',#3173);
#3173 = CARTESIAN_POINT('',(111.415951,-135.194254,1.585));
#3174 = CIRCLE('',#3175,7.500029440468E-02);
#3175 = AXIS2_PLACEMENT_3D('',#3176,#3177,#3178);
#3176 = CARTESIAN_POINT('',(111.48303305397,-135.1607123513,1.585));
#3177 = DIRECTION('',(0.,0.,-1.));
#3178 = DIRECTION('',(0.964488827732,0.264123647521,0.));
#3179 = ORIENTED_EDGE('',*,*,#3180,.T.);
#3180 = EDGE_CURVE('',#3172,#3181,#3183,.T.);
#3181 = VERTEX_POINT('',#3182);
#3182 = CARTESIAN_POINT('',(111.373775,-135.109902,1.585));
#3183 = LINE('',#3184,#3185);
#3184 = CARTESIAN_POINT('',(111.415951,-135.194254,1.585));
#3185 = VECTOR('',#3186,1.);
#3186 = DIRECTION('',(-0.4472135955,0.894427191,0.));
#3187 = ORIENTED_EDGE('',*,*,#3188,.T.);
#3188 = EDGE_CURVE('',#3181,#3189,#3191,.T.);
#3189 = VERTEX_POINT('',#3190);
#3190 = CARTESIAN_POINT('',(111.292394,-135.028521,1.585));
#3191 = LINE('',#3192,#3193);
#3192 = CARTESIAN_POINT('',(111.373775,-135.109902,1.585));
#3193 = VECTOR('',#3194,1.);
#3194 = DIRECTION('',(-0.707106781187,0.707106781187,0.));
#3195 = ORIENTED_EDGE('',*,*,#3196,.T.);
#3196 = EDGE_CURVE('',#3189,#3197,#3199,.T.);
#3197 = VERTEX_POINT('',#3198);
#3198 = CARTESIAN_POINT('',(111.144341,-134.928087,1.585));
#3199 = LINE('',#3200,#3201);
#3200 = CARTESIAN_POINT('',(111.292394,-135.028521,1.585));
#3201 = VECTOR('',#3202,1.);
#3202 = DIRECTION('',(-0.827555069925,0.561384544,0.));
#3203 = ORIENTED_EDGE('',*,*,#3204,.T.);
#3204 = EDGE_CURVE('',#3197,#3205,#3207,.T.);
#3205 = VERTEX_POINT('',#3206);
#3206 = CARTESIAN_POINT('',(111.197319,-134.799999,1.585));
#3207 = CIRCLE('',#3208,7.499993751707E-02);
#3208 = AXIS2_PLACEMENT_3D('',#3209,#3210,#3211);
#3209 = CARTESIAN_POINT('',(111.19731880902,-134.8749989375,1.585));
#3210 = DIRECTION('',(0.,0.,-1.));
#3211 = DIRECTION('',(-0.706371375515,-0.707841422816,-0.));
#3212 = ORIENTED_EDGE('',*,*,#3213,.T.);
#3213 = EDGE_CURVE('',#3205,#3214,#3216,.T.);
#3214 = VERTEX_POINT('',#3215);
#3215 = CARTESIAN_POINT('',(112.122319,-134.799999,1.585));
#3216 = LINE('',#3217,#3218);
#3217 = CARTESIAN_POINT('',(111.197319,-134.799999,1.585));
#3218 = VECTOR('',#3219,1.);
#3219 = DIRECTION('',(1.,0.,0.));
#3220 = ORIENTED_EDGE('',*,*,#3221,.T.);
#3221 = EDGE_CURVE('',#3214,#3222,#3224,.T.);
#3222 = VERTEX_POINT('',#3223);
#3223 = CARTESIAN_POINT('',(112.12376,-134.574653,1.585));
#3224 = LINE('',#3225,#3226);
#3225 = CARTESIAN_POINT('',(112.122319,-134.799999,1.585));
#3226 = VECTOR('',#3227,1.);
#3227 = DIRECTION('',(6.394480216655E-03,0.999979555102,0.));
#3228 = ORIENTED_EDGE('',*,*,#3229,.T.);
#3229 = EDGE_CURVE('',#3222,#3230,#3232,.T.);
#3230 = VERTEX_POINT('',#3231);
#3231 = CARTESIAN_POINT('',(112.134959,-134.547617,1.585));
#3232 = LINE('',#3233,#3234);
#3233 = CARTESIAN_POINT('',(112.12376,-134.574653,1.585));
#3234 = VECTOR('',#3235,1.);
#3235 = DIRECTION('',(0.38269282806,0.923875640631,0.));
#3236 = ORIENTED_EDGE('',*,*,#3237,.T.);
#3237 = EDGE_CURVE('',#3230,#3112,#3238,.T.);
#3238 = LINE('',#3239,#3240);
#3239 = CARTESIAN_POINT('',(112.134959,-134.547617,1.585));
#3240 = VECTOR('',#3241,1.);
#3241 = DIRECTION('',(0.707106781187,0.707106781186,0.));
#3242 = PLANE('',#3243);
#3243 = AXIS2_PLACEMENT_3D('',#3244,#3245,#3246);
#3244 = CARTESIAN_POINT('',(0.,0.,1.585));
#3245 = DIRECTION('',(0.,0.,1.));
#3246 = DIRECTION('',(1.,0.,-0.));
#3247 = SHELL_BASED_SURFACE_MODEL('',(#3248));
#3248 = OPEN_SHELL('',(#3249));
#3249 = ADVANCED_FACE('',(#3250),#3319,.T.);
#3250 = FACE_BOUND('',#3251,.F.);
#3251 = EDGE_LOOP('',(#3252,#3263,#3271,#3279,#3288,#3296,#3305,#3313));
#3252 = ORIENTED_EDGE('',*,*,#3253,.T.);
#3253 = EDGE_CURVE('',#3254,#3256,#3258,.T.);
#3254 = VERTEX_POINT('',#3255);
#3255 = CARTESIAN_POINT('',(143.834567,-134.474539,1.585));
#3256 = VERTEX_POINT('',#3257);
#3257 = CARTESIAN_POINT('',(143.95,-134.4975,1.585));
#3258 = CIRCLE('',#3259,6.000007318647E-02);
#3259 = AXIS2_PLACEMENT_3D('',#3260,#3261,#3262);
#3260 = CARTESIAN_POINT('',(143.88999992681,-134.4974998233,1.585));
#3261 = DIRECTION('',(0.,0.,-1.));
#3262 = DIRECTION('',(-0.923880986636,0.382679921777,0.));
#3263 = ORIENTED_EDGE('',*,*,#3264,.T.);
#3264 = EDGE_CURVE('',#3256,#3265,#3267,.T.);
#3265 = VERTEX_POINT('',#3266);
#3266 = CARTESIAN_POINT('',(143.95,-134.9125,1.585));
#3267 = LINE('',#3268,#3269);
#3268 = CARTESIAN_POINT('',(143.95,-134.4975,1.585));
#3269 = VECTOR('',#3270,1.);
#3270 = DIRECTION('',(0.,-1.,0.));
#3271 = ORIENTED_EDGE('',*,*,#3272,.T.);
#3272 = EDGE_CURVE('',#3265,#3273,#3275,.T.);
#3273 = VERTEX_POINT('',#3274);
#3274 = CARTESIAN_POINT('',(144.365,-134.9125,1.585));
#3275 = LINE('',#3276,#3277);
#3276 = CARTESIAN_POINT('',(143.95,-134.9125,1.585));
#3277 = VECTOR('',#3278,1.);
#3278 = DIRECTION('',(1.,0.,0.));
#3279 = ORIENTED_EDGE('',*,*,#3280,.T.);
#3280 = EDGE_CURVE('',#3273,#3281,#3283,.T.);
#3281 = VERTEX_POINT('',#3282);
#3282 = CARTESIAN_POINT('',(144.365,-135.0325,1.585));
#3283 = CIRCLE('',#3284,6.000000000042E-02);
#3284 = AXIS2_PLACEMENT_3D('',#3285,#3286,#3287);
#3285 = CARTESIAN_POINT('',(144.36500022558,-134.9725,1.585));
#3286 = DIRECTION('',(0.,0.,-1.));
#3287 = DIRECTION('',(-3.759794253684E-06,0.999999999993,-0.));
#3288 = ORIENTED_EDGE('',*,*,#3289,.T.);
#3289 = EDGE_CURVE('',#3281,#3290,#3292,.T.);
#3290 = VERTEX_POINT('',#3291);
#3291 = CARTESIAN_POINT('',(143.89,-135.0325,1.585));
#3292 = LINE('',#3293,#3294);
#3293 = CARTESIAN_POINT('',(144.365,-135.0325,1.585));
#3294 = VECTOR('',#3295,1.);
#3295 = DIRECTION('',(-1.,0.,0.));
#3296 = ORIENTED_EDGE('',*,*,#3297,.T.);
#3297 = EDGE_CURVE('',#3290,#3298,#3300,.T.);
#3298 = VERTEX_POINT('',#3299);
#3299 = CARTESIAN_POINT('',(143.83,-134.9725,1.585));
#3300 = CIRCLE('',#3301,5.999932016261E-02);
#3301 = AXIS2_PLACEMENT_3D('',#3302,#3303,#3304);
#3302 = CARTESIAN_POINT('',(143.88999932015,-134.9725006798,1.585));
#3303 = DIRECTION('',(0.,0.,-1.));
#3304 = DIRECTION('',(1.133081564772E-05,-0.999999999936,0.));
#3305 = ORIENTED_EDGE('',*,*,#3306,.T.);
#3306 = EDGE_CURVE('',#3298,#3307,#3309,.T.);
#3307 = VERTEX_POINT('',#3308);
#3308 = CARTESIAN_POINT('',(143.83,-134.4975,1.585));
#3309 = LINE('',#3310,#3311);
#3310 = CARTESIAN_POINT('',(143.83,-134.9725,1.585));
#3311 = VECTOR('',#3312,1.);
#3312 = DIRECTION('',(0.,1.,0.));
#3313 = ORIENTED_EDGE('',*,*,#3314,.T.);
#3314 = EDGE_CURVE('',#3307,#3254,#3315,.T.);
#3315 = LINE('',#3316,#3317);
#3316 = CARTESIAN_POINT('',(143.83,-134.4975,1.585));
#3317 = VECTOR('',#3318,1.);
#3318 = DIRECTION('',(0.195081000117,0.980787134598,0.));
#3319 = PLANE('',#3320);
#3320 = AXIS2_PLACEMENT_3D('',#3321,#3322,#3323);
#3321 = CARTESIAN_POINT('',(0.,0.,1.585));
#3322 = DIRECTION('',(0.,0.,1.));
#3323 = DIRECTION('',(1.,0.,-0.));
#3324 = SHELL_BASED_SURFACE_MODEL('',(#3325));
#3325 = OPEN_SHELL('',(#3326));
#3326 = ADVANCED_FACE('',(#3327),#3396,.T.);
#3327 = FACE_BOUND('',#3328,.F.);
#3328 = EDGE_LOOP('',(#3329,#3340,#3348,#3357,#3365,#3374,#3382,#3390));
#3329 = ORIENTED_EDGE('',*,*,#3330,.T.);
#3330 = EDGE_CURVE('',#3331,#3333,#3335,.T.);
#3331 = VERTEX_POINT('',#3332);
#3332 = CARTESIAN_POINT('',(147.054567,-134.474539,1.585));
#3333 = VERTEX_POINT('',#3334);
#3334 = CARTESIAN_POINT('',(147.17,-134.4975,1.585));
#3335 = CIRCLE('',#3336,6.000007318647E-02);
#3336 = AXIS2_PLACEMENT_3D('',#3337,#3338,#3339);
#3337 = CARTESIAN_POINT('',(147.10999992681,-134.4974998233,1.585));
#3338 = DIRECTION('',(0.,0.,-1.));
#3339 = DIRECTION('',(-0.923880986636,0.382679921777,0.));
#3340 = ORIENTED_EDGE('',*,*,#3341,.T.);
#3341 = EDGE_CURVE('',#3333,#3342,#3344,.T.);
#3342 = VERTEX_POINT('',#3343);
#3343 = CARTESIAN_POINT('',(147.17,-134.9725,1.585));
#3344 = LINE('',#3345,#3346);
#3345 = CARTESIAN_POINT('',(147.17,-134.4975,1.585));
#3346 = VECTOR('',#3347,1.);
#3347 = DIRECTION('',(0.,-1.,0.));
#3348 = ORIENTED_EDGE('',*,*,#3349,.T.);
#3349 = EDGE_CURVE('',#3342,#3350,#3352,.T.);
#3350 = VERTEX_POINT('',#3351);
#3351 = CARTESIAN_POINT('',(147.11,-135.0325,1.585));
#3352 = CIRCLE('',#3353,5.999932016253E-02);
#3353 = AXIS2_PLACEMENT_3D('',#3354,#3355,#3356);
#3354 = CARTESIAN_POINT('',(147.11000067984,-134.9725006798,1.585));
#3355 = DIRECTION('',(0.,0.,-1.));
#3356 = DIRECTION('',(0.999999999936,1.133081706884E-05,0.));
#3357 = ORIENTED_EDGE('',*,*,#3358,.T.);
#3358 = EDGE_CURVE('',#3350,#3359,#3361,.T.);
#3359 = VERTEX_POINT('',#3360);
#3360 = CARTESIAN_POINT('',(146.635,-135.0325,1.585));
#3361 = LINE('',#3362,#3363);
#3362 = CARTESIAN_POINT('',(147.11,-135.0325,1.585));
#3363 = VECTOR('',#3364,1.);
#3364 = DIRECTION('',(-1.,0.,0.));
#3365 = ORIENTED_EDGE('',*,*,#3366,.T.);
#3366 = EDGE_CURVE('',#3359,#3367,#3369,.T.);
#3367 = VERTEX_POINT('',#3368);
#3368 = CARTESIAN_POINT('',(146.635,-134.9125,1.585));
#3369 = CIRCLE('',#3370,6.000000000042E-02);
#3370 = AXIS2_PLACEMENT_3D('',#3371,#3372,#3373);
#3371 = CARTESIAN_POINT('',(146.63499977441,-134.9725,1.585));
#3372 = DIRECTION('',(0.,0.,-1.));
#3373 = DIRECTION('',(3.759794253684E-06,-0.999999999993,0.));
#3374 = ORIENTED_EDGE('',*,*,#3375,.T.);
#3375 = EDGE_CURVE('',#3367,#3376,#3378,.T.);
#3376 = VERTEX_POINT('',#3377);
#3377 = CARTESIAN_POINT('',(147.05,-134.9125,1.585));
#3378 = LINE('',#3379,#3380);
#3379 = CARTESIAN_POINT('',(146.635,-134.9125,1.585));
#3380 = VECTOR('',#3381,1.);
#3381 = DIRECTION('',(1.,0.,0.));
#3382 = ORIENTED_EDGE('',*,*,#3383,.T.);
#3383 = EDGE_CURVE('',#3376,#3384,#3386,.T.);
#3384 = VERTEX_POINT('',#3385);
#3385 = CARTESIAN_POINT('',(147.05,-134.4975,1.585));
#3386 = LINE('',#3387,#3388);
#3387 = CARTESIAN_POINT('',(147.05,-134.9125,1.585));
#3388 = VECTOR('',#3389,1.);
#3389 = DIRECTION('',(0.,1.,0.));
#3390 = ORIENTED_EDGE('',*,*,#3391,.T.);
#3391 = EDGE_CURVE('',#3384,#3331,#3392,.T.);
#3392 = LINE('',#3393,#3394);
#3393 = CARTESIAN_POINT('',(147.05,-134.4975,1.585));
#3394 = VECTOR('',#3395,1.);
#3395 = DIRECTION('',(0.195081000117,0.980787134598,0.));
#3396 = PLANE('',#3397);
#3397 = AXIS2_PLACEMENT_3D('',#3398,#3399,#3400);
#3398 = CARTESIAN_POINT('',(0.,0.,1.585));
#3399 = DIRECTION('',(0.,0.,1.));
#3400 = DIRECTION('',(1.,0.,-0.));
#3401 = SHELL_BASED_SURFACE_MODEL('',(#3402));
#3402 = OPEN_SHELL('',(#3403));
#3403 = ADVANCED_FACE('',(#3404),#3440,.T.);
#3404 = FACE_BOUND('',#3405,.F.);
#3405 = EDGE_LOOP('',(#3406,#3417,#3425,#3434));
#3406 = ORIENTED_EDGE('',*,*,#3407,.T.);
#3407 = EDGE_CURVE('',#3408,#3410,#3412,.T.);
#3408 = VERTEX_POINT('',#3409);
#3409 = CARTESIAN_POINT('',(112.64,-134.875,1.585));
#3410 = VERTEX_POINT('',#3411);
#3411 = CARTESIAN_POINT('',(112.64,-134.755,1.585));
#3412 = CIRCLE('',#3413,6.000000000043E-02);
#3413 = AXIS2_PLACEMENT_3D('',#3414,#3415,#3416);
#3414 = CARTESIAN_POINT('',(112.63999977441,-134.815,1.585));
#3415 = DIRECTION('',(0.,0.,-1.));
#3416 = DIRECTION('',(3.759794016836E-06,-0.999999999993,0.));
#3417 = ORIENTED_EDGE('',*,*,#3418,.T.);
#3418 = EDGE_CURVE('',#3410,#3419,#3421,.T.);
#3419 = VERTEX_POINT('',#3420);
#3420 = CARTESIAN_POINT('',(117.26,-134.755,1.585));
#3421 = LINE('',#3422,#3423);
#3422 = CARTESIAN_POINT('',(112.64,-134.755,1.585));
#3423 = VECTOR('',#3424,1.);
#3424 = DIRECTION('',(1.,0.,0.));
#3425 = ORIENTED_EDGE('',*,*,#3426,.T.);
#3426 = EDGE_CURVE('',#3419,#3427,#3429,.T.);
#3427 = VERTEX_POINT('',#3428);
#3428 = CARTESIAN_POINT('',(117.26,-134.875,1.585));
#3429 = CIRCLE('',#3430,6.000000000043E-02);
#3430 = AXIS2_PLACEMENT_3D('',#3431,#3432,#3433);
#3431 = CARTESIAN_POINT('',(117.26000022558,-134.815,1.585));
#3432 = DIRECTION('',(0.,0.,-1.));
#3433 = DIRECTION('',(-3.759794016836E-06,0.999999999993,-0.));
#3434 = ORIENTED_EDGE('',*,*,#3435,.T.);
#3435 = EDGE_CURVE('',#3427,#3408,#3436,.T.);
#3436 = LINE('',#3437,#3438);
#3437 = CARTESIAN_POINT('',(117.26,-134.875,1.585));
#3438 = VECTOR('',#3439,1.);
#3439 = DIRECTION('',(-1.,0.,0.));
#3440 = PLANE('',#3441);
#3441 = AXIS2_PLACEMENT_3D('',#3442,#3443,#3444);
#3442 = CARTESIAN_POINT('',(0.,0.,1.585));
#3443 = DIRECTION('',(0.,0.,1.));
#3444 = DIRECTION('',(1.,0.,-0.));
#3445 = SHELL_BASED_SURFACE_MODEL('',(#3446));
#3446 = OPEN_SHELL('',(#3447));
#3447 = ADVANCED_FACE('',(#3448),#3607,.T.);
#3448 = FACE_BOUND('',#3449,.F.);
#3449 = EDGE_LOOP('',(#3450,#3461,#3469,#3477,#3485,#3493,#3501,#3509,
    #3518,#3526,#3535,#3543,#3551,#3559,#3568,#3576,#3584,#3592,#3601));
#3450 = ORIENTED_EDGE('',*,*,#3451,.T.);
#3451 = EDGE_CURVE('',#3452,#3454,#3456,.T.);
#3452 = VERTEX_POINT('',#3453);
#3453 = CARTESIAN_POINT('',(115.202173,-133.435356,1.585));
#3454 = VERTEX_POINT('',#3455);
#3455 = CARTESIAN_POINT('',(115.711568,-133.444686,1.585));
#3456 = CIRCLE('',#3457,0.450326844012);
#3457 = AXIS2_PLACEMENT_3D('',#3458,#3459,#3460);
#3458 = CARTESIAN_POINT('',(115.4500700301,-133.8113098919,1.585));
#3459 = DIRECTION('',(0.,0.,-1.));
#3460 = DIRECTION('',(-0.550482462684,0.834846727416,0.));
#3461 = ORIENTED_EDGE('',*,*,#3462,.T.);
#3462 = EDGE_CURVE('',#3454,#3463,#3465,.T.);
#3463 = VERTEX_POINT('',#3464);
#3464 = CARTESIAN_POINT('',(115.775021,-133.510216,1.585));
#3465 = LINE('',#3466,#3467);
#3466 = CARTESIAN_POINT('',(115.711568,-133.444686,1.585));
#3467 = VECTOR('',#3468,1.);
#3468 = DIRECTION('',(0.695630129574,-0.718400113328,0.));
#3469 = ORIENTED_EDGE('',*,*,#3470,.T.);
#3470 = EDGE_CURVE('',#3463,#3471,#3473,.T.);
#3471 = VERTEX_POINT('',#3472);
#3472 = CARTESIAN_POINT('',(115.833082,-133.630663,1.585));
#3473 = LINE('',#3474,#3475);
#3474 = CARTESIAN_POINT('',(115.775021,-133.510216,1.585));
#3475 = VECTOR('',#3476,1.);
#3476 = DIRECTION('',(0.434228424707,-0.900802794831,0.));
#3477 = ORIENTED_EDGE('',*,*,#3478,.T.);
#3478 = EDGE_CURVE('',#3471,#3479,#3481,.T.);
#3479 = VERTEX_POINT('',#3480);
#3480 = CARTESIAN_POINT('',(115.832323,-133.756995,1.585));
#3481 = LINE('',#3482,#3483);
#3482 = CARTESIAN_POINT('',(115.833082,-133.630663,1.585));
#3483 = VECTOR('',#3484,1.);
#3484 = DIRECTION('',(-6.007870547546E-03,-0.999981952583,0.));
#3485 = ORIENTED_EDGE('',*,*,#3486,.T.);
#3486 = EDGE_CURVE('',#3479,#3487,#3489,.T.);
#3487 = VERTEX_POINT('',#3488);
#3488 = CARTESIAN_POINT('',(115.774265,-133.925058,1.585));
#3489 = LINE('',#3490,#3491);
#3490 = CARTESIAN_POINT('',(115.832323,-133.756995,1.585));
#3491 = VECTOR('',#3492,1.);
#3492 = DIRECTION('',(-0.326519613327,-0.945190426376,0.));
#3493 = ORIENTED_EDGE('',*,*,#3494,.T.);
#3494 = EDGE_CURVE('',#3487,#3495,#3497,.T.);
#3495 = VERTEX_POINT('',#3496);
#3496 = CARTESIAN_POINT('',(115.321542,-134.379819,1.585));
#3497 = LINE('',#3498,#3499);
#3498 = CARTESIAN_POINT('',(115.774265,-133.925058,1.585));
#3499 = VECTOR('',#3500,1.);
#3500 = DIRECTION('',(-0.705517003129,-0.708692992978,0.));
#3501 = ORIENTED_EDGE('',*,*,#3502,.T.);
#3502 = EDGE_CURVE('',#3495,#3503,#3505,.T.);
#3503 = VERTEX_POINT('',#3504);
#3504 = CARTESIAN_POINT('',(115.774155,-134.38126,1.585));
#3505 = LINE('',#3506,#3507);
#3506 = CARTESIAN_POINT('',(115.321542,-134.379819,1.585));
#3507 = VECTOR('',#3508,1.);
#3508 = DIRECTION('',(0.999994931953,-3.183719197072E-03,0.));
#3509 = ORIENTED_EDGE('',*,*,#3510,.T.);
#3510 = EDGE_CURVE('',#3503,#3511,#3513,.T.);
#3511 = VERTEX_POINT('',#3512);
#3512 = CARTESIAN_POINT('',(115.759523,-134.529819,1.585));
#3513 = CIRCLE('',#3514,7.500006711464E-02);
#3514 = AXIS2_PLACEMENT_3D('',#3515,#3516,#3517);
#3515 = CARTESIAN_POINT('',(115.75952306711,-134.4548189328,1.585));
#3516 = DIRECTION('',(0.,0.,-1.));
#3517 = DIRECTION('',(0.195092263891,0.980784894138,0.));
#3518 = ORIENTED_EDGE('',*,*,#3519,.T.);
#3519 = EDGE_CURVE('',#3511,#3520,#3522,.T.);
#3520 = VERTEX_POINT('',#3521);
#3521 = CARTESIAN_POINT('',(115.125844,-134.528378,1.585));
#3522 = LINE('',#3523,#3524);
#3523 = CARTESIAN_POINT('',(115.759523,-134.529819,1.585));
#3524 = VECTOR('',#3525,1.);
#3525 = DIRECTION('',(-0.999997414422,2.274016140951E-03,0.));
#3526 = ORIENTED_EDGE('',*,*,#3527,.T.);
#3527 = EDGE_CURVE('',#3520,#3528,#3530,.T.);
#3528 = VERTEX_POINT('',#3529);
#3529 = CARTESIAN_POINT('',(115.087443,-134.401786,1.585));
#3530 = CIRCLE('',#3531,7.50002101311E-02);
#3531 = AXIS2_PLACEMENT_3D('',#3532,#3533,#3534);
#3532 = CARTESIAN_POINT('',(115.1404763167,-134.4548189976,1.585));
#3533 = DIRECTION('',(0.,0.,-1.));
#3534 = DIRECTION('',(-0.195097009436,-0.980783950169,-0.));
#3535 = ORIENTED_EDGE('',*,*,#3536,.T.);
#3536 = EDGE_CURVE('',#3528,#3537,#3539,.T.);
#3537 = VERTEX_POINT('',#3538);
#3538 = CARTESIAN_POINT('',(115.646351,-133.842876,1.585));
#3539 = LINE('',#3540,#3541);
#3540 = CARTESIAN_POINT('',(115.087443,-134.401786,1.585));
#3541 = VECTOR('',#3542,1.);
#3542 = DIRECTION('',(0.70710551603,0.707108046341,0.));
#3543 = ORIENTED_EDGE('',*,*,#3544,.T.);
#3544 = EDGE_CURVE('',#3537,#3545,#3547,.T.);
#3545 = VERTEX_POINT('',#3546);
#3546 = CARTESIAN_POINT('',(115.684523,-133.728363,1.585));
#3547 = LINE('',#3548,#3549);
#3548 = CARTESIAN_POINT('',(115.646351,-133.842876,1.585));
#3549 = VECTOR('',#3550,1.);
#3550 = DIRECTION('',(0.31623522204,0.948680812677,0.));
#3551 = ORIENTED_EDGE('',*,*,#3552,.T.);
#3552 = EDGE_CURVE('',#3545,#3553,#3555,.T.);
#3553 = VERTEX_POINT('',#3554);
#3554 = CARTESIAN_POINT('',(115.684523,-133.663,1.585));
#3555 = LINE('',#3556,#3557);
#3556 = CARTESIAN_POINT('',(115.684523,-133.728363,1.585));
#3557 = VECTOR('',#3558,1.);
#3558 = DIRECTION('',(0.,1.,0.));
#3559 = ORIENTED_EDGE('',*,*,#3560,.T.);
#3560 = EDGE_CURVE('',#3553,#3561,#3563,.T.);
#3561 = VERTEX_POINT('',#3562);
#3562 = CARTESIAN_POINT('',(115.551342,-133.529819,1.585));
#3563 = CIRCLE('',#3564,0.18686440374);
#3564 = AXIS2_PLACEMENT_3D('',#3565,#3566,#3567);
#3565 = CARTESIAN_POINT('',(115.503806,-133.710536,1.585));
#3566 = DIRECTION('',(0.,0.,1.));
#3567 = DIRECTION('',(0.967102328658,0.254387668537,-0.));
#3568 = ORIENTED_EDGE('',*,*,#3569,.T.);
#3569 = EDGE_CURVE('',#3561,#3570,#3572,.T.);
#3570 = VERTEX_POINT('',#3571);
#3571 = CARTESIAN_POINT('',(115.348657,-133.529819,1.585));
#3572 = LINE('',#3573,#3574);
#3573 = CARTESIAN_POINT('',(115.551342,-133.529819,1.585));
#3574 = VECTOR('',#3575,1.);
#3575 = DIRECTION('',(-1.,0.,0.));
#3576 = ORIENTED_EDGE('',*,*,#3577,.T.);
#3577 = EDGE_CURVE('',#3570,#3578,#3580,.T.);
#3578 = VERTEX_POINT('',#3579);
#3579 = CARTESIAN_POINT('',(115.280141,-133.564077,1.585));
#3580 = LINE('',#3581,#3582);
#3581 = CARTESIAN_POINT('',(115.348657,-133.529819,1.585));
#3582 = VECTOR('',#3583,1.);
#3583 = DIRECTION('',(-0.894427191,-0.4472135955,0.));
#3584 = ORIENTED_EDGE('',*,*,#3585,.T.);
#3585 = EDGE_CURVE('',#3578,#3586,#3588,.T.);
#3586 = VERTEX_POINT('',#3587);
#3587 = CARTESIAN_POINT('',(115.229763,-133.612417,1.585));
#3588 = LINE('',#3589,#3590);
#3589 = CARTESIAN_POINT('',(115.280141,-133.564077,1.585));
#3590 = VECTOR('',#3591,1.);
#3591 = DIRECTION('',(-0.721551016594,-0.692361271629,0.));
#3592 = ORIENTED_EDGE('',*,*,#3593,.T.);
#3593 = EDGE_CURVE('',#3586,#3594,#3596,.T.);
#3594 = VERTEX_POINT('',#3595);
#3595 = CARTESIAN_POINT('',(115.135062,-133.497024,1.585));
#3596 = CIRCLE('',#3597,7.499996838526E-02);
#3597 = AXIS2_PLACEMENT_3D('',#3598,#3599,#3600);
#3598 = CARTESIAN_POINT('',(115.188095,-133.5500569724,1.585));
#3599 = DIRECTION('',(0.,0.,-1.));
#3600 = DIRECTION('',(0.555573567524,-0.831467384248,0.));
#3601 = ORIENTED_EDGE('',*,*,#3602,.T.);
#3602 = EDGE_CURVE('',#3594,#3452,#3603,.T.);
#3603 = LINE('',#3604,#3605);
#3604 = CARTESIAN_POINT('',(115.135062,-133.497024,1.585));
#3605 = VECTOR('',#3606,1.);
#3606 = DIRECTION('',(0.736336089652,0.676615964248,0.));
#3607 = PLANE('',#3608);
#3608 = AXIS2_PLACEMENT_3D('',#3609,#3610,#3611);
#3609 = CARTESIAN_POINT('',(0.,0.,1.585));
#3610 = DIRECTION('',(0.,0.,1.));
#3611 = DIRECTION('',(1.,0.,-0.));
#3612 = SHELL_BASED_SURFACE_MODEL('',(#3613));
#3613 = OPEN_SHELL('',(#3614));
#3614 = ADVANCED_FACE('',(#3615),#3735,.T.);
#3615 = FACE_BOUND('',#3616,.F.);
#3616 = EDGE_LOOP('',(#3617,#3628,#3636,#3645,#3653,#3662,#3670,#3679,
    #3687,#3696,#3704,#3713,#3721,#3729));
#3617 = ORIENTED_EDGE('',*,*,#3618,.T.);
#3618 = EDGE_CURVE('',#3619,#3621,#3623,.T.);
#3619 = VERTEX_POINT('',#3620);
#3620 = CARTESIAN_POINT('',(114.146427,-133.392459,1.585));
#3621 = VERTEX_POINT('',#3622);
#3622 = CARTESIAN_POINT('',(114.263095,-133.454819,1.585));
#3623 = CIRCLE('',#3624,7.500000000002E-02);
#3624 = AXIS2_PLACEMENT_3D('',#3625,#3626,#3627);
#3625 = CARTESIAN_POINT('',(114.188095,-133.4548190655,1.585));
#3626 = DIRECTION('',(0.,0.,-1.));
#3627 = DIRECTION('',(-0.555573333333,0.831467540731,0.));
#3628 = ORIENTED_EDGE('',*,*,#3629,.T.);
#3629 = EDGE_CURVE('',#3621,#3630,#3632,.T.);
#3630 = VERTEX_POINT('',#3631);
#3631 = CARTESIAN_POINT('',(114.263095,-134.246637,1.585));
#3632 = LINE('',#3633,#3634);
#3633 = CARTESIAN_POINT('',(114.263095,-133.454819,1.585));
#3634 = VECTOR('',#3635,1.);
#3635 = DIRECTION('',(0.,-1.,0.));
#3636 = ORIENTED_EDGE('',*,*,#3637,.T.);
#3637 = EDGE_CURVE('',#3630,#3638,#3640,.T.);
#3638 = VERTEX_POINT('',#3639);
#3639 = CARTESIAN_POINT('',(114.396276,-134.379819,1.585));
#3640 = CIRCLE('',#3641,0.186867373533);
#3641 = AXIS2_PLACEMENT_3D('',#3642,#3643,#3644);
#3642 = CARTESIAN_POINT('',(114.44381471388,-134.199099643,1.585));
#3643 = DIRECTION('',(0.,0.,1.));
#3644 = DIRECTION('',(-0.967101482012,-0.2543908872,0.));
#3645 = ORIENTED_EDGE('',*,*,#3646,.T.);
#3646 = EDGE_CURVE('',#3638,#3647,#3649,.T.);
#3647 = VERTEX_POINT('',#3648);
#3648 = CARTESIAN_POINT('',(114.551342,-134.379819,1.585));
#3649 = LINE('',#3650,#3651);
#3650 = CARTESIAN_POINT('',(114.396276,-134.379819,1.585));
#3651 = VECTOR('',#3652,1.);
#3652 = DIRECTION('',(1.,0.,0.));
#3653 = ORIENTED_EDGE('',*,*,#3654,.T.);
#3654 = EDGE_CURVE('',#3647,#3655,#3657,.T.);
#3655 = VERTEX_POINT('',#3656);
#3656 = CARTESIAN_POINT('',(114.684523,-134.246637,1.585));
#3657 = CIRCLE('',#3658,0.186867760544);
#3658 = AXIS2_PLACEMENT_3D('',#3659,#3660,#3661);
#3659 = CARTESIAN_POINT('',(114.50380296928,-134.1990993262,1.585));
#3660 = DIRECTION('',(0.,0.,1.));
#3661 = DIRECTION('',(0.254399317356,-0.967099264465,0.));
#3662 = ORIENTED_EDGE('',*,*,#3663,.T.);
#3663 = EDGE_CURVE('',#3655,#3664,#3666,.T.);
#3664 = VERTEX_POINT('',#3665);
#3665 = CARTESIAN_POINT('',(114.685964,-133.440187,1.585));
#3666 = LINE('',#3667,#3668);
#3667 = CARTESIAN_POINT('',(114.684523,-134.246637,1.585));
#3668 = VECTOR('',#3669,1.);
#3669 = DIRECTION('',(1.786840721168E-03,0.999998403599,0.));
#3670 = ORIENTED_EDGE('',*,*,#3671,.T.);
#3671 = EDGE_CURVE('',#3664,#3672,#3674,.T.);
#3672 = VERTEX_POINT('',#3673);
#3673 = CARTESIAN_POINT('',(114.834523,-133.454819,1.585));
#3674 = CIRCLE('',#3675,7.500006711464E-02);
#3675 = AXIS2_PLACEMENT_3D('',#3676,#3677,#3678);
#3676 = CARTESIAN_POINT('',(114.75952293288,-133.4548189328,1.585));
#3677 = DIRECTION('',(0.,0.,-1.));
#3678 = DIRECTION('',(-0.980784894138,0.195092263891,0.));
#3679 = ORIENTED_EDGE('',*,*,#3680,.T.);
#3680 = EDGE_CURVE('',#3672,#3681,#3683,.T.);
#3681 = VERTEX_POINT('',#3682);
#3682 = CARTESIAN_POINT('',(114.83186,-134.284152,1.585));
#3683 = LINE('',#3684,#3685);
#3684 = CARTESIAN_POINT('',(114.834523,-133.454819,1.585));
#3685 = VECTOR('',#3686,1.);
#3686 = DIRECTION('',(-3.210997598702E-03,-0.999994844734,0.));
#3687 = ORIENTED_EDGE('',*,*,#3688,.T.);
#3688 = EDGE_CURVE('',#3681,#3689,#3691,.T.);
#3689 = VERTEX_POINT('',#3690);
#3690 = CARTESIAN_POINT('',(114.583679,-134.528378,1.585));
#3691 = CIRCLE('',#3692,0.348635327447);
#3692 = AXIS2_PLACEMENT_3D('',#3693,#3694,#3695);
#3693 = CARTESIAN_POINT('',(114.49590748129,-134.1909720841,1.585));
#3694 = DIRECTION('',(0.,0.,-1.));
#3695 = DIRECTION('',(0.963621561732,-0.267270435638,0.));
#3696 = ORIENTED_EDGE('',*,*,#3697,.T.);
#3697 = EDGE_CURVE('',#3689,#3698,#3700,.T.);
#3698 = VERTEX_POINT('',#3699);
#3699 = CARTESIAN_POINT('',(114.358761,-134.527156,1.585));
#3700 = LINE('',#3701,#3702);
#3701 = CARTESIAN_POINT('',(114.583679,-134.528378,1.585));
#3702 = VECTOR('',#3703,1.);
#3703 = DIRECTION('',(-0.999985241087,5.433010984541E-03,0.));
#3704 = ORIENTED_EDGE('',*,*,#3705,.T.);
#3705 = EDGE_CURVE('',#3698,#3706,#3708,.T.);
#3706 = VERTEX_POINT('',#3707);
#3707 = CARTESIAN_POINT('',(114.114536,-134.278974,1.585));
#3708 = CIRCLE('',#3709,0.348628446662);
#3709 = AXIS2_PLACEMENT_3D('',#3710,#3711,#3712);
#3710 = CARTESIAN_POINT('',(114.45193661322,-134.1912094284,1.585));
#3711 = DIRECTION('',(0.,0.,-1.));
#3712 = DIRECTION('',(-0.267263369124,-0.963623521674,-0.));
#3713 = ORIENTED_EDGE('',*,*,#3714,.T.);
#3714 = EDGE_CURVE('',#3706,#3715,#3717,.T.);
#3715 = VERTEX_POINT('',#3716);
#3716 = CARTESIAN_POINT('',(114.114536,-133.440187,1.585));
#3717 = LINE('',#3718,#3719);
#3718 = CARTESIAN_POINT('',(114.114536,-134.278974,1.585));
#3719 = VECTOR('',#3720,1.);
#3720 = DIRECTION('',(0.,1.,0.));
#3721 = ORIENTED_EDGE('',*,*,#3722,.T.);
#3722 = EDGE_CURVE('',#3715,#3723,#3725,.T.);
#3723 = VERTEX_POINT('',#3724);
#3724 = CARTESIAN_POINT('',(114.125735,-133.413151,1.585));
#3725 = LINE('',#3726,#3727);
#3726 = CARTESIAN_POINT('',(114.114536,-133.440187,1.585));
#3727 = VECTOR('',#3728,1.);
#3728 = DIRECTION('',(0.38269282806,0.923875640631,0.));
#3729 = ORIENTED_EDGE('',*,*,#3730,.T.);
#3730 = EDGE_CURVE('',#3723,#3619,#3731,.T.);
#3731 = LINE('',#3732,#3733);
#3732 = CARTESIAN_POINT('',(114.125735,-133.413151,1.585));
#3733 = VECTOR('',#3734,1.);
#3734 = DIRECTION('',(0.707106781187,0.707106781187,0.));
#3735 = PLANE('',#3736);
#3736 = AXIS2_PLACEMENT_3D('',#3737,#3738,#3739);
#3737 = CARTESIAN_POINT('',(0.,0.,1.585));
#3738 = DIRECTION('',(0.,0.,1.));
#3739 = DIRECTION('',(1.,0.,-0.));
#3740 = SHELL_BASED_SURFACE_MODEL('',(#3741));
#3741 = OPEN_SHELL('',(#3742));
#3742 = ADVANCED_FACE('',(#3743),#3829,.T.);
#3743 = FACE_BOUND('',#3744,.F.);
#3744 = EDGE_LOOP('',(#3745,#3756,#3764,#3773,#3781,#3790,#3798,#3806,
    #3814,#3823));
#3745 = ORIENTED_EDGE('',*,*,#3746,.T.);
#3746 = EDGE_CURVE('',#3747,#3749,#3751,.T.);
#3747 = VERTEX_POINT('',#3748);
#3748 = CARTESIAN_POINT('',(98.84,-125.4,1.585));
#3749 = VERTEX_POINT('',#3750);
#3750 = CARTESIAN_POINT('',(98.9,-125.34,1.585));
#3751 = CIRCLE('',#3752,5.999932016258E-02);
#3752 = AXIS2_PLACEMENT_3D('',#3753,#3754,#3755);
#3753 = CARTESIAN_POINT('',(98.899999320159,-125.3999993201,1.585));
#3754 = DIRECTION('',(0.,0.,-1.));
#3755 = DIRECTION('',(-0.999999999936,-1.133081635828E-05,-0.));
#3756 = ORIENTED_EDGE('',*,*,#3757,.T.);
#3757 = EDGE_CURVE('',#3749,#3758,#3760,.T.);
#3758 = VERTEX_POINT('',#3759);
#3759 = CARTESIAN_POINT('',(105.1,-125.34,1.585));
#3760 = LINE('',#3761,#3762);
#3761 = CARTESIAN_POINT('',(98.9,-125.34,1.585));
#3762 = VECTOR('',#3763,1.);
#3763 = DIRECTION('',(1.,0.,0.));
#3764 = ORIENTED_EDGE('',*,*,#3765,.T.);
#3765 = EDGE_CURVE('',#3758,#3766,#3768,.T.);
#3766 = VERTEX_POINT('',#3767);
#3767 = CARTESIAN_POINT('',(105.16,-125.4,1.585));
#3768 = CIRCLE('',#3769,5.999932016258E-02);
#3769 = AXIS2_PLACEMENT_3D('',#3770,#3771,#3772);
#3770 = CARTESIAN_POINT('',(105.10000067984,-125.3999993201,1.585));
#3771 = DIRECTION('',(0.,0.,-1.));
#3772 = DIRECTION('',(-1.133081635828E-05,0.999999999936,0.));
#3773 = ORIENTED_EDGE('',*,*,#3774,.T.);
#3774 = EDGE_CURVE('',#3766,#3775,#3777,.T.);
#3775 = VERTEX_POINT('',#3776);
#3776 = CARTESIAN_POINT('',(105.16,-126.6,1.585));
#3777 = LINE('',#3778,#3779);
#3778 = CARTESIAN_POINT('',(105.16,-125.4,1.585));
#3779 = VECTOR('',#3780,1.);
#3780 = DIRECTION('',(0.,-1.,0.));
#3781 = ORIENTED_EDGE('',*,*,#3782,.T.);
#3782 = EDGE_CURVE('',#3775,#3783,#3785,.T.);
#3783 = VERTEX_POINT('',#3784);
#3784 = CARTESIAN_POINT('',(105.04,-126.6,1.585));
#3785 = CIRCLE('',#3786,6.000000000042E-02);
#3786 = AXIS2_PLACEMENT_3D('',#3787,#3788,#3789);
#3787 = CARTESIAN_POINT('',(105.1,-126.6000002255,1.585));
#3788 = DIRECTION('',(0.,0.,-1.));
#3789 = DIRECTION('',(0.999999999993,3.759794253684E-06,0.));
#3790 = ORIENTED_EDGE('',*,*,#3791,.T.);
#3791 = EDGE_CURVE('',#3783,#3792,#3794,.T.);
#3792 = VERTEX_POINT('',#3793);
#3793 = CARTESIAN_POINT('',(105.04,-125.46,1.585));
#3794 = LINE('',#3795,#3796);
#3795 = CARTESIAN_POINT('',(105.04,-126.6,1.585));
#3796 = VECTOR('',#3797,1.);
#3797 = DIRECTION('',(0.,1.,0.));
#3798 = ORIENTED_EDGE('',*,*,#3799,.T.);
#3799 = EDGE_CURVE('',#3792,#3800,#3802,.T.);
#3800 = VERTEX_POINT('',#3801);
#3801 = CARTESIAN_POINT('',(98.96,-125.46,1.585));
#3802 = LINE('',#3803,#3804);
#3803 = CARTESIAN_POINT('',(105.04,-125.46,1.585));
#3804 = VECTOR('',#3805,1.);
#3805 = DIRECTION('',(-1.,0.,0.));
#3806 = ORIENTED_EDGE('',*,*,#3807,.T.);
#3807 = EDGE_CURVE('',#3800,#3808,#3810,.T.);
#3808 = VERTEX_POINT('',#3809);
#3809 = CARTESIAN_POINT('',(98.96,-134.3,1.585));
#3810 = LINE('',#3811,#3812);
#3811 = CARTESIAN_POINT('',(98.96,-125.46,1.585));
#3812 = VECTOR('',#3813,1.);
#3813 = DIRECTION('',(0.,-1.,0.));
#3814 = ORIENTED_EDGE('',*,*,#3815,.T.);
#3815 = EDGE_CURVE('',#3808,#3816,#3818,.T.);
#3816 = VERTEX_POINT('',#3817);
#3817 = CARTESIAN_POINT('',(98.84,-134.3,1.585));
#3818 = CIRCLE('',#3819,6.000000000042E-02);
#3819 = AXIS2_PLACEMENT_3D('',#3820,#3821,#3822);
#3820 = CARTESIAN_POINT('',(98.9,-134.3000002255,1.585));
#3821 = DIRECTION('',(0.,0.,-1.));
#3822 = DIRECTION('',(0.999999999993,3.759794253685E-06,0.));
#3823 = ORIENTED_EDGE('',*,*,#3824,.T.);
#3824 = EDGE_CURVE('',#3816,#3747,#3825,.T.);
#3825 = LINE('',#3826,#3827);
#3826 = CARTESIAN_POINT('',(98.84,-134.3,1.585));
#3827 = VECTOR('',#3828,1.);
#3828 = DIRECTION('',(0.,1.,0.));
#3829 = PLANE('',#3830);
#3830 = AXIS2_PLACEMENT_3D('',#3831,#3832,#3833);
#3831 = CARTESIAN_POINT('',(0.,0.,1.585));
#3832 = DIRECTION('',(0.,0.,1.));
#3833 = DIRECTION('',(1.,0.,-0.));
#3834 = SHELL_BASED_SURFACE_MODEL('',(#3835));
#3835 = OPEN_SHELL('',(#3836));
#3836 = ADVANCED_FACE('',(#3837),#3881,.T.);
#3837 = FACE_BOUND('',#3838,.F.);
#3838 = EDGE_LOOP('',(#3839,#3850,#3858,#3867,#3875));
#3839 = ORIENTED_EDGE('',*,*,#3840,.T.);
#3840 = EDGE_CURVE('',#3841,#3843,#3845,.T.);
#3841 = VERTEX_POINT('',#3842);
#3842 = CARTESIAN_POINT('',(121.434567,-133.830772,1.585));
#3843 = VERTEX_POINT('',#3844);
#3844 = CARTESIAN_POINT('',(121.55,-133.853733,1.585));
#3845 = CIRCLE('',#3846,6.000007318647E-02);
#3846 = AXIS2_PLACEMENT_3D('',#3847,#3848,#3849);
#3847 = CARTESIAN_POINT('',(121.48999992681,-133.8537328233,1.585));
#3848 = DIRECTION('',(0.,0.,-1.));
#3849 = DIRECTION('',(-0.923880986636,0.382679921777,0.));
#3850 = ORIENTED_EDGE('',*,*,#3851,.T.);
#3851 = EDGE_CURVE('',#3843,#3852,#3854,.T.);
#3852 = VERTEX_POINT('',#3853);
#3853 = CARTESIAN_POINT('',(121.55,-134.146267,1.585));
#3854 = LINE('',#3855,#3856);
#3855 = CARTESIAN_POINT('',(121.55,-133.853733,1.585));
#3856 = VECTOR('',#3857,1.);
#3857 = DIRECTION('',(0.,-1.,0.));
#3858 = ORIENTED_EDGE('',*,*,#3859,.T.);
#3859 = EDGE_CURVE('',#3852,#3860,#3862,.T.);
#3860 = VERTEX_POINT('',#3861);
#3861 = CARTESIAN_POINT('',(121.43,-134.146267,1.585));
#3862 = CIRCLE('',#3863,6.000000000042E-02);
#3863 = AXIS2_PLACEMENT_3D('',#3864,#3865,#3866);
#3864 = CARTESIAN_POINT('',(121.49,-134.1462672255,1.585));
#3865 = DIRECTION('',(0.,0.,-1.));
#3866 = DIRECTION('',(0.999999999993,3.759794253685E-06,0.));
#3867 = ORIENTED_EDGE('',*,*,#3868,.T.);
#3868 = EDGE_CURVE('',#3860,#3869,#3871,.T.);
#3869 = VERTEX_POINT('',#3870);
#3870 = CARTESIAN_POINT('',(121.43,-133.853733,1.585));
#3871 = LINE('',#3872,#3873);
#3872 = CARTESIAN_POINT('',(121.43,-134.146267,1.585));
#3873 = VECTOR('',#3874,1.);
#3874 = DIRECTION('',(0.,1.,0.));
#3875 = ORIENTED_EDGE('',*,*,#3876,.T.);
#3876 = EDGE_CURVE('',#3869,#3841,#3877,.T.);
#3877 = LINE('',#3878,#3879);
#3878 = CARTESIAN_POINT('',(121.43,-133.853733,1.585));
#3879 = VECTOR('',#3880,1.);
#3880 = DIRECTION('',(0.195081000118,0.980787134598,0.));
#3881 = PLANE('',#3882);
#3882 = AXIS2_PLACEMENT_3D('',#3883,#3884,#3885);
#3883 = CARTESIAN_POINT('',(0.,0.,1.585));
#3884 = DIRECTION('',(0.,0.,1.));
#3885 = DIRECTION('',(1.,0.,-0.));
#3886 = SHELL_BASED_SURFACE_MODEL('',(#3887));
#3887 = OPEN_SHELL('',(#3888));
#3888 = ADVANCED_FACE('',(#3889),#3933,.T.);
#3889 = FACE_BOUND('',#3890,.F.);
#3890 = EDGE_LOOP('',(#3891,#3902,#3910,#3919,#3927));
#3891 = ORIENTED_EDGE('',*,*,#3892,.T.);
#3892 = EDGE_CURVE('',#3893,#3895,#3897,.T.);
#3893 = VERTEX_POINT('',#3894);
#3894 = CARTESIAN_POINT('',(122.454567,-133.830772,1.585));
#3895 = VERTEX_POINT('',#3896);
#3896 = CARTESIAN_POINT('',(122.57,-133.853733,1.585));
#3897 = CIRCLE('',#3898,6.000007318647E-02);
#3898 = AXIS2_PLACEMENT_3D('',#3899,#3900,#3901);
#3899 = CARTESIAN_POINT('',(122.50999992681,-133.8537328233,1.585));
#3900 = DIRECTION('',(0.,0.,-1.));
#3901 = DIRECTION('',(-0.923880986636,0.382679921777,0.));
#3902 = ORIENTED_EDGE('',*,*,#3903,.T.);
#3903 = EDGE_CURVE('',#3895,#3904,#3906,.T.);
#3904 = VERTEX_POINT('',#3905);
#3905 = CARTESIAN_POINT('',(122.57,-134.146267,1.585));
#3906 = LINE('',#3907,#3908);
#3907 = CARTESIAN_POINT('',(122.57,-133.853733,1.585));
#3908 = VECTOR('',#3909,1.);
#3909 = DIRECTION('',(0.,-1.,0.));
#3910 = ORIENTED_EDGE('',*,*,#3911,.T.);
#3911 = EDGE_CURVE('',#3904,#3912,#3914,.T.);
#3912 = VERTEX_POINT('',#3913);
#3913 = CARTESIAN_POINT('',(122.45,-134.146267,1.585));
#3914 = CIRCLE('',#3915,6.000000000042E-02);
#3915 = AXIS2_PLACEMENT_3D('',#3916,#3917,#3918);
#3916 = CARTESIAN_POINT('',(122.51,-134.1462672255,1.585));
#3917 = DIRECTION('',(0.,0.,-1.));
#3918 = DIRECTION('',(0.999999999993,3.759794253684E-06,0.));
#3919 = ORIENTED_EDGE('',*,*,#3920,.T.);
#3920 = EDGE_CURVE('',#3912,#3921,#3923,.T.);
#3921 = VERTEX_POINT('',#3922);
#3922 = CARTESIAN_POINT('',(122.45,-133.853733,1.585));
#3923 = LINE('',#3924,#3925);
#3924 = CARTESIAN_POINT('',(122.45,-134.146267,1.585));
#3925 = VECTOR('',#3926,1.);
#3926 = DIRECTION('',(0.,1.,0.));
#3927 = ORIENTED_EDGE('',*,*,#3928,.T.);
#3928 = EDGE_CURVE('',#3921,#3893,#3929,.T.);
#3929 = LINE('',#3930,#3931);
#3930 = CARTESIAN_POINT('',(122.45,-133.853733,1.585));
#3931 = VECTOR('',#3932,1.);
#3932 = DIRECTION('',(0.195081000118,0.980787134598,0.));
#3933 = PLANE('',#3934);
#3934 = AXIS2_PLACEMENT_3D('',#3935,#3936,#3937);
#3935 = CARTESIAN_POINT('',(0.,0.,1.585));
#3936 = DIRECTION('',(0.,0.,1.));
#3937 = DIRECTION('',(1.,0.,-0.));
#3938 = SHELL_BASED_SURFACE_MODEL('',(#3939));
#3939 = OPEN_SHELL('',(#3940));
#3940 = ADVANCED_FACE('',(#3941),#4045,.T.);
#3941 = FACE_BOUND('',#3942,.F.);
#3942 = EDGE_LOOP('',(#3943,#3954,#3962,#3971,#3979,#3988,#3996,#4005,
    #4013,#4022,#4030,#4039));
#3943 = ORIENTED_EDGE('',*,*,#3944,.T.);
#3944 = EDGE_CURVE('',#3945,#3947,#3949,.T.);
#3945 = VERTEX_POINT('',#3946);
#3946 = CARTESIAN_POINT('',(142.140187,-133.626535,1.585));
#3947 = VERTEX_POINT('',#3948);
#3948 = CARTESIAN_POINT('',(142.154819,-133.477976,1.585));
#3949 = CIRCLE('',#3950,7.500006711463E-02);
#3950 = AXIS2_PLACEMENT_3D('',#3951,#3952,#3953);
#3951 = CARTESIAN_POINT('',(142.15481893288,-133.5529760671,1.585));
#3952 = DIRECTION('',(0.,0.,-1.));
#3953 = DIRECTION('',(-0.195092263891,-0.980784894138,-0.));
#3954 = ORIENTED_EDGE('',*,*,#3955,.T.);
#3955 = EDGE_CURVE('',#3947,#3956,#3958,.T.);
#3956 = VERTEX_POINT('',#3957);
#3957 = CARTESIAN_POINT('',(142.978974,-133.479417,1.585));
#3958 = LINE('',#3959,#3960);
#3959 = CARTESIAN_POINT('',(142.154819,-133.477976,1.585));
#3960 = VECTOR('',#3961,1.);
#3961 = DIRECTION('',(0.999998471452,-1.748454838424E-03,0.));
#3962 = ORIENTED_EDGE('',*,*,#3963,.T.);
#3963 = EDGE_CURVE('',#3956,#3964,#3966,.T.);
#3964 = VERTEX_POINT('',#3965);
#3965 = CARTESIAN_POINT('',(143.228378,-133.72882,1.585));
#3966 = CIRCLE('',#3967,0.347873191155);
#3967 = AXIS2_PLACEMENT_3D('',#3968,#3969,#3970);
#3968 = CARTESIAN_POINT('',(142.89164493659,-133.8161504135,1.585));
#3969 = DIRECTION('',(0.,0.,-1.));
#3970 = DIRECTION('',(0.251037060709,0.967977476056,0.));
#3971 = ORIENTED_EDGE('',*,*,#3972,.T.);
#3972 = EDGE_CURVE('',#3964,#3973,#3975,.T.);
#3973 = VERTEX_POINT('',#3974);
#3974 = CARTESIAN_POINT('',(143.227156,-133.953738,1.585));
#3975 = LINE('',#3976,#3977);
#3976 = CARTESIAN_POINT('',(143.228378,-133.72882,1.585));
#3977 = VECTOR('',#3978,1.);
#3978 = DIRECTION('',(-5.433010984415E-03,-0.999985241087,0.));
#3979 = ORIENTED_EDGE('',*,*,#3980,.T.);
#3980 = EDGE_CURVE('',#3973,#3981,#3983,.T.);
#3981 = VERTEX_POINT('',#3982);
#3982 = CARTESIAN_POINT('',(142.978974,-134.197963,1.585));
#3983 = CIRCLE('',#3984,0.348632713765);
#3984 = AXIS2_PLACEMENT_3D('',#3985,#3986,#3987);
#3985 = CARTESIAN_POINT('',(142.89120597394,-133.8605588762,1.585));
#3986 = DIRECTION('',(0.,0.,-1.));
#3987 = DIRECTION('',(0.963621636162,-0.267270167283,0.));
#3988 = ORIENTED_EDGE('',*,*,#3989,.T.);
#3989 = EDGE_CURVE('',#3981,#3990,#3992,.T.);
#3990 = VERTEX_POINT('',#3991);
#3991 = CARTESIAN_POINT('',(142.140187,-134.197963,1.585));
#3992 = LINE('',#3993,#3994);
#3993 = CARTESIAN_POINT('',(142.978974,-134.197963,1.585));
#3994 = VECTOR('',#3995,1.);
#3995 = DIRECTION('',(-1.,0.,0.));
#3996 = ORIENTED_EDGE('',*,*,#3997,.T.);
#3997 = EDGE_CURVE('',#3990,#3998,#4000,.T.);
#3998 = VERTEX_POINT('',#3999);
#3999 = CARTESIAN_POINT('',(142.154819,-134.049404,1.585));
#4000 = CIRCLE('',#4001,7.500006711463E-02);
#4001 = AXIS2_PLACEMENT_3D('',#4002,#4003,#4004);
#4002 = CARTESIAN_POINT('',(142.15481893288,-134.1244040671,1.585));
#4003 = DIRECTION('',(0.,0.,-1.));
#4004 = DIRECTION('',(-0.195092263891,-0.980784894138,-0.));
#4005 = ORIENTED_EDGE('',*,*,#4006,.T.);
#4006 = EDGE_CURVE('',#3998,#4007,#4009,.T.);
#4007 = VERTEX_POINT('',#4008);
#4008 = CARTESIAN_POINT('',(142.946637,-134.049404,1.585));
#4009 = LINE('',#4010,#4011);
#4010 = CARTESIAN_POINT('',(142.154819,-134.049404,1.585));
#4011 = VECTOR('',#4012,1.);
#4012 = DIRECTION('',(1.,0.,0.));
#4013 = ORIENTED_EDGE('',*,*,#4014,.T.);
#4014 = EDGE_CURVE('',#4007,#4015,#4017,.T.);
#4015 = VERTEX_POINT('',#4016);
#4016 = CARTESIAN_POINT('',(143.079819,-133.916223,1.585));
#4017 = CIRCLE('',#4018,0.186872595955);
#4018 = AXIS2_PLACEMENT_3D('',#4019,#4020,#4021);
#4019 = CARTESIAN_POINT('',(142.89909536766,-133.8686800106,1.585));
#4020 = DIRECTION('',(0.,0.,1.));
#4021 = DIRECTION('',(0.254406656562,-0.967097333828,0.));
#4022 = ORIENTED_EDGE('',*,*,#4023,.T.);
#4023 = EDGE_CURVE('',#4015,#4024,#4026,.T.);
#4024 = VERTEX_POINT('',#4025);
#4025 = CARTESIAN_POINT('',(143.079819,-133.761157,1.585));
#4026 = LINE('',#4027,#4028);
#4027 = CARTESIAN_POINT('',(143.079819,-133.916223,1.585));
#4028 = VECTOR('',#4029,1.);
#4029 = DIRECTION('',(0.,1.,0.));
#4030 = ORIENTED_EDGE('',*,*,#4031,.T.);
#4031 = EDGE_CURVE('',#4024,#4032,#4034,.T.);
#4032 = VERTEX_POINT('',#4033);
#4033 = CARTESIAN_POINT('',(142.946637,-133.627976,1.585));
#4034 = CIRCLE('',#4035,0.18686362259);
#4035 = AXIS2_PLACEMENT_3D('',#4036,#4037,#4038);
#4036 = CARTESIAN_POINT('',(142.89910271383,-133.808692643,1.585));
#4037 = DIRECTION('',(0.,0.,1.));
#4038 = DIRECTION('',(0.967102551356,0.25438682191,-0.));
#4039 = ORIENTED_EDGE('',*,*,#4040,.T.);
#4040 = EDGE_CURVE('',#4032,#3945,#4041,.T.);
#4041 = LINE('',#4042,#4043);
#4042 = CARTESIAN_POINT('',(142.946637,-133.627976,1.585));
#4043 = VECTOR('',#4044,1.);
#4044 = DIRECTION('',(-0.999998403599,1.786840721168E-03,0.));
#4045 = PLANE('',#4046);
#4046 = AXIS2_PLACEMENT_3D('',#4047,#4048,#4049);
#4047 = CARTESIAN_POINT('',(0.,0.,1.585));
#4048 = DIRECTION('',(0.,0.,1.));
#4049 = DIRECTION('',(1.,0.,-0.));
#4050 = SHELL_BASED_SURFACE_MODEL('',(#4051));
#4051 = OPEN_SHELL('',(#4052));
#4052 = ADVANCED_FACE('',(#4053),#4417,.T.);
#4053 = FACE_BOUND('',#4054,.F.);
#4054 = EDGE_LOOP('',(#4055,#4066,#4074,#4082,#4091,#4099,#4107,#4116,
    #4124,#4132,#4140,#4148,#4156,#4164,#4172,#4180,#4188,#4197,#4205,
    #4214,#4222,#4231,#4239,#4248,#4256,#4264,#4272,#4280,#4289,#4297,
    #4305,#4313,#4321,#4330,#4338,#4346,#4354,#4362,#4370,#4378,#4387,
    #4395,#4403,#4411));
#4055 = ORIENTED_EDGE('',*,*,#4056,.T.);
#4056 = EDGE_CURVE('',#4057,#4059,#4061,.T.);
#4057 = VERTEX_POINT('',#4058);
#4058 = CARTESIAN_POINT('',(120.649817,-133.104306,1.585));
#4059 = VERTEX_POINT('',#4060);
#4060 = CARTESIAN_POINT('',(120.766485,-133.166666,1.585));
#4061 = CIRCLE('',#4062,7.500000000004E-02);
#4062 = AXIS2_PLACEMENT_3D('',#4063,#4064,#4065);
#4063 = CARTESIAN_POINT('',(120.691485,-133.1666660655,1.585));
#4064 = DIRECTION('',(0.,0.,-1.));
#4065 = DIRECTION('',(-0.555573333333,0.831467540731,0.));
#4066 = ORIENTED_EDGE('',*,*,#4067,.T.);
#4067 = EDGE_CURVE('',#4059,#4068,#4070,.T.);
#4068 = VERTEX_POINT('',#4069);
#4069 = CARTESIAN_POINT('',(120.766485,-133.234523,1.585));
#4070 = LINE('',#4071,#4072);
#4071 = CARTESIAN_POINT('',(120.766485,-133.166666,1.585));
#4072 = VECTOR('',#4073,1.);
#4073 = DIRECTION('',(0.,-1.,0.));
#4074 = ORIENTED_EDGE('',*,*,#4075,.T.);
#4075 = EDGE_CURVE('',#4068,#4076,#4078,.T.);
#4076 = VERTEX_POINT('',#4077);
#4077 = CARTESIAN_POINT('',(121.039451,-133.235964,1.585));
#4078 = LINE('',#4079,#4080);
#4079 = CARTESIAN_POINT('',(120.766485,-133.234523,1.585));
#4080 = VECTOR('',#4081,1.);
#4081 = DIRECTION('',(0.999986066129,-5.278972184419E-03,0.));
#4082 = ORIENTED_EDGE('',*,*,#4083,.T.);
#4083 = EDGE_CURVE('',#4076,#4084,#4086,.T.);
#4084 = VERTEX_POINT('',#4085);
#4085 = CARTESIAN_POINT('',(121.024819,-133.384523,1.585));
#4086 = CIRCLE('',#4087,7.500006711464E-02);
#4087 = AXIS2_PLACEMENT_3D('',#4088,#4089,#4090);
#4088 = CARTESIAN_POINT('',(121.02481906711,-133.3095229328,1.585));
#4089 = DIRECTION('',(0.,0.,-1.));
#4090 = DIRECTION('',(0.195092263891,0.980784894138,0.));
#4091 = ORIENTED_EDGE('',*,*,#4092,.T.);
#4092 = EDGE_CURVE('',#4084,#4093,#4095,.T.);
#4093 = VERTEX_POINT('',#4094);
#4094 = CARTESIAN_POINT('',(120.766485,-133.384523,1.585));
#4095 = LINE('',#4096,#4097);
#4096 = CARTESIAN_POINT('',(121.024819,-133.384523,1.585));
#4097 = VECTOR('',#4098,1.);
#4098 = DIRECTION('',(-1.,0.,0.));
#4099 = ORIENTED_EDGE('',*,*,#4100,.T.);
#4100 = EDGE_CURVE('',#4093,#4101,#4103,.T.);
#4101 = VERTEX_POINT('',#4102);
#4102 = CARTESIAN_POINT('',(120.765044,-133.800345,1.585));
#4103 = LINE('',#4104,#4105);
#4104 = CARTESIAN_POINT('',(120.766485,-133.384523,1.585));
#4105 = VECTOR('',#4106,1.);
#4106 = DIRECTION('',(-3.465404301528E-03,-0.999993995468,0.));
#4107 = ORIENTED_EDGE('',*,*,#4108,.T.);
#4108 = EDGE_CURVE('',#4101,#4109,#4111,.T.);
#4109 = VERTEX_POINT('',#4110);
#4110 = CARTESIAN_POINT('',(120.667767,-133.856864,1.585));
#4111 = CIRCLE('',#4112,7.500041328202E-02);
#4112 = AXIS2_PLACEMENT_3D('',#4113,#4114,#4115);
#4113 = CARTESIAN_POINT('',(120.69148481481,-133.7857125611,1.585));
#4114 = DIRECTION('',(0.,0.,-1.));
#4115 = DIRECTION('',(0.980783731279,-0.195098109828,0.));
#4116 = ORIENTED_EDGE('',*,*,#4117,.T.);
#4117 = EDGE_CURVE('',#4109,#4118,#4120,.T.);
#4118 = VERTEX_POINT('',#4119);
#4119 = CARTESIAN_POINT('',(120.126669,-133.676497,1.585));
#4120 = LINE('',#4121,#4122);
#4121 = CARTESIAN_POINT('',(120.667767,-133.856864,1.585));
#4122 = VECTOR('',#4123,1.);
#4123 = DIRECTION('',(-0.948682772073,0.316229343946,0.));
#4124 = ORIENTED_EDGE('',*,*,#4125,.T.);
#4125 = EDGE_CURVE('',#4118,#4126,#4128,.T.);
#4126 = VERTEX_POINT('',#4127);
#4127 = CARTESIAN_POINT('',(120.112061,-133.711905,1.585));
#4128 = LINE('',#4129,#4130);
#4129 = CARTESIAN_POINT('',(120.126669,-133.676497,1.585));
#4130 = VECTOR('',#4131,1.);
#4131 = DIRECTION('',(-0.381380007098,-0.924418352363,0.));
#4132 = ORIENTED_EDGE('',*,*,#4133,.T.);
#4133 = EDGE_CURVE('',#4126,#4134,#4136,.T.);
#4134 = VERTEX_POINT('',#4135);
#4135 = CARTESIAN_POINT('',(119.994298,-133.828593,1.585));
#4136 = LINE('',#4137,#4138);
#4137 = CARTESIAN_POINT('',(120.112061,-133.711905,1.585));
#4138 = VECTOR('',#4139,1.);
#4139 = DIRECTION('',(-0.710341525922,-0.703857170561,0.));
#4140 = ORIENTED_EDGE('',*,*,#4141,.T.);
#4141 = EDGE_CURVE('',#4134,#4142,#4144,.T.);
#4142 = VERTEX_POINT('',#4143);
#4143 = CARTESIAN_POINT('',(119.877413,-133.885855,1.585));
#4144 = LINE('',#4145,#4146);
#4145 = CARTESIAN_POINT('',(119.994298,-133.828593,1.585));
#4146 = VECTOR('',#4147,1.);
#4147 = DIRECTION('',(-0.898025665436,-0.439943069292,0.));
#4148 = ORIENTED_EDGE('',*,*,#4149,.T.);
#4149 = EDGE_CURVE('',#4142,#4150,#4152,.T.);
#4150 = VERTEX_POINT('',#4151);
#4151 = CARTESIAN_POINT('',(119.668747,-133.935713,1.585));
#4152 = LINE('',#4153,#4154);
#4153 = CARTESIAN_POINT('',(119.877413,-133.885855,1.585));
#4154 = VECTOR('',#4155,1.);
#4155 = DIRECTION('',(-0.972621461126,-0.232395123349,0.));
#4156 = ORIENTED_EDGE('',*,*,#4157,.T.);
#4157 = EDGE_CURVE('',#4150,#4158,#4160,.T.);
#4158 = VERTEX_POINT('',#4159);
#4159 = CARTESIAN_POINT('',(119.5077,-133.933474,1.585));
#4160 = LINE('',#4161,#4162);
#4161 = CARTESIAN_POINT('',(119.668747,-133.935713,1.585));
#4162 = VECTOR('',#4163,1.);
#4163 = DIRECTION('',(-0.999903370449,1.390143030568E-02,0.));
#4164 = ORIENTED_EDGE('',*,*,#4165,.T.);
#4165 = EDGE_CURVE('',#4158,#4166,#4168,.T.);
#4166 = VERTEX_POINT('',#4167);
#4167 = CARTESIAN_POINT('',(119.301873,-133.880176,1.585));
#4168 = LINE('',#4169,#4170);
#4169 = CARTESIAN_POINT('',(119.5077,-133.933474,1.585));
#4170 = VECTOR('',#4171,1.);
#4171 = DIRECTION('',(-0.968070616292,0.250677645339,0.));
#4172 = ORIENTED_EDGE('',*,*,#4173,.T.);
#4173 = EDGE_CURVE('',#4166,#4174,#4176,.T.);
#4174 = VERTEX_POINT('',#4175);
#4175 = CARTESIAN_POINT('',(119.192893,-133.823228,1.585));
#4176 = LINE('',#4177,#4178);
#4177 = CARTESIAN_POINT('',(119.301873,-133.880176,1.585));
#4178 = VECTOR('',#4179,1.);
#4179 = DIRECTION('',(-0.886288266156,0.463134007901,0.));
#4180 = ORIENTED_EDGE('',*,*,#4181,.T.);
#4181 = EDGE_CURVE('',#4174,#4182,#4184,.T.);
#4182 = VERTEX_POINT('',#4183);
#4183 = CARTESIAN_POINT('',(119.079781,-133.707379,1.585));
#4184 = LINE('',#4185,#4186);
#4185 = CARTESIAN_POINT('',(119.192893,-133.823228,1.585));
#4186 = VECTOR('',#4187,1.);
#4187 = DIRECTION('',(-0.698604113258,0.715508415701,0.));
#4188 = ORIENTED_EDGE('',*,*,#4189,.T.);
#4189 = EDGE_CURVE('',#4182,#4190,#4192,.T.);
#4190 = VERTEX_POINT('',#4191);
#4191 = CARTESIAN_POINT('',(119.082578,-133.247617,1.585));
#4192 = CIRCLE('',#4193,0.461058290907);
#4193 = AXIS2_PLACEMENT_3D('',#4194,#4195,#4196);
#4194 = CARTESIAN_POINT('',(119.48083135644,-133.4799293149,1.585));
#4195 = DIRECTION('',(0.,0.,-1.));
#4196 = DIRECTION('',(-0.869847401842,-0.493320886958,-0.));
#4197 = ORIENTED_EDGE('',*,*,#4198,.T.);
#4198 = EDGE_CURVE('',#4190,#4199,#4201,.T.);
#4199 = VERTEX_POINT('',#4200);
#4200 = CARTESIAN_POINT('',(119.150889,-133.179306,1.585));
#4201 = LINE('',#4202,#4203);
#4202 = CARTESIAN_POINT('',(119.082578,-133.247617,1.585));
#4203 = VECTOR('',#4204,1.);
#4204 = DIRECTION('',(0.707106781187,0.707106781186,0.));
#4205 = ORIENTED_EDGE('',*,*,#4206,.T.);
#4206 = EDGE_CURVE('',#4199,#4207,#4209,.T.);
#4207 = VERTEX_POINT('',#4208);
#4208 = CARTESIAN_POINT('',(119.24559,-133.294699,1.585));
#4209 = CIRCLE('',#4210,7.500003178657E-02);
#4210 = AXIS2_PLACEMENT_3D('',#4211,#4212,#4213);
#4211 = CARTESIAN_POINT('',(119.1925565,-133.2416664378,1.585));
#4212 = DIRECTION('',(0.,0.,-1.));
#4213 = DIRECTION('',(-0.555566431206,0.831472152581,0.));
#4214 = ORIENTED_EDGE('',*,*,#4215,.T.);
#4215 = EDGE_CURVE('',#4207,#4216,#4218,.T.);
#4216 = VERTEX_POINT('',#4217);
#4217 = CARTESIAN_POINT('',(119.21049,-133.329798,1.585));
#4218 = LINE('',#4219,#4220);
#4219 = CARTESIAN_POINT('',(119.24559,-133.294699,1.585));
#4220 = VECTOR('',#4221,1.);
#4221 = DIRECTION('',(-0.707116854005,-0.707096708225,0.));
#4222 = ORIENTED_EDGE('',*,*,#4223,.T.);
#4223 = EDGE_CURVE('',#4216,#4224,#4226,.T.);
#4224 = VERTEX_POINT('',#4225);
#4225 = CARTESIAN_POINT('',(119.21049,-133.629723,1.585));
#4226 = CIRCLE('',#4227,0.299310989749);
#4227 = AXIS2_PLACEMENT_3D('',#4228,#4229,#4230);
#4228 = CARTESIAN_POINT('',(119.46952342868,-133.4797605,1.585));
#4229 = DIRECTION('',(0.,0.,1.));
#4230 = DIRECTION('',(-0.865432401617,0.501025706158,0.));
#4231 = ORIENTED_EDGE('',*,*,#4232,.T.);
#4232 = EDGE_CURVE('',#4224,#4233,#4235,.T.);
#4233 = VERTEX_POINT('',#4234);
#4234 = CARTESIAN_POINT('',(119.284603,-133.703836,1.585));
#4235 = LINE('',#4236,#4237);
#4236 = CARTESIAN_POINT('',(119.21049,-133.629723,1.585));
#4237 = VECTOR('',#4238,1.);
#4238 = DIRECTION('',(0.707106781187,-0.707106781186,0.));
#4239 = ORIENTED_EDGE('',*,*,#4240,.T.);
#4240 = EDGE_CURVE('',#4233,#4241,#4243,.T.);
#4241 = VERTEX_POINT('',#4242);
#4242 = CARTESIAN_POINT('',(119.659513,-133.785713,1.585));
#4243 = CIRCLE('',#4244,0.611738044646);
#4244 = AXIS2_PLACEMENT_3D('',#4245,#4246,#4247);
#4245 = CARTESIAN_POINT('',(119.59599337395,-133.1772816625,1.585));
#4246 = DIRECTION('',(0.,0.,1.));
#4247 = DIRECTION('',(-0.509025679674,-0.860751333099,0.));
#4248 = ORIENTED_EDGE('',*,*,#4249,.T.);
#4249 = EDGE_CURVE('',#4241,#4250,#4252,.T.);
#4250 = VERTEX_POINT('',#4251);
#4251 = CARTESIAN_POINT('',(119.833047,-133.742329,1.585));
#4252 = LINE('',#4253,#4254);
#4253 = CARTESIAN_POINT('',(119.659513,-133.785713,1.585));
#4254 = VECTOR('',#4255,1.);
#4255 = DIRECTION('',(0.970141842436,0.242538255859,0.));
#4256 = ORIENTED_EDGE('',*,*,#4257,.T.);
#4257 = EDGE_CURVE('',#4250,#4258,#4260,.T.);
#4258 = VERTEX_POINT('',#4259);
#4259 = CARTESIAN_POINT('',(119.910034,-133.703835,1.585));
#4260 = LINE('',#4261,#4262);
#4261 = CARTESIAN_POINT('',(119.833047,-133.742329,1.585));
#4262 = VECTOR('',#4263,1.);
#4263 = DIRECTION('',(0.894424867414,0.447218242642,0.));
#4264 = ORIENTED_EDGE('',*,*,#4265,.T.);
#4265 = EDGE_CURVE('',#4258,#4266,#4268,.T.);
#4266 = VERTEX_POINT('',#4267);
#4267 = CARTESIAN_POINT('',(119.984367,-133.629063,1.585));
#4268 = LINE('',#4269,#4270);
#4269 = CARTESIAN_POINT('',(119.910034,-133.703835,1.585));
#4270 = VECTOR('',#4271,1.);
#4271 = DIRECTION('',(0.705021837671,0.709185595177,0.));
#4272 = ORIENTED_EDGE('',*,*,#4273,.T.);
#4273 = EDGE_CURVE('',#4266,#4274,#4276,.T.);
#4274 = VERTEX_POINT('',#4275);
#4275 = CARTESIAN_POINT('',(119.940057,-133.612775,1.585));
#4276 = LINE('',#4277,#4278);
#4277 = CARTESIAN_POINT('',(119.984367,-133.629063,1.585));
#4278 = VECTOR('',#4279,1.);
#4279 = DIRECTION('',(-0.93859529972,0.345020091217,0.));
#4280 = ORIENTED_EDGE('',*,*,#4281,.T.);
#4281 = EDGE_CURVE('',#4274,#4282,#4284,.T.);
#4282 = VERTEX_POINT('',#4283);
#4283 = CARTESIAN_POINT('',(120.000917,-133.476467,1.585));
#4284 = CIRCLE('',#4285,7.50000151955E-02);
#4285 = AXIS2_PLACEMENT_3D('',#4286,#4287,#4288);
#4286 = CARTESIAN_POINT('',(119.97720009996,-133.5476183241,1.585));
#4287 = DIRECTION('',(0.,0.,-1.));
#4288 = DIRECTION('',(-0.495241232499,-0.868755501642,-0.));
#4289 = ORIENTED_EDGE('',*,*,#4290,.T.);
#4290 = EDGE_CURVE('',#4282,#4291,#4293,.T.);
#4291 = VERTEX_POINT('',#4292);
#4292 = CARTESIAN_POINT('',(120.022319,-133.4836,1.585));
#4293 = LINE('',#4294,#4295);
#4294 = CARTESIAN_POINT('',(120.000917,-133.476467,1.585));
#4295 = VECTOR('',#4296,1.);
#4296 = DIRECTION('',(0.948696595454,-0.31618787101,0.));
#4297 = ORIENTED_EDGE('',*,*,#4298,.T.);
#4298 = EDGE_CURVE('',#4291,#4299,#4301,.T.);
#4299 = VERTEX_POINT('',#4300);
#4300 = CARTESIAN_POINT('',(120.022319,-133.444312,1.585));
#4301 = LINE('',#4302,#4303);
#4302 = CARTESIAN_POINT('',(120.022319,-133.4836,1.585));
#4303 = VECTOR('',#4304,1.);
#4304 = DIRECTION('',(0.,1.,0.));
#4305 = ORIENTED_EDGE('',*,*,#4306,.T.);
#4306 = EDGE_CURVE('',#4299,#4307,#4309,.T.);
#4307 = VERTEX_POINT('',#4308);
#4308 = CARTESIAN_POINT('',(119.984148,-133.329799,1.585));
#4309 = LINE('',#4310,#4311);
#4310 = CARTESIAN_POINT('',(120.022319,-133.444312,1.585));
#4311 = VECTOR('',#4312,1.);
#4312 = DIRECTION('',(-0.316227766017,0.948683298051,0.));
#4313 = ORIENTED_EDGE('',*,*,#4314,.T.);
#4314 = EDGE_CURVE('',#4307,#4315,#4317,.T.);
#4315 = VERTEX_POINT('',#4316);
#4316 = CARTESIAN_POINT('',(119.93972,-133.283334,1.585));
#4317 = LINE('',#4318,#4319);
#4318 = CARTESIAN_POINT('',(119.984148,-133.329799,1.585));
#4319 = VECTOR('',#4320,1.);
#4320 = DIRECTION('',(-0.691086306874,0.72277224383,0.));
#4321 = ORIENTED_EDGE('',*,*,#4322,.T.);
#4322 = EDGE_CURVE('',#4315,#4323,#4325,.T.);
#4323 = VERTEX_POINT('',#4324);
#4324 = CARTESIAN_POINT('',(120.055112,-133.188632,1.585));
#4325 = CIRCLE('',#4326,7.499993690526E-02);
#4326 = AXIS2_PLACEMENT_3D('',#4327,#4328,#4329);
#4327 = CARTESIAN_POINT('',(120.00207982375,-133.2416657516,1.585));
#4328 = DIRECTION('',(0.,0.,-1.));
#4329 = DIRECTION('',(-0.831465016204,-0.555577111505,-0.));
#4330 = ORIENTED_EDGE('',*,*,#4331,.T.);
#4331 = EDGE_CURVE('',#4323,#4332,#4334,.T.);
#4332 = VERTEX_POINT('',#4333);
#4333 = CARTESIAN_POINT('',(120.114857,-133.252142,1.585));
#4334 = LINE('',#4335,#4336);
#4335 = CARTESIAN_POINT('',(120.055112,-133.188632,1.585));
#4336 = VECTOR('',#4337,1.);
#4337 = DIRECTION('',(0.685187600358,-0.72836663317,0.));
#4338 = ORIENTED_EDGE('',*,*,#4339,.T.);
#4339 = EDGE_CURVE('',#4332,#4340,#4342,.T.);
#4340 = VERTEX_POINT('',#4341);
#4341 = CARTESIAN_POINT('',(120.171589,-133.424735,1.585));
#4342 = LINE('',#4343,#4344);
#4343 = CARTESIAN_POINT('',(120.114857,-133.252142,1.585));
#4344 = VECTOR('',#4345,1.);
#4345 = DIRECTION('',(0.312266910039,-0.949994408876,0.));
#4346 = ORIENTED_EDGE('',*,*,#4347,.T.);
#4347 = EDGE_CURVE('',#4340,#4348,#4350,.T.);
#4348 = VERTEX_POINT('',#4349);
#4349 = CARTESIAN_POINT('',(120.171725,-133.533403,1.585));
#4350 = LINE('',#4351,#4352);
#4351 = CARTESIAN_POINT('',(120.171589,-133.424735,1.585));
#4352 = VECTOR('',#4353,1.);
#4353 = DIRECTION('',(1.251517406132E-03,-0.999999216852,0.));
#4354 = ORIENTED_EDGE('',*,*,#4355,.T.);
#4355 = EDGE_CURVE('',#4348,#4356,#4358,.T.);
#4356 = VERTEX_POINT('',#4357);
#4357 = CARTESIAN_POINT('',(120.616485,-133.681656,1.585));
#4358 = LINE('',#4359,#4360);
#4359 = CARTESIAN_POINT('',(120.171725,-133.533403,1.585));
#4360 = VECTOR('',#4361,1.);
#4361 = DIRECTION('',(0.948683511353,-0.31622712611,0.));
#4362 = ORIENTED_EDGE('',*,*,#4363,.T.);
#4363 = EDGE_CURVE('',#4356,#4364,#4366,.T.);
#4364 = VERTEX_POINT('',#4365);
#4365 = CARTESIAN_POINT('',(120.616485,-133.384523,1.585));
#4366 = LINE('',#4367,#4368);
#4367 = CARTESIAN_POINT('',(120.616485,-133.681656,1.585));
#4368 = VECTOR('',#4369,1.);
#4369 = DIRECTION('',(0.,1.,0.));
#4370 = ORIENTED_EDGE('',*,*,#4371,.T.);
#4371 = EDGE_CURVE('',#4364,#4372,#4374,.T.);
#4372 = VERTEX_POINT('',#4373);
#4373 = CARTESIAN_POINT('',(120.34352,-133.383082,1.585));
#4374 = LINE('',#4375,#4376);
#4375 = CARTESIAN_POINT('',(120.616485,-133.384523,1.585));
#4376 = VECTOR('',#4377,1.);
#4377 = DIRECTION('',(-0.999986066027,5.278991523254E-03,0.));
#4378 = ORIENTED_EDGE('',*,*,#4379,.T.);
#4379 = EDGE_CURVE('',#4372,#4380,#4382,.T.);
#4380 = VERTEX_POINT('',#4381);
#4381 = CARTESIAN_POINT('',(120.358152,-133.234523,1.585));
#4382 = CIRCLE('',#4383,7.500006711463E-02);
#4383 = AXIS2_PLACEMENT_3D('',#4384,#4385,#4386);
#4384 = CARTESIAN_POINT('',(120.35815193288,-133.3095230671,1.585));
#4385 = DIRECTION('',(0.,0.,-1.));
#4386 = DIRECTION('',(-0.195092263891,-0.980784894138,-0.));
#4387 = ORIENTED_EDGE('',*,*,#4388,.T.);
#4388 = EDGE_CURVE('',#4380,#4389,#4391,.T.);
#4389 = VERTEX_POINT('',#4390);
#4390 = CARTESIAN_POINT('',(120.616485,-133.234523,1.585));
#4391 = LINE('',#4392,#4393);
#4392 = CARTESIAN_POINT('',(120.358152,-133.234523,1.585));
#4393 = VECTOR('',#4394,1.);
#4394 = DIRECTION('',(1.,0.,0.));
#4395 = ORIENTED_EDGE('',*,*,#4396,.T.);
#4396 = EDGE_CURVE('',#4389,#4397,#4399,.T.);
#4397 = VERTEX_POINT('',#4398);
#4398 = CARTESIAN_POINT('',(120.617926,-133.152034,1.585));
#4399 = LINE('',#4400,#4401);
#4400 = CARTESIAN_POINT('',(120.616485,-133.234523,1.585));
#4401 = VECTOR('',#4402,1.);
#4402 = DIRECTION('',(1.746633100582E-02,0.999847452005,0.));
#4403 = ORIENTED_EDGE('',*,*,#4404,.T.);
#4404 = EDGE_CURVE('',#4397,#4405,#4407,.T.);
#4405 = VERTEX_POINT('',#4406);
#4406 = CARTESIAN_POINT('',(120.629125,-133.124998,1.585));
#4407 = LINE('',#4408,#4409);
#4408 = CARTESIAN_POINT('',(120.617926,-133.152034,1.585));
#4409 = VECTOR('',#4410,1.);
#4410 = DIRECTION('',(0.38269282806,0.923875640631,0.));
#4411 = ORIENTED_EDGE('',*,*,#4412,.T.);
#4412 = EDGE_CURVE('',#4405,#4057,#4413,.T.);
#4413 = LINE('',#4414,#4415);
#4414 = CARTESIAN_POINT('',(120.629125,-133.124998,1.585));
#4415 = VECTOR('',#4416,1.);
#4416 = DIRECTION('',(0.707106781187,0.707106781187,0.));
#4417 = PLANE('',#4418);
#4418 = AXIS2_PLACEMENT_3D('',#4419,#4420,#4421);
#4419 = CARTESIAN_POINT('',(0.,0.,1.585));
#4420 = DIRECTION('',(0.,0.,1.));
#4421 = DIRECTION('',(1.,0.,-0.));
#4422 = SHELL_BASED_SURFACE_MODEL('',(#4423));
#4423 = OPEN_SHELL('',(#4424));
#4424 = ADVANCED_FACE('',(#4425),#4469,.T.);
#4425 = FACE_BOUND('',#4426,.F.);
#4426 = EDGE_LOOP('',(#4427,#4438,#4446,#4455,#4463));
#4427 = ORIENTED_EDGE('',*,*,#4428,.T.);
#4428 = EDGE_CURVE('',#4429,#4431,#4433,.T.);
#4429 = VERTEX_POINT('',#4430);
#4430 = CARTESIAN_POINT('',(117.647067,-132.905772,1.585));
#4431 = VERTEX_POINT('',#4432);
#4432 = CARTESIAN_POINT('',(117.7625,-132.928733,1.585));
#4433 = CIRCLE('',#4434,6.000007318647E-02);
#4434 = AXIS2_PLACEMENT_3D('',#4435,#4436,#4437);
#4435 = CARTESIAN_POINT('',(117.70249992681,-132.9287328233,1.585));
#4436 = DIRECTION('',(0.,0.,-1.));
#4437 = DIRECTION('',(-0.923880986637,0.382679921777,0.));
#4438 = ORIENTED_EDGE('',*,*,#4439,.T.);
#4439 = EDGE_CURVE('',#4431,#4440,#4442,.T.);
#4440 = VERTEX_POINT('',#4441);
#4441 = CARTESIAN_POINT('',(117.7625,-133.221267,1.585));
#4442 = LINE('',#4443,#4444);
#4443 = CARTESIAN_POINT('',(117.7625,-132.928733,1.585));
#4444 = VECTOR('',#4445,1.);
#4445 = DIRECTION('',(0.,-1.,0.));
#4446 = ORIENTED_EDGE('',*,*,#4447,.T.);
#4447 = EDGE_CURVE('',#4440,#4448,#4450,.T.);
#4448 = VERTEX_POINT('',#4449);
#4449 = CARTESIAN_POINT('',(117.6425,-133.221267,1.585));
#4450 = CIRCLE('',#4451,6.000000000043E-02);
#4451 = AXIS2_PLACEMENT_3D('',#4452,#4453,#4454);
#4452 = CARTESIAN_POINT('',(117.7025,-133.2212672255,1.585));
#4453 = DIRECTION('',(0.,0.,-1.));
#4454 = DIRECTION('',(0.999999999993,3.759793779988E-06,0.));
#4455 = ORIENTED_EDGE('',*,*,#4456,.T.);
#4456 = EDGE_CURVE('',#4448,#4457,#4459,.T.);
#4457 = VERTEX_POINT('',#4458);
#4458 = CARTESIAN_POINT('',(117.6425,-132.928733,1.585));
#4459 = LINE('',#4460,#4461);
#4460 = CARTESIAN_POINT('',(117.6425,-133.221267,1.585));
#4461 = VECTOR('',#4462,1.);
#4462 = DIRECTION('',(0.,1.,0.));
#4463 = ORIENTED_EDGE('',*,*,#4464,.T.);
#4464 = EDGE_CURVE('',#4457,#4429,#4465,.T.);
#4465 = LINE('',#4466,#4467);
#4466 = CARTESIAN_POINT('',(117.6425,-132.928733,1.585));
#4467 = VECTOR('',#4468,1.);
#4468 = DIRECTION('',(0.195081000118,0.980787134598,0.));
#4469 = PLANE('',#4470);
#4470 = AXIS2_PLACEMENT_3D('',#4471,#4472,#4473);
#4471 = CARTESIAN_POINT('',(0.,0.,1.585));
#4472 = DIRECTION('',(0.,0.,1.));
#4473 = DIRECTION('',(1.,0.,-0.));
#4474 = SHELL_BASED_SURFACE_MODEL('',(#4475));
#4475 = OPEN_SHELL('',(#4476));
#4476 = ADVANCED_FACE('',(#4477),#4521,.T.);
#4477 = FACE_BOUND('',#4478,.F.);
#4478 = EDGE_LOOP('',(#4479,#4490,#4498,#4507,#4515));
#4479 = ORIENTED_EDGE('',*,*,#4480,.T.);
#4480 = EDGE_CURVE('',#4481,#4483,#4485,.T.);
#4481 = VERTEX_POINT('',#4482);
#4482 = CARTESIAN_POINT('',(118.667067,-132.905772,1.585));
#4483 = VERTEX_POINT('',#4484);
#4484 = CARTESIAN_POINT('',(118.7825,-132.928733,1.585));
#4485 = CIRCLE('',#4486,6.000007318647E-02);
#4486 = AXIS2_PLACEMENT_3D('',#4487,#4488,#4489);
#4487 = CARTESIAN_POINT('',(118.72249992681,-132.9287328233,1.585));
#4488 = DIRECTION('',(0.,0.,-1.));
#4489 = DIRECTION('',(-0.923880986637,0.382679921777,0.));
#4490 = ORIENTED_EDGE('',*,*,#4491,.T.);
#4491 = EDGE_CURVE('',#4483,#4492,#4494,.T.);
#4492 = VERTEX_POINT('',#4493);
#4493 = CARTESIAN_POINT('',(118.7825,-133.221267,1.585));
#4494 = LINE('',#4495,#4496);
#4495 = CARTESIAN_POINT('',(118.7825,-132.928733,1.585));
#4496 = VECTOR('',#4497,1.);
#4497 = DIRECTION('',(0.,-1.,0.));
#4498 = ORIENTED_EDGE('',*,*,#4499,.T.);
#4499 = EDGE_CURVE('',#4492,#4500,#4502,.T.);
#4500 = VERTEX_POINT('',#4501);
#4501 = CARTESIAN_POINT('',(118.6625,-133.221267,1.585));
#4502 = CIRCLE('',#4503,6.000000000042E-02);
#4503 = AXIS2_PLACEMENT_3D('',#4504,#4505,#4506);
#4504 = CARTESIAN_POINT('',(118.7225,-133.2212672255,1.585));
#4505 = DIRECTION('',(0.,0.,-1.));
#4506 = DIRECTION('',(0.999999999993,3.759794253684E-06,0.));
#4507 = ORIENTED_EDGE('',*,*,#4508,.T.);
#4508 = EDGE_CURVE('',#4500,#4509,#4511,.T.);
#4509 = VERTEX_POINT('',#4510);
#4510 = CARTESIAN_POINT('',(118.6625,-132.928733,1.585));
#4511 = LINE('',#4512,#4513);
#4512 = CARTESIAN_POINT('',(118.6625,-133.221267,1.585));
#4513 = VECTOR('',#4514,1.);
#4514 = DIRECTION('',(0.,1.,0.));
#4515 = ORIENTED_EDGE('',*,*,#4516,.T.);
#4516 = EDGE_CURVE('',#4509,#4481,#4517,.T.);
#4517 = LINE('',#4518,#4519);
#4518 = CARTESIAN_POINT('',(118.6625,-132.928733,1.585));
#4519 = VECTOR('',#4520,1.);
#4520 = DIRECTION('',(0.195081000118,0.980787134598,0.));
#4521 = PLANE('',#4522);
#4522 = AXIS2_PLACEMENT_3D('',#4523,#4524,#4525);
#4523 = CARTESIAN_POINT('',(0.,0.,1.585));
#4524 = DIRECTION('',(0.,0.,1.));
#4525 = DIRECTION('',(1.,0.,-0.));
#4526 = SHELL_BASED_SURFACE_MODEL('',(#4527));
#4527 = OPEN_SHELL('',(#4528));
#4528 = ADVANCED_FACE('',(#4529),#4723,.T.);
#4529 = FACE_BOUND('',#4530,.F.);
#4530 = EDGE_LOOP('',(#4531,#4542,#4550,#4559,#4567,#4576,#4584,#4592,
    #4600,#4609,#4617,#4626,#4634,#4643,#4651,#4659,#4667,#4676,#4684,
    #4692,#4701,#4709,#4717));
#4531 = ORIENTED_EDGE('',*,*,#4532,.T.);
#4532 = EDGE_CURVE('',#4533,#4535,#4537,.T.);
#4533 = VERTEX_POINT('',#4534);
#4534 = CARTESIAN_POINT('',(142.113151,-132.490616,1.585));
#4535 = VERTEX_POINT('',#4536);
#4536 = CARTESIAN_POINT('',(142.204207,-132.496533,1.585));
#4537 = CIRCLE('',#4538,7.499904172409E-02);
#4538 = AXIS2_PLACEMENT_3D('',#4539,#4540,#4541);
#4539 = CARTESIAN_POINT('',(142.15481904495,-132.5529748829,1.585));
#4540 = DIRECTION('',(0.,0.,-1.));
#4541 = DIRECTION('',(-0.555581031454,0.831462396918,0.));
#4542 = ORIENTED_EDGE('',*,*,#4543,.T.);
#4543 = EDGE_CURVE('',#4535,#4544,#4546,.T.);
#4544 = VERTEX_POINT('',#4545);
#4545 = CARTESIAN_POINT('',(142.463516,-132.723428,1.585));
#4546 = LINE('',#4547,#4548);
#4547 = CARTESIAN_POINT('',(142.204207,-132.496533,1.585));
#4548 = VECTOR('',#4549,1.);
#4549 = DIRECTION('',(0.752577234061,-0.658503991463,0.));
#4550 = ORIENTED_EDGE('',*,*,#4551,.T.);
#4551 = EDGE_CURVE('',#4544,#4552,#4554,.T.);
#4552 = VERTEX_POINT('',#4553);
#4553 = CARTESIAN_POINT('',(142.711615,-132.479417,1.585));
#4554 = CIRCLE('',#4555,0.348517853143);
#4555 = AXIS2_PLACEMENT_3D('',#4556,#4557,#4558);
#4556 = CARTESIAN_POINT('',(142.79931548686,-132.816720007,1.585));
#4557 = DIRECTION('',(0.,0.,-1.));
#4558 = DIRECTION('',(-0.963507274705,0.267682146568,0.));
#4559 = ORIENTED_EDGE('',*,*,#4560,.T.);
#4560 = EDGE_CURVE('',#4552,#4561,#4563,.T.);
#4561 = VERTEX_POINT('',#4562);
#4562 = CARTESIAN_POINT('',(142.978974,-132.479417,1.585));
#4563 = LINE('',#4564,#4565);
#4564 = CARTESIAN_POINT('',(142.711615,-132.479417,1.585));
#4565 = VECTOR('',#4566,1.);
#4566 = DIRECTION('',(1.,0.,0.));
#4567 = ORIENTED_EDGE('',*,*,#4568,.T.);
#4568 = EDGE_CURVE('',#4561,#4569,#4571,.T.);
#4569 = VERTEX_POINT('',#4570);
#4570 = CARTESIAN_POINT('',(143.228378,-132.72882,1.585));
#4571 = CIRCLE('',#4572,0.347873191155);
#4572 = AXIS2_PLACEMENT_3D('',#4573,#4574,#4575);
#4573 = CARTESIAN_POINT('',(142.89164493659,-132.8161504135,1.585));
#4574 = DIRECTION('',(0.,0.,-1.));
#4575 = DIRECTION('',(0.251037060709,0.967977476056,0.));
#4576 = ORIENTED_EDGE('',*,*,#4577,.T.);
#4577 = EDGE_CURVE('',#4569,#4578,#4580,.T.);
#4578 = VERTEX_POINT('',#4579);
#4579 = CARTESIAN_POINT('',(143.227156,-133.048976,1.585));
#4580 = LINE('',#4581,#4582);
#4581 = CARTESIAN_POINT('',(143.228378,-132.72882,1.585));
#4582 = VECTOR('',#4583,1.);
#4583 = DIRECTION('',(-3.816861463288E-03,-0.999992715758,0.));
#4584 = ORIENTED_EDGE('',*,*,#4585,.T.);
#4585 = EDGE_CURVE('',#4578,#4586,#4588,.T.);
#4586 = VERTEX_POINT('',#4587);
#4587 = CARTESIAN_POINT('',(143.16495,-133.171688,1.585));
#4588 = LINE('',#4589,#4590);
#4589 = CARTESIAN_POINT('',(143.227156,-133.048976,1.585));
#4590 = VECTOR('',#4591,1.);
#4591 = DIRECTION('',(-0.452149402815,-0.891942216477,0.));
#4592 = ORIENTED_EDGE('',*,*,#4593,.T.);
#4593 = EDGE_CURVE('',#4586,#4594,#4596,.T.);
#4594 = VERTEX_POINT('',#4595);
#4595 = CARTESIAN_POINT('',(143.101247,-133.234384,1.585));
#4596 = LINE('',#4597,#4598);
#4597 = CARTESIAN_POINT('',(143.16495,-133.171688,1.585));
#4598 = VECTOR('',#4599,1.);
#4599 = DIRECTION('',(-0.712717566469,-0.701451117645,0.));
#4600 = ORIENTED_EDGE('',*,*,#4601,.T.);
#4601 = EDGE_CURVE('',#4594,#4602,#4604,.T.);
#4602 = VERTEX_POINT('',#4603);
#4603 = CARTESIAN_POINT('',(143.006548,-133.118989,1.585));
#4604 = CIRCLE('',#4605,7.500012668039E-02);
#4605 = AXIS2_PLACEMENT_3D('',#4606,#4607,#4608);
#4606 = CARTESIAN_POINT('',(143.05958024831,-133.172022948,1.585));
#4607 = DIRECTION('',(0.,0.,-1.));
#4608 = DIRECTION('',(0.555555750804,-0.831479288827,0.));
#4609 = ORIENTED_EDGE('',*,*,#4610,.T.);
#4610 = EDGE_CURVE('',#4602,#4611,#4613,.T.);
#4611 = VERTEX_POINT('',#4612);
#4612 = CARTESIAN_POINT('',(143.045561,-133.079976,1.585));
#4613 = LINE('',#4614,#4615);
#4614 = CARTESIAN_POINT('',(143.006548,-133.118989,1.585));
#4615 = VECTOR('',#4616,1.);
#4616 = DIRECTION('',(0.707106781186,0.707106781187,0.));
#4617 = ORIENTED_EDGE('',*,*,#4618,.T.);
#4618 = EDGE_CURVE('',#4611,#4619,#4621,.T.);
#4619 = VERTEX_POINT('',#4620);
#4620 = CARTESIAN_POINT('',(143.045561,-132.692641,1.585));
#4621 = CIRCLE('',#4622,0.358499305982);
#4622 = AXIS2_PLACEMENT_3D('',#4623,#4624,#4625);
#4623 = CARTESIAN_POINT('',(142.74387465322,-132.8863085,1.585));
#4624 = DIRECTION('',(0.,-0.,1.));
#4625 = DIRECTION('',(0.841525608965,-0.540217224324,-0.));
#4626 = ORIENTED_EDGE('',*,*,#4627,.T.);
#4627 = EDGE_CURVE('',#4619,#4628,#4630,.T.);
#4628 = VERTEX_POINT('',#4629);
#4629 = CARTESIAN_POINT('',(143.015153,-132.662234,1.585));
#4630 = LINE('',#4631,#4632);
#4631 = CARTESIAN_POINT('',(143.045561,-132.692641,1.585));
#4632 = VECTOR('',#4633,1.);
#4633 = DIRECTION('',(-0.707118408268,0.707095153914,0.));
#4634 = ORIENTED_EDGE('',*,*,#4635,.T.);
#4635 = EDGE_CURVE('',#4628,#4636,#4638,.T.);
#4636 = VERTEX_POINT('',#4637);
#4637 = CARTESIAN_POINT('',(142.675436,-132.662234,1.585));
#4638 = CIRCLE('',#4639,0.305621483548);
#4639 = AXIS2_PLACEMENT_3D('',#4640,#4641,#4642);
#4640 = CARTESIAN_POINT('',(142.8452945,-132.916306,1.585));
#4641 = DIRECTION('',(0.,0.,1.));
#4642 = DIRECTION('',(0.555780627815,0.831328992485,-0.));
#4643 = ORIENTED_EDGE('',*,*,#4644,.T.);
#4644 = EDGE_CURVE('',#4636,#4645,#4647,.T.);
#4645 = VERTEX_POINT('',#4646);
#4646 = CARTESIAN_POINT('',(142.645029,-132.692641,1.585));
#4647 = LINE('',#4648,#4649);
#4648 = CARTESIAN_POINT('',(142.675436,-132.662234,1.585));
#4649 = VECTOR('',#4650,1.);
#4650 = DIRECTION('',(-0.707106781187,-0.707106781187,0.));
#4651 = ORIENTED_EDGE('',*,*,#4652,.T.);
#4652 = EDGE_CURVE('',#4645,#4653,#4655,.T.);
#4653 = VERTEX_POINT('',#4654);
#4654 = CARTESIAN_POINT('',(142.610771,-132.761157,1.585));
#4655 = LINE('',#4656,#4657);
#4656 = CARTESIAN_POINT('',(142.645029,-132.692641,1.585));
#4657 = VECTOR('',#4658,1.);
#4658 = DIRECTION('',(-0.4472135955,-0.894427191,0.));
#4659 = ORIENTED_EDGE('',*,*,#4660,.T.);
#4660 = EDGE_CURVE('',#4653,#4661,#4663,.T.);
#4661 = VERTEX_POINT('',#4662);
#4662 = CARTESIAN_POINT('',(142.60933,-132.900941,1.585));
#4663 = LINE('',#4664,#4665);
#4664 = CARTESIAN_POINT('',(142.610771,-132.761157,1.585));
#4665 = VECTOR('',#4666,1.);
#4666 = DIRECTION('',(-1.030821437469E-02,-0.999946868947,0.));
#4667 = ORIENTED_EDGE('',*,*,#4668,.T.);
#4668 = EDGE_CURVE('',#4661,#4669,#4671,.T.);
#4669 = VERTEX_POINT('',#4670);
#4670 = CARTESIAN_POINT('',(142.486383,-132.942752,1.585));
#4671 = CIRCLE('',#4672,7.500015628759E-02);
#4672 = AXIS2_PLACEMENT_3D('',#4673,#4674,#4675);
#4673 = CARTESIAN_POINT('',(142.5357710461,-132.8863087156,1.585));
#4674 = DIRECTION('',(-0.,0.,-1.));
#4675 = DIRECTION('',(0.980784008184,-0.195096717785,-0.));
#4676 = ORIENTED_EDGE('',*,*,#4677,.T.);
#4677 = EDGE_CURVE('',#4669,#4678,#4680,.T.);
#4678 = VERTEX_POINT('',#4679);
#4679 = CARTESIAN_POINT('',(142.229819,-132.718258,1.585));
#4680 = LINE('',#4681,#4682);
#4681 = CARTESIAN_POINT('',(142.486383,-132.942752,1.585));
#4682 = VECTOR('',#4683,1.);
#4683 = DIRECTION('',(-0.752575967874,0.658505438534,0.));
#4684 = ORIENTED_EDGE('',*,*,#4685,.T.);
#4685 = EDGE_CURVE('',#4678,#4686,#4688,.T.);
#4686 = VERTEX_POINT('',#4687);
#4687 = CARTESIAN_POINT('',(142.228378,-133.186655,1.585));
#4688 = LINE('',#4689,#4690);
#4689 = CARTESIAN_POINT('',(142.229819,-132.718258,1.585));
#4690 = VECTOR('',#4691,1.);
#4691 = DIRECTION('',(-3.076435546862E-03,-0.999995267761,0.));
#4692 = ORIENTED_EDGE('',*,*,#4693,.T.);
#4693 = EDGE_CURVE('',#4686,#4694,#4696,.T.);
#4694 = VERTEX_POINT('',#4695);
#4695 = CARTESIAN_POINT('',(142.079819,-133.172023,1.585));
#4696 = CIRCLE('',#4697,7.500006711464E-02);
#4697 = AXIS2_PLACEMENT_3D('',#4698,#4699,#4700);
#4698 = CARTESIAN_POINT('',(142.15481906711,-133.1720230671,1.585));
#4699 = DIRECTION('',(-0.,0.,-1.));
#4700 = DIRECTION('',(0.980784894138,-0.195092263891,-0.));
#4701 = ORIENTED_EDGE('',*,*,#4702,.T.);
#4702 = EDGE_CURVE('',#4694,#4703,#4705,.T.);
#4703 = VERTEX_POINT('',#4704);
#4704 = CARTESIAN_POINT('',(142.08126,-132.538344,1.585));
#4705 = LINE('',#4706,#4707);
#4706 = CARTESIAN_POINT('',(142.079819,-133.172023,1.585));
#4707 = VECTOR('',#4708,1.);
#4708 = DIRECTION('',(2.274016140951E-03,0.999997414422,0.));
#4709 = ORIENTED_EDGE('',*,*,#4710,.T.);
#4710 = EDGE_CURVE('',#4703,#4711,#4713,.T.);
#4711 = VERTEX_POINT('',#4712);
#4712 = CARTESIAN_POINT('',(142.092459,-132.511308,1.585));
#4713 = LINE('',#4714,#4715);
#4714 = CARTESIAN_POINT('',(142.08126,-132.538344,1.585));
#4715 = VECTOR('',#4716,1.);
#4716 = DIRECTION('',(0.38269282806,0.923875640631,0.));
#4717 = ORIENTED_EDGE('',*,*,#4718,.T.);
#4718 = EDGE_CURVE('',#4711,#4533,#4719,.T.);
#4719 = LINE('',#4720,#4721);
#4720 = CARTESIAN_POINT('',(142.092459,-132.511308,1.585));
#4721 = VECTOR('',#4722,1.);
#4722 = DIRECTION('',(0.707106781186,0.707106781187,0.));
#4723 = PLANE('',#4724);
#4724 = AXIS2_PLACEMENT_3D('',#4725,#4726,#4727);
#4725 = CARTESIAN_POINT('',(0.,0.,1.585));
#4726 = DIRECTION('',(0.,0.,1.));
#4727 = DIRECTION('',(1.,0.,-0.));
#4728 = SHELL_BASED_SURFACE_MODEL('',(#4729));
#4729 = OPEN_SHELL('',(#4730));
#4730 = ADVANCED_FACE('',(#4731),#4925,.T.);
#4731 = FACE_BOUND('',#4732,.F.);
#4732 = EDGE_LOOP('',(#4733,#4744,#4752,#4761,#4769,#4778,#4786,#4794,
    #4802,#4811,#4819,#4828,#4836,#4845,#4853,#4861,#4869,#4878,#4886,
    #4894,#4903,#4911,#4919));
#4733 = ORIENTED_EDGE('',*,*,#4734,.T.);
#4734 = EDGE_CURVE('',#4735,#4737,#4739,.T.);
#4735 = VERTEX_POINT('',#4736);
#4736 = CARTESIAN_POINT('',(119.055651,-132.226925,1.585));
#4737 = VERTEX_POINT('',#4738);
#4738 = CARTESIAN_POINT('',(119.146707,-132.232842,1.585));
#4739 = CIRCLE('',#4740,7.499904172402E-02);
#4740 = AXIS2_PLACEMENT_3D('',#4741,#4742,#4743);
#4741 = CARTESIAN_POINT('',(119.09731904495,-132.2892838829,1.585));
#4742 = DIRECTION('',(0.,0.,-1.));
#4743 = DIRECTION('',(-0.555581031455,0.831462396918,0.));
#4744 = ORIENTED_EDGE('',*,*,#4745,.T.);
#4745 = EDGE_CURVE('',#4737,#4746,#4748,.T.);
#4746 = VERTEX_POINT('',#4747);
#4747 = CARTESIAN_POINT('',(119.406016,-132.459737,1.585));
#4748 = LINE('',#4749,#4750);
#4749 = CARTESIAN_POINT('',(119.146707,-132.232842,1.585));
#4750 = VECTOR('',#4751,1.);
#4751 = DIRECTION('',(0.752577234061,-0.658503991463,0.));
#4752 = ORIENTED_EDGE('',*,*,#4753,.T.);
#4753 = EDGE_CURVE('',#4746,#4754,#4756,.T.);
#4754 = VERTEX_POINT('',#4755);
#4755 = CARTESIAN_POINT('',(119.654115,-132.215726,1.585));
#4756 = CIRCLE('',#4757,0.348517853144);
#4757 = AXIS2_PLACEMENT_3D('',#4758,#4759,#4760);
#4758 = CARTESIAN_POINT('',(119.74181548686,-132.553029007,1.585));
#4759 = DIRECTION('',(0.,0.,-1.));
#4760 = DIRECTION('',(-0.963507274704,0.267682146568,0.));
#4761 = ORIENTED_EDGE('',*,*,#4762,.T.);
#4762 = EDGE_CURVE('',#4754,#4763,#4765,.T.);
#4763 = VERTEX_POINT('',#4764);
#4764 = CARTESIAN_POINT('',(119.921474,-132.215726,1.585));
#4765 = LINE('',#4766,#4767);
#4766 = CARTESIAN_POINT('',(119.654115,-132.215726,1.585));
#4767 = VECTOR('',#4768,1.);
#4768 = DIRECTION('',(1.,0.,0.));
#4769 = ORIENTED_EDGE('',*,*,#4770,.T.);
#4770 = EDGE_CURVE('',#4763,#4771,#4773,.T.);
#4771 = VERTEX_POINT('',#4772);
#4772 = CARTESIAN_POINT('',(120.170878,-132.465129,1.585));
#4773 = CIRCLE('',#4774,0.347873191155);
#4774 = AXIS2_PLACEMENT_3D('',#4775,#4776,#4777);
#4775 = CARTESIAN_POINT('',(119.83414493659,-132.5524594135,1.585));
#4776 = DIRECTION('',(0.,0.,-1.));
#4777 = DIRECTION('',(0.251037060709,0.967977476055,0.));
#4778 = ORIENTED_EDGE('',*,*,#4779,.T.);
#4779 = EDGE_CURVE('',#4771,#4780,#4782,.T.);
#4780 = VERTEX_POINT('',#4781);
#4781 = CARTESIAN_POINT('',(120.169656,-132.785285,1.585));
#4782 = LINE('',#4783,#4784);
#4783 = CARTESIAN_POINT('',(120.170878,-132.465129,1.585));
#4784 = VECTOR('',#4785,1.);
#4785 = DIRECTION('',(-3.816861463332E-03,-0.999992715758,0.));
#4786 = ORIENTED_EDGE('',*,*,#4787,.T.);
#4787 = EDGE_CURVE('',#4780,#4788,#4790,.T.);
#4788 = VERTEX_POINT('',#4789);
#4789 = CARTESIAN_POINT('',(120.10745,-132.907997,1.585));
#4790 = LINE('',#4791,#4792);
#4791 = CARTESIAN_POINT('',(120.169656,-132.785285,1.585));
#4792 = VECTOR('',#4793,1.);
#4793 = DIRECTION('',(-0.452149402815,-0.891942216477,0.));
#4794 = ORIENTED_EDGE('',*,*,#4795,.T.);
#4795 = EDGE_CURVE('',#4788,#4796,#4798,.T.);
#4796 = VERTEX_POINT('',#4797);
#4797 = CARTESIAN_POINT('',(120.043747,-132.970693,1.585));
#4798 = LINE('',#4799,#4800);
#4799 = CARTESIAN_POINT('',(120.10745,-132.907997,1.585));
#4800 = VECTOR('',#4801,1.);
#4801 = DIRECTION('',(-0.712717566469,-0.701451117645,0.));
#4802 = ORIENTED_EDGE('',*,*,#4803,.T.);
#4803 = EDGE_CURVE('',#4796,#4804,#4806,.T.);
#4804 = VERTEX_POINT('',#4805);
#4805 = CARTESIAN_POINT('',(119.949048,-132.855298,1.585));
#4806 = CIRCLE('',#4807,7.500012668039E-02);
#4807 = AXIS2_PLACEMENT_3D('',#4808,#4809,#4810);
#4808 = CARTESIAN_POINT('',(120.00208024831,-132.908331948,1.585));
#4809 = DIRECTION('',(0.,0.,-1.));
#4810 = DIRECTION('',(0.555555750804,-0.831479288827,0.));
#4811 = ORIENTED_EDGE('',*,*,#4812,.T.);
#4812 = EDGE_CURVE('',#4804,#4813,#4815,.T.);
#4813 = VERTEX_POINT('',#4814);
#4814 = CARTESIAN_POINT('',(119.988061,-132.816285,1.585));
#4815 = LINE('',#4816,#4817);
#4816 = CARTESIAN_POINT('',(119.949048,-132.855298,1.585));
#4817 = VECTOR('',#4818,1.);
#4818 = DIRECTION('',(0.707106781186,0.707106781187,0.));
#4819 = ORIENTED_EDGE('',*,*,#4820,.T.);
#4820 = EDGE_CURVE('',#4813,#4821,#4823,.T.);
#4821 = VERTEX_POINT('',#4822);
#4822 = CARTESIAN_POINT('',(119.988061,-132.42895,1.585));
#4823 = CIRCLE('',#4824,0.358499305982);
#4824 = AXIS2_PLACEMENT_3D('',#4825,#4826,#4827);
#4825 = CARTESIAN_POINT('',(119.68637465322,-132.6226175,1.585));
#4826 = DIRECTION('',(0.,-0.,1.));
#4827 = DIRECTION('',(0.841525608965,-0.540217224324,-0.));
#4828 = ORIENTED_EDGE('',*,*,#4829,.T.);
#4829 = EDGE_CURVE('',#4821,#4830,#4832,.T.);
#4830 = VERTEX_POINT('',#4831);
#4831 = CARTESIAN_POINT('',(119.957653,-132.398543,1.585));
#4832 = LINE('',#4833,#4834);
#4833 = CARTESIAN_POINT('',(119.988061,-132.42895,1.585));
#4834 = VECTOR('',#4835,1.);
#4835 = DIRECTION('',(-0.707118408268,0.707095153914,0.));
#4836 = ORIENTED_EDGE('',*,*,#4837,.T.);
#4837 = EDGE_CURVE('',#4830,#4838,#4840,.T.);
#4838 = VERTEX_POINT('',#4839);
#4839 = CARTESIAN_POINT('',(119.617936,-132.398543,1.585));
#4840 = CIRCLE('',#4841,0.305621483548);
#4841 = AXIS2_PLACEMENT_3D('',#4842,#4843,#4844);
#4842 = CARTESIAN_POINT('',(119.7877945,-132.652615,1.585));
#4843 = DIRECTION('',(0.,0.,1.));
#4844 = DIRECTION('',(0.555780627814,0.831328992485,-0.));
#4845 = ORIENTED_EDGE('',*,*,#4846,.T.);
#4846 = EDGE_CURVE('',#4838,#4847,#4849,.T.);
#4847 = VERTEX_POINT('',#4848);
#4848 = CARTESIAN_POINT('',(119.587529,-132.42895,1.585));
#4849 = LINE('',#4850,#4851);
#4850 = CARTESIAN_POINT('',(119.617936,-132.398543,1.585));
#4851 = VECTOR('',#4852,1.);
#4852 = DIRECTION('',(-0.707106781187,-0.707106781187,0.));
#4853 = ORIENTED_EDGE('',*,*,#4854,.T.);
#4854 = EDGE_CURVE('',#4847,#4855,#4857,.T.);
#4855 = VERTEX_POINT('',#4856);
#4856 = CARTESIAN_POINT('',(119.553271,-132.497466,1.585));
#4857 = LINE('',#4858,#4859);
#4858 = CARTESIAN_POINT('',(119.587529,-132.42895,1.585));
#4859 = VECTOR('',#4860,1.);
#4860 = DIRECTION('',(-0.4472135955,-0.894427191,0.));
#4861 = ORIENTED_EDGE('',*,*,#4862,.T.);
#4862 = EDGE_CURVE('',#4855,#4863,#4865,.T.);
#4863 = VERTEX_POINT('',#4864);
#4864 = CARTESIAN_POINT('',(119.55183,-132.63725,1.585));
#4865 = LINE('',#4866,#4867);
#4866 = CARTESIAN_POINT('',(119.553271,-132.497466,1.585));
#4867 = VECTOR('',#4868,1.);
#4868 = DIRECTION('',(-1.030821437469E-02,-0.999946868947,0.));
#4869 = ORIENTED_EDGE('',*,*,#4870,.T.);
#4870 = EDGE_CURVE('',#4863,#4871,#4873,.T.);
#4871 = VERTEX_POINT('',#4872);
#4872 = CARTESIAN_POINT('',(119.428883,-132.679061,1.585));
#4873 = CIRCLE('',#4874,7.500015628753E-02);
#4874 = AXIS2_PLACEMENT_3D('',#4875,#4876,#4877);
#4875 = CARTESIAN_POINT('',(119.4782710461,-132.6226177156,1.585));
#4876 = DIRECTION('',(-0.,0.,-1.));
#4877 = DIRECTION('',(0.980784008184,-0.195096717784,-0.));
#4878 = ORIENTED_EDGE('',*,*,#4879,.T.);
#4879 = EDGE_CURVE('',#4871,#4880,#4882,.T.);
#4880 = VERTEX_POINT('',#4881);
#4881 = CARTESIAN_POINT('',(119.172319,-132.454567,1.585));
#4882 = LINE('',#4883,#4884);
#4883 = CARTESIAN_POINT('',(119.428883,-132.679061,1.585));
#4884 = VECTOR('',#4885,1.);
#4885 = DIRECTION('',(-0.752575967874,0.658505438534,0.));
#4886 = ORIENTED_EDGE('',*,*,#4887,.T.);
#4887 = EDGE_CURVE('',#4880,#4888,#4890,.T.);
#4888 = VERTEX_POINT('',#4889);
#4889 = CARTESIAN_POINT('',(119.170878,-132.922964,1.585));
#4890 = LINE('',#4891,#4892);
#4891 = CARTESIAN_POINT('',(119.172319,-132.454567,1.585));
#4892 = VECTOR('',#4893,1.);
#4893 = DIRECTION('',(-3.076435546862E-03,-0.999995267761,0.));
#4894 = ORIENTED_EDGE('',*,*,#4895,.T.);
#4895 = EDGE_CURVE('',#4888,#4896,#4898,.T.);
#4896 = VERTEX_POINT('',#4897);
#4897 = CARTESIAN_POINT('',(119.022319,-132.908332,1.585));
#4898 = CIRCLE('',#4899,7.500006711464E-02);
#4899 = AXIS2_PLACEMENT_3D('',#4900,#4901,#4902);
#4900 = CARTESIAN_POINT('',(119.09731906711,-132.9083320671,1.585));
#4901 = DIRECTION('',(-0.,0.,-1.));
#4902 = DIRECTION('',(0.980784894138,-0.195092263891,-0.));
#4903 = ORIENTED_EDGE('',*,*,#4904,.T.);
#4904 = EDGE_CURVE('',#4896,#4905,#4907,.T.);
#4905 = VERTEX_POINT('',#4906);
#4906 = CARTESIAN_POINT('',(119.02376,-132.274653,1.585));
#4907 = LINE('',#4908,#4909);
#4908 = CARTESIAN_POINT('',(119.022319,-132.908332,1.585));
#4909 = VECTOR('',#4910,1.);
#4910 = DIRECTION('',(2.274016140951E-03,0.999997414422,0.));
#4911 = ORIENTED_EDGE('',*,*,#4912,.T.);
#4912 = EDGE_CURVE('',#4905,#4913,#4915,.T.);
#4913 = VERTEX_POINT('',#4914);
#4914 = CARTESIAN_POINT('',(119.034959,-132.247617,1.585));
#4915 = LINE('',#4916,#4917);
#4916 = CARTESIAN_POINT('',(119.02376,-132.274653,1.585));
#4917 = VECTOR('',#4918,1.);
#4918 = DIRECTION('',(0.38269282806,0.923875640631,0.));
#4919 = ORIENTED_EDGE('',*,*,#4920,.T.);
#4920 = EDGE_CURVE('',#4913,#4735,#4921,.T.);
#4921 = LINE('',#4922,#4923);
#4922 = CARTESIAN_POINT('',(119.034959,-132.247617,1.585));
#4923 = VECTOR('',#4924,1.);
#4924 = DIRECTION('',(0.707106781187,0.707106781187,0.));
#4925 = PLANE('',#4926);
#4926 = AXIS2_PLACEMENT_3D('',#4927,#4928,#4929);
#4927 = CARTESIAN_POINT('',(0.,0.,1.585));
#4928 = DIRECTION('',(0.,0.,1.));
#4929 = DIRECTION('',(1.,0.,-0.));
#4930 = SHELL_BASED_SURFACE_MODEL('',(#4931));
#4931 = OPEN_SHELL('',(#4932));
#4932 = ADVANCED_FACE('',(#4933),#4994,.T.);
#4933 = FACE_BOUND('',#4934,.F.);
#4934 = EDGE_LOOP('',(#4935,#4946,#4954,#4963,#4971,#4979,#4988));
#4935 = ORIENTED_EDGE('',*,*,#4936,.T.);
#4936 = EDGE_CURVE('',#4937,#4939,#4941,.T.);
#4937 = VERTEX_POINT('',#4938);
#4938 = CARTESIAN_POINT('',(143.83,-131.7525,1.585));
#4939 = VERTEX_POINT('',#4940);
#4940 = CARTESIAN_POINT('',(143.89,-131.6925,1.585));
#4941 = CIRCLE('',#4942,5.999932016253E-02);
#4942 = AXIS2_PLACEMENT_3D('',#4943,#4944,#4945);
#4943 = CARTESIAN_POINT('',(143.88999932015,-131.7524993201,1.585));
#4944 = DIRECTION('',(0.,0.,-1.));
#4945 = DIRECTION('',(-0.999999999936,-1.133081706884E-05,-0.));
#4946 = ORIENTED_EDGE('',*,*,#4947,.T.);
#4947 = EDGE_CURVE('',#4939,#4948,#4950,.T.);
#4948 = VERTEX_POINT('',#4949);
#4949 = CARTESIAN_POINT('',(144.365,-131.6925,1.585));
#4950 = LINE('',#4951,#4952);
#4951 = CARTESIAN_POINT('',(143.89,-131.6925,1.585));
#4952 = VECTOR('',#4953,1.);
#4953 = DIRECTION('',(1.,0.,0.));
#4954 = ORIENTED_EDGE('',*,*,#4955,.T.);
#4955 = EDGE_CURVE('',#4948,#4956,#4958,.T.);
#4956 = VERTEX_POINT('',#4957);
#4957 = CARTESIAN_POINT('',(144.365,-131.8125,1.585));
#4958 = CIRCLE('',#4959,6.000000000042E-02);
#4959 = AXIS2_PLACEMENT_3D('',#4960,#4961,#4962);
#4960 = CARTESIAN_POINT('',(144.36500022558,-131.7525,1.585));
#4961 = DIRECTION('',(0.,0.,-1.));
#4962 = DIRECTION('',(-3.759794253684E-06,0.999999999993,-0.));
#4963 = ORIENTED_EDGE('',*,*,#4964,.T.);
#4964 = EDGE_CURVE('',#4956,#4965,#4967,.T.);
#4965 = VERTEX_POINT('',#4966);
#4966 = CARTESIAN_POINT('',(143.95,-131.8125,1.585));
#4967 = LINE('',#4968,#4969);
#4968 = CARTESIAN_POINT('',(144.365,-131.8125,1.585));
#4969 = VECTOR('',#4970,1.);
#4970 = DIRECTION('',(-1.,0.,0.));
#4971 = ORIENTED_EDGE('',*,*,#4972,.T.);
#4972 = EDGE_CURVE('',#4965,#4973,#4975,.T.);
#4973 = VERTEX_POINT('',#4974);
#4974 = CARTESIAN_POINT('',(143.95,-132.2275,1.585));
#4975 = LINE('',#4976,#4977);
#4976 = CARTESIAN_POINT('',(143.95,-131.8125,1.585));
#4977 = VECTOR('',#4978,1.);
#4978 = DIRECTION('',(0.,-1.,0.));
#4979 = ORIENTED_EDGE('',*,*,#4980,.T.);
#4980 = EDGE_CURVE('',#4973,#4981,#4983,.T.);
#4981 = VERTEX_POINT('',#4982);
#4982 = CARTESIAN_POINT('',(143.83,-132.2275,1.585));
#4983 = CIRCLE('',#4984,6.00000000004E-02);
#4984 = AXIS2_PLACEMENT_3D('',#4985,#4986,#4987);
#4985 = CARTESIAN_POINT('',(143.89,-132.2275002255,1.585));
#4986 = DIRECTION('',(0.,0.,-1.));
#4987 = DIRECTION('',(0.999999999993,3.759795201076E-06,0.));
#4988 = ORIENTED_EDGE('',*,*,#4989,.T.);
#4989 = EDGE_CURVE('',#4981,#4937,#4990,.T.);
#4990 = LINE('',#4991,#4992);
#4991 = CARTESIAN_POINT('',(143.83,-132.2275,1.585));
#4992 = VECTOR('',#4993,1.);
#4993 = DIRECTION('',(0.,1.,0.));
#4994 = PLANE('',#4995);
#4995 = AXIS2_PLACEMENT_3D('',#4996,#4997,#4998);
#4996 = CARTESIAN_POINT('',(0.,0.,1.585));
#4997 = DIRECTION('',(0.,0.,1.));
#4998 = DIRECTION('',(1.,0.,-0.));
#4999 = SHELL_BASED_SURFACE_MODEL('',(#5000));
#5000 = OPEN_SHELL('',(#5001));
#5001 = ADVANCED_FACE('',(#5002),#5063,.T.);
#5002 = FACE_BOUND('',#5003,.F.);
#5003 = EDGE_LOOP('',(#5004,#5015,#5023,#5032,#5040,#5049,#5057));
#5004 = ORIENTED_EDGE('',*,*,#5005,.T.);
#5005 = EDGE_CURVE('',#5006,#5008,#5010,.T.);
#5006 = VERTEX_POINT('',#5007);
#5007 = CARTESIAN_POINT('',(146.635,-131.8125,1.585));
#5008 = VERTEX_POINT('',#5009);
#5009 = CARTESIAN_POINT('',(146.635,-131.6925,1.585));
#5010 = CIRCLE('',#5011,6.000000000042E-02);
#5011 = AXIS2_PLACEMENT_3D('',#5012,#5013,#5014);
#5012 = CARTESIAN_POINT('',(146.63499977441,-131.7525,1.585));
#5013 = DIRECTION('',(0.,0.,-1.));
#5014 = DIRECTION('',(3.759794253684E-06,-0.999999999993,0.));
#5015 = ORIENTED_EDGE('',*,*,#5016,.T.);
#5016 = EDGE_CURVE('',#5008,#5017,#5019,.T.);
#5017 = VERTEX_POINT('',#5018);
#5018 = CARTESIAN_POINT('',(147.11,-131.6925,1.585));
#5019 = LINE('',#5020,#5021);
#5020 = CARTESIAN_POINT('',(146.635,-131.6925,1.585));
#5021 = VECTOR('',#5022,1.);
#5022 = DIRECTION('',(1.,0.,0.));
#5023 = ORIENTED_EDGE('',*,*,#5024,.T.);
#5024 = EDGE_CURVE('',#5017,#5025,#5027,.T.);
#5025 = VERTEX_POINT('',#5026);
#5026 = CARTESIAN_POINT('',(147.17,-131.7525,1.585));
#5027 = CIRCLE('',#5028,5.999932016261E-02);
#5028 = AXIS2_PLACEMENT_3D('',#5029,#5030,#5031);
#5029 = CARTESIAN_POINT('',(147.11000067984,-131.7524993201,1.585));
#5030 = DIRECTION('',(0.,0.,-1.));
#5031 = DIRECTION('',(-1.133081564772E-05,0.999999999936,0.));
#5032 = ORIENTED_EDGE('',*,*,#5033,.T.);
#5033 = EDGE_CURVE('',#5025,#5034,#5036,.T.);
#5034 = VERTEX_POINT('',#5035);
#5035 = CARTESIAN_POINT('',(147.17,-132.2275,1.585));
#5036 = LINE('',#5037,#5038);
#5037 = CARTESIAN_POINT('',(147.17,-131.7525,1.585));
#5038 = VECTOR('',#5039,1.);
#5039 = DIRECTION('',(0.,-1.,0.));
#5040 = ORIENTED_EDGE('',*,*,#5041,.T.);
#5041 = EDGE_CURVE('',#5034,#5042,#5044,.T.);
#5042 = VERTEX_POINT('',#5043);
#5043 = CARTESIAN_POINT('',(147.05,-132.2275,1.585));
#5044 = CIRCLE('',#5045,6.000000000041E-02);
#5045 = AXIS2_PLACEMENT_3D('',#5046,#5047,#5048);
#5046 = CARTESIAN_POINT('',(147.11,-132.2275002255,1.585));
#5047 = DIRECTION('',(0.,0.,-1.));
#5048 = DIRECTION('',(0.999999999993,3.759794727379E-06,0.));
#5049 = ORIENTED_EDGE('',*,*,#5050,.T.);
#5050 = EDGE_CURVE('',#5042,#5051,#5053,.T.);
#5051 = VERTEX_POINT('',#5052);
#5052 = CARTESIAN_POINT('',(147.05,-131.8125,1.585));
#5053 = LINE('',#5054,#5055);
#5054 = CARTESIAN_POINT('',(147.05,-132.2275,1.585));
#5055 = VECTOR('',#5056,1.);
#5056 = DIRECTION('',(0.,1.,0.));
#5057 = ORIENTED_EDGE('',*,*,#5058,.T.);
#5058 = EDGE_CURVE('',#5051,#5006,#5059,.T.);
#5059 = LINE('',#5060,#5061);
#5060 = CARTESIAN_POINT('',(147.05,-131.8125,1.585));
#5061 = VECTOR('',#5062,1.);
#5062 = DIRECTION('',(-1.,0.,0.));
#5063 = PLANE('',#5064);
#5064 = AXIS2_PLACEMENT_3D('',#5065,#5066,#5067);
#5065 = CARTESIAN_POINT('',(0.,0.,1.585));
#5066 = DIRECTION('',(0.,0.,1.));
#5067 = DIRECTION('',(1.,0.,-0.));
#5068 = SHELL_BASED_SURFACE_MODEL('',(#5069));
#5069 = OPEN_SHELL('',(#5070));
#5070 = ADVANCED_FACE('',(#5071),#5157,.T.);
#5071 = FACE_BOUND('',#5072,.F.);
#5072 = EDGE_LOOP('',(#5073,#5084,#5092,#5101,#5109,#5118,#5126,#5135,
    #5143,#5151));
#5073 = ORIENTED_EDGE('',*,*,#5074,.T.);
#5074 = EDGE_CURVE('',#5075,#5077,#5079,.T.);
#5075 = VERTEX_POINT('',#5076);
#5076 = CARTESIAN_POINT('',(145.174998,-131.142459,1.585));
#5077 = VERTEX_POINT('',#5078);
#5078 = CARTESIAN_POINT('',(145.291666,-131.204819,1.585));
#5079 = CIRCLE('',#5080,7.500000000003E-02);
#5080 = AXIS2_PLACEMENT_3D('',#5081,#5082,#5083);
#5081 = CARTESIAN_POINT('',(145.216666,-131.2048190655,1.585));
#5082 = DIRECTION('',(0.,0.,-1.));
#5083 = DIRECTION('',(-0.555573333333,0.831467540731,0.));
#5084 = ORIENTED_EDGE('',*,*,#5085,.T.);
#5085 = EDGE_CURVE('',#5077,#5086,#5088,.T.);
#5086 = VERTEX_POINT('',#5087);
#5087 = CARTESIAN_POINT('',(145.289466,-131.935566,1.585));
#5088 = LINE('',#5089,#5090);
#5089 = CARTESIAN_POINT('',(145.291666,-131.204819,1.585));
#5090 = VECTOR('',#5091,1.);
#5091 = DIRECTION('',(-3.010604258181E-03,-0.999995468121,0.));
#5092 = ORIENTED_EDGE('',*,*,#5093,.T.);
#5093 = EDGE_CURVE('',#5086,#5094,#5096,.T.);
#5094 = VERTEX_POINT('',#5095);
#5095 = CARTESIAN_POINT('',(144.938357,-132.279089,1.585));
#5096 = CIRCLE('',#5097,0.38184101318);
#5097 = AXIS2_PLACEMENT_3D('',#5098,#5099,#5100);
#5098 = CARTESIAN_POINT('',(144.90944350032,-131.8983442444,1.585));
#5099 = DIRECTION('',(0.,0.,-1.));
#5100 = DIRECTION('',(0.995237511316,-9.747972132606E-02,0.));
#5101 = ORIENTED_EDGE('',*,*,#5102,.T.);
#5102 = EDGE_CURVE('',#5094,#5103,#5105,.T.);
#5103 = VERTEX_POINT('',#5104);
#5104 = CARTESIAN_POINT('',(144.821082,-132.278378,1.585));
#5105 = LINE('',#5106,#5107);
#5106 = CARTESIAN_POINT('',(144.938357,-132.279089,1.585));
#5107 = VECTOR('',#5108,1.);
#5108 = DIRECTION('',(-0.999981622503,6.062561787213E-03,0.));
#5109 = ORIENTED_EDGE('',*,*,#5110,.T.);
#5110 = EDGE_CURVE('',#5103,#5111,#5113,.T.);
#5111 = VERTEX_POINT('',#5112);
#5112 = CARTESIAN_POINT('',(144.835714,-132.129819,1.585));
#5113 = CIRCLE('',#5114,7.500006711465E-02);
#5114 = AXIS2_PLACEMENT_3D('',#5115,#5116,#5117);
#5115 = CARTESIAN_POINT('',(144.83571393288,-132.2048190671,1.585));
#5116 = DIRECTION('',(0.,0.,-1.));
#5117 = DIRECTION('',(-0.195092263892,-0.980784894138,-0.));
#5118 = ORIENTED_EDGE('',*,*,#5119,.T.);
#5119 = EDGE_CURVE('',#5111,#5120,#5122,.T.);
#5120 = VERTEX_POINT('',#5121);
#5121 = CARTESIAN_POINT('',(144.918782,-132.129819,1.585));
#5122 = LINE('',#5123,#5124);
#5123 = CARTESIAN_POINT('',(144.835714,-132.129819,1.585));
#5124 = VECTOR('',#5125,1.);
#5125 = DIRECTION('',(1.,0.,0.));
#5126 = ORIENTED_EDGE('',*,*,#5127,.T.);
#5127 = EDGE_CURVE('',#5120,#5128,#5130,.T.);
#5128 = VERTEX_POINT('',#5129);
#5129 = CARTESIAN_POINT('',(145.141666,-131.906934,1.585));
#5130 = CIRCLE('',#5131,0.239437351684);
#5131 = AXIS2_PLACEMENT_3D('',#5132,#5133,#5134);
#5132 = CARTESIAN_POINT('',(144.90276490658,-131.8909179784,1.585));
#5133 = DIRECTION('',(0.,0.,1.));
#5134 = DIRECTION('',(6.68947150599E-02,-0.997760039838,0.));
#5135 = ORIENTED_EDGE('',*,*,#5136,.T.);
#5136 = EDGE_CURVE('',#5128,#5137,#5139,.T.);
#5137 = VERTEX_POINT('',#5138);
#5138 = CARTESIAN_POINT('',(145.143107,-131.190187,1.585));
#5139 = LINE('',#5140,#5141);
#5140 = CARTESIAN_POINT('',(145.141666,-131.906934,1.585));
#5141 = VECTOR('',#5142,1.);
#5142 = DIRECTION('',(2.010468251347E-03,0.999997979007,0.));
#5143 = ORIENTED_EDGE('',*,*,#5144,.T.);
#5144 = EDGE_CURVE('',#5137,#5145,#5147,.T.);
#5145 = VERTEX_POINT('',#5146);
#5146 = CARTESIAN_POINT('',(145.154306,-131.163151,1.585));
#5147 = LINE('',#5148,#5149);
#5148 = CARTESIAN_POINT('',(145.143107,-131.190187,1.585));
#5149 = VECTOR('',#5150,1.);
#5150 = DIRECTION('',(0.38269282806,0.923875640631,0.));
#5151 = ORIENTED_EDGE('',*,*,#5152,.T.);
#5152 = EDGE_CURVE('',#5145,#5075,#5153,.T.);
#5153 = LINE('',#5154,#5155);
#5154 = CARTESIAN_POINT('',(145.154306,-131.163151,1.585));
#5155 = VECTOR('',#5156,1.);
#5156 = DIRECTION('',(0.707106781187,0.707106781187,0.));
#5157 = PLANE('',#5158);
#5158 = AXIS2_PLACEMENT_3D('',#5159,#5160,#5161);
#5159 = CARTESIAN_POINT('',(0.,0.,1.585));
#5160 = DIRECTION('',(0.,0.,1.));
#5161 = DIRECTION('',(1.,0.,-0.));
#5162 = SHELL_BASED_SURFACE_MODEL('',(#5163));
#5163 = OPEN_SHELL('',(#5164));
#5164 = ADVANCED_FACE('',(#5165),#5300,.T.);
#5165 = FACE_BOUND('',#5166,.F.);
#5166 = EDGE_LOOP('',(#5167,#5178,#5186,#5194,#5202,#5211,#5219,#5227,
    #5236,#5244,#5252,#5261,#5269,#5277,#5286,#5294));
#5167 = ORIENTED_EDGE('',*,*,#5168,.T.);
#5168 = EDGE_CURVE('',#5169,#5171,#5173,.T.);
#5169 = VERTEX_POINT('',#5170);
#5170 = CARTESIAN_POINT('',(145.83735,-131.097951,1.585));
#5171 = VERTEX_POINT('',#5172);
#5172 = CARTESIAN_POINT('',(145.954484,-131.180918,1.585));
#5173 = CIRCLE('',#5174,7.499955990672E-02);
#5174 = AXIS2_PLACEMENT_3D('',#5175,#5176,#5177);
#5175 = CARTESIAN_POINT('',(145.88333350095,-131.1572000643,1.585));
#5176 = DIRECTION('',(0.,0.,-1.));
#5177 = DIRECTION('',(-0.613116943749,0.78999216027,0.));
#5178 = ORIENTED_EDGE('',*,*,#5179,.T.);
#5179 = EDGE_CURVE('',#5171,#5180,#5182,.T.);
#5180 = VERTEX_POINT('',#5181);
#5181 = CARTESIAN_POINT('',(145.749295,-131.796485,1.585));
#5182 = LINE('',#5183,#5184);
#5183 = CARTESIAN_POINT('',(145.954484,-131.180918,1.585));
#5184 = VECTOR('',#5185,1.);
#5185 = DIRECTION('',(-0.316227766017,-0.948683298051,0.));
#5186 = ORIENTED_EDGE('',*,*,#5187,.T.);
#5187 = EDGE_CURVE('',#5180,#5188,#5190,.T.);
#5188 = VERTEX_POINT('',#5189);
#5189 = CARTESIAN_POINT('',(146.046428,-131.796485,1.585));
#5190 = LINE('',#5191,#5192);
#5191 = CARTESIAN_POINT('',(145.749295,-131.796485,1.585));
#5192 = VECTOR('',#5193,1.);
#5193 = DIRECTION('',(1.,0.,0.));
#5194 = ORIENTED_EDGE('',*,*,#5195,.T.);
#5195 = EDGE_CURVE('',#5188,#5196,#5198,.T.);
#5196 = VERTEX_POINT('',#5197);
#5197 = CARTESIAN_POINT('',(146.047869,-131.52352,1.585));
#5198 = LINE('',#5199,#5200);
#5199 = CARTESIAN_POINT('',(146.046428,-131.796485,1.585));
#5200 = VECTOR('',#5201,1.);
#5201 = DIRECTION('',(5.278991523254E-03,0.999986066027,0.));
#5202 = ORIENTED_EDGE('',*,*,#5203,.T.);
#5203 = EDGE_CURVE('',#5196,#5204,#5206,.T.);
#5204 = VERTEX_POINT('',#5205);
#5205 = CARTESIAN_POINT('',(146.196428,-131.538152,1.585));
#5206 = CIRCLE('',#5207,7.500006711464E-02);
#5207 = AXIS2_PLACEMENT_3D('',#5208,#5209,#5210);
#5208 = CARTESIAN_POINT('',(146.12142793288,-131.5381519328,1.585));
#5209 = DIRECTION('',(0.,0.,-1.));
#5210 = DIRECTION('',(-0.980784894138,0.195092263891,0.));
#5211 = ORIENTED_EDGE('',*,*,#5212,.T.);
#5212 = EDGE_CURVE('',#5204,#5213,#5215,.T.);
#5213 = VERTEX_POINT('',#5214);
#5214 = CARTESIAN_POINT('',(146.196428,-131.796485,1.585));
#5215 = LINE('',#5216,#5217);
#5216 = CARTESIAN_POINT('',(146.196428,-131.538152,1.585));
#5217 = VECTOR('',#5218,1.);
#5218 = DIRECTION('',(0.,-1.,0.));
#5219 = ORIENTED_EDGE('',*,*,#5220,.T.);
#5220 = EDGE_CURVE('',#5213,#5221,#5223,.T.);
#5221 = VERTEX_POINT('',#5222);
#5222 = CARTESIAN_POINT('',(146.278917,-131.797926,1.585));
#5223 = LINE('',#5224,#5225);
#5224 = CARTESIAN_POINT('',(146.196428,-131.796485,1.585));
#5225 = VECTOR('',#5226,1.);
#5226 = DIRECTION('',(0.999847452005,-1.746633100582E-02,0.));
#5227 = ORIENTED_EDGE('',*,*,#5228,.T.);
#5228 = EDGE_CURVE('',#5221,#5229,#5231,.T.);
#5229 = VERTEX_POINT('',#5230);
#5230 = CARTESIAN_POINT('',(146.264285,-131.946485,1.585));
#5231 = CIRCLE('',#5232,7.500006711465E-02);
#5232 = AXIS2_PLACEMENT_3D('',#5233,#5234,#5235);
#5233 = CARTESIAN_POINT('',(146.26428506711,-131.8714849328,1.585));
#5234 = DIRECTION('',(0.,0.,-1.));
#5235 = DIRECTION('',(0.195092263892,0.980784894138,0.));
#5236 = ORIENTED_EDGE('',*,*,#5237,.T.);
#5237 = EDGE_CURVE('',#5229,#5238,#5240,.T.);
#5238 = VERTEX_POINT('',#5239);
#5239 = CARTESIAN_POINT('',(146.196428,-131.946485,1.585));
#5240 = LINE('',#5241,#5242);
#5241 = CARTESIAN_POINT('',(146.264285,-131.946485,1.585));
#5242 = VECTOR('',#5243,1.);
#5243 = DIRECTION('',(-1.,0.,0.));
#5244 = ORIENTED_EDGE('',*,*,#5245,.T.);
#5245 = EDGE_CURVE('',#5238,#5246,#5248,.T.);
#5246 = VERTEX_POINT('',#5247);
#5247 = CARTESIAN_POINT('',(146.194987,-132.219451,1.585));
#5248 = LINE('',#5249,#5250);
#5249 = CARTESIAN_POINT('',(146.196428,-131.946485,1.585));
#5250 = VECTOR('',#5251,1.);
#5251 = DIRECTION('',(-5.278972184419E-03,-0.999986066129,0.));
#5252 = ORIENTED_EDGE('',*,*,#5253,.T.);
#5253 = EDGE_CURVE('',#5246,#5254,#5256,.T.);
#5254 = VERTEX_POINT('',#5255);
#5255 = CARTESIAN_POINT('',(146.046428,-132.204819,1.585));
#5256 = CIRCLE('',#5257,7.500006711464E-02);
#5257 = AXIS2_PLACEMENT_3D('',#5258,#5259,#5260);
#5258 = CARTESIAN_POINT('',(146.12142806711,-132.2048190671,1.585));
#5259 = DIRECTION('',(-0.,0.,-1.));
#5260 = DIRECTION('',(0.980784894138,-0.195092263891,-0.));
#5261 = ORIENTED_EDGE('',*,*,#5262,.T.);
#5262 = EDGE_CURVE('',#5254,#5263,#5265,.T.);
#5263 = VERTEX_POINT('',#5264);
#5264 = CARTESIAN_POINT('',(146.046428,-131.946485,1.585));
#5265 = LINE('',#5266,#5267);
#5266 = CARTESIAN_POINT('',(146.046428,-132.204819,1.585));
#5267 = VECTOR('',#5268,1.);
#5268 = DIRECTION('',(0.,1.,0.));
#5269 = ORIENTED_EDGE('',*,*,#5270,.T.);
#5270 = EDGE_CURVE('',#5263,#5271,#5273,.T.);
#5271 = VERTEX_POINT('',#5272);
#5272 = CARTESIAN_POINT('',(145.630606,-131.945044,1.585));
#5273 = LINE('',#5274,#5275);
#5274 = CARTESIAN_POINT('',(146.046428,-131.946485,1.585));
#5275 = VECTOR('',#5276,1.);
#5276 = DIRECTION('',(-0.999993995468,3.465404301528E-03,0.));
#5277 = ORIENTED_EDGE('',*,*,#5278,.T.);
#5278 = EDGE_CURVE('',#5271,#5279,#5281,.T.);
#5279 = VERTEX_POINT('',#5280);
#5280 = CARTESIAN_POINT('',(145.574087,-131.847768,1.585));
#5281 = CIRCLE('',#5282,7.499997045038E-02);
#5282 = AXIS2_PLACEMENT_3D('',#5283,#5284,#5285);
#5283 = CARTESIAN_POINT('',(145.64523817257,-131.8714852133,1.585));
#5284 = DIRECTION('',(0.,0.,-1.));
#5285 = DIRECTION('',(-0.195095711168,-0.980784208419,-0.));
#5286 = ORIENTED_EDGE('',*,*,#5287,.T.);
#5287 = EDGE_CURVE('',#5279,#5288,#5290,.T.);
#5288 = VERTEX_POINT('',#5289);
#5289 = CARTESIAN_POINT('',(145.818176,-131.120058,1.585));
#5290 = LINE('',#5291,#5292);
#5291 = CARTESIAN_POINT('',(145.574087,-131.847768,1.585));
#5292 = VECTOR('',#5293,1.);
#5293 = DIRECTION('',(0.318008317924,0.948087922996,0.));
#5294 = ORIENTED_EDGE('',*,*,#5295,.T.);
#5295 = EDGE_CURVE('',#5288,#5169,#5296,.T.);
#5296 = LINE('',#5297,#5298);
#5297 = CARTESIAN_POINT('',(145.818176,-131.120058,1.585));
#5298 = VECTOR('',#5299,1.);
#5299 = DIRECTION('',(0.65521540373,0.755442105469,0.));
#5300 = PLANE('',#5301);
#5301 = AXIS2_PLACEMENT_3D('',#5302,#5303,#5304);
#5302 = CARTESIAN_POINT('',(0.,0.,1.585));
#5303 = DIRECTION('',(0.,0.,1.));
#5304 = DIRECTION('',(1.,0.,-0.));
#5305 = SHELL_BASED_SURFACE_MODEL('',(#5306));
#5306 = OPEN_SHELL('',(#5307));
#5307 = ADVANCED_FACE('',(#5308,#5644,#5678,#5712,#5746,#5780),#5814,.T.
  );
#5308 = FACE_BOUND('',#5309,.F.);
#5309 = EDGE_LOOP('',(#5310,#5321,#5329,#5338,#5346,#5355,#5363,#5372,
    #5380,#5388,#5396,#5405,#5413,#5422,#5430,#5438,#5446,#5454,#5462,
    #5471,#5479,#5488,#5496,#5505,#5513,#5521,#5529,#5538,#5546,#5555,
    #5563,#5571,#5579,#5587,#5596,#5604,#5612,#5621,#5629,#5638));
#5310 = ORIENTED_EDGE('',*,*,#5311,.T.);
#5311 = EDGE_CURVE('',#5312,#5314,#5316,.T.);
#5312 = VERTEX_POINT('',#5313);
#5313 = CARTESIAN_POINT('',(142.43,-122.84,1.585));
#5314 = VERTEX_POINT('',#5315);
#5315 = CARTESIAN_POINT('',(142.49,-122.78,1.585));
#5316 = CIRCLE('',#5317,5.999932016255E-02);
#5317 = AXIS2_PLACEMENT_3D('',#5318,#5319,#5320);
#5318 = CARTESIAN_POINT('',(142.48999932015,-122.8399993201,1.585));
#5319 = DIRECTION('',(0.,0.,-1.));
#5320 = DIRECTION('',(-0.999999999936,-1.133081706883E-05,-0.));
#5321 = ORIENTED_EDGE('',*,*,#5322,.T.);
#5322 = EDGE_CURVE('',#5314,#5323,#5325,.T.);
#5323 = VERTEX_POINT('',#5324);
#5324 = CARTESIAN_POINT('',(148.61,-122.78,1.585));
#5325 = LINE('',#5326,#5327);
#5326 = CARTESIAN_POINT('',(142.49,-122.78,1.585));
#5327 = VECTOR('',#5328,1.);
#5328 = DIRECTION('',(1.,0.,0.));
#5329 = ORIENTED_EDGE('',*,*,#5330,.T.);
#5330 = EDGE_CURVE('',#5323,#5331,#5333,.T.);
#5331 = VERTEX_POINT('',#5332);
#5332 = CARTESIAN_POINT('',(148.67,-122.84,1.585));
#5333 = CIRCLE('',#5334,5.999932016257E-02);
#5334 = AXIS2_PLACEMENT_3D('',#5335,#5336,#5337);
#5335 = CARTESIAN_POINT('',(148.61000067984,-122.8399993201,1.585));
#5336 = DIRECTION('',(0.,0.,-1.));
#5337 = DIRECTION('',(-1.133081612143E-05,0.999999999936,0.));
#5338 = ORIENTED_EDGE('',*,*,#5339,.T.);
#5339 = EDGE_CURVE('',#5331,#5340,#5342,.T.);
#5340 = VERTEX_POINT('',#5341);
#5341 = CARTESIAN_POINT('',(148.67,-130.66,1.585));
#5342 = LINE('',#5343,#5344);
#5343 = CARTESIAN_POINT('',(148.67,-122.84,1.585));
#5344 = VECTOR('',#5345,1.);
#5345 = DIRECTION('',(0.,-1.,0.));
#5346 = ORIENTED_EDGE('',*,*,#5347,.T.);
#5347 = EDGE_CURVE('',#5340,#5348,#5350,.T.);
#5348 = VERTEX_POINT('',#5349);
#5349 = CARTESIAN_POINT('',(148.61,-130.72,1.585));
#5350 = CIRCLE('',#5351,5.999932016253E-02);
#5351 = AXIS2_PLACEMENT_3D('',#5352,#5353,#5354);
#5352 = CARTESIAN_POINT('',(148.61000067984,-130.6600006798,1.585));
#5353 = DIRECTION('',(0.,0.,-1.));
#5354 = DIRECTION('',(0.999999999936,1.133081706884E-05,0.));
#5355 = ORIENTED_EDGE('',*,*,#5356,.T.);
#5356 = EDGE_CURVE('',#5348,#5357,#5359,.T.);
#5357 = VERTEX_POINT('',#5358);
#5358 = CARTESIAN_POINT('',(147.69,-130.72,1.585));
#5359 = LINE('',#5360,#5361);
#5360 = CARTESIAN_POINT('',(148.61,-130.72,1.585));
#5361 = VECTOR('',#5362,1.);
#5362 = DIRECTION('',(-1.,0.,0.));
#5363 = ORIENTED_EDGE('',*,*,#5364,.T.);
#5364 = EDGE_CURVE('',#5357,#5365,#5367,.T.);
#5365 = VERTEX_POINT('',#5366);
#5366 = CARTESIAN_POINT('',(147.63,-130.66,1.585));
#5367 = CIRCLE('',#5368,5.999932016262E-02);
#5368 = AXIS2_PLACEMENT_3D('',#5369,#5370,#5371);
#5369 = CARTESIAN_POINT('',(147.68999932015,-130.6600006798,1.585));
#5370 = DIRECTION('',(0.,0.,-1.));
#5371 = DIRECTION('',(1.133081564772E-05,-0.999999999936,0.));
#5372 = ORIENTED_EDGE('',*,*,#5373,.T.);
#5373 = EDGE_CURVE('',#5365,#5374,#5376,.T.);
#5374 = VERTEX_POINT('',#5375);
#5375 = CARTESIAN_POINT('',(147.63,-129.12,1.585));
#5376 = LINE('',#5377,#5378);
#5377 = CARTESIAN_POINT('',(147.63,-130.66,1.585));
#5378 = VECTOR('',#5379,1.);
#5379 = DIRECTION('',(0.,1.,0.));
#5380 = ORIENTED_EDGE('',*,*,#5381,.T.);
#5381 = EDGE_CURVE('',#5374,#5382,#5384,.T.);
#5382 = VERTEX_POINT('',#5383);
#5383 = CARTESIAN_POINT('',(147.47,-129.12,1.585));
#5384 = LINE('',#5385,#5386);
#5385 = CARTESIAN_POINT('',(147.63,-129.12,1.585));
#5386 = VECTOR('',#5387,1.);
#5387 = DIRECTION('',(-1.,0.,0.));
#5388 = ORIENTED_EDGE('',*,*,#5389,.T.);
#5389 = EDGE_CURVE('',#5382,#5390,#5392,.T.);
#5390 = VERTEX_POINT('',#5391);
#5391 = CARTESIAN_POINT('',(147.47,-130.275,1.585));
#5392 = LINE('',#5393,#5394);
#5393 = CARTESIAN_POINT('',(147.47,-129.12,1.585));
#5394 = VECTOR('',#5395,1.);
#5395 = DIRECTION('',(0.,-1.,0.));
#5396 = ORIENTED_EDGE('',*,*,#5397,.T.);
#5397 = EDGE_CURVE('',#5390,#5398,#5400,.T.);
#5398 = VERTEX_POINT('',#5399);
#5399 = CARTESIAN_POINT('',(147.35,-130.275,1.585));
#5400 = CIRCLE('',#5401,6.000000000042E-02);
#5401 = AXIS2_PLACEMENT_3D('',#5402,#5403,#5404);
#5402 = CARTESIAN_POINT('',(147.41,-130.2750002255,1.585));
#5403 = DIRECTION('',(0.,0.,-1.));
#5404 = DIRECTION('',(0.999999999993,3.759794253684E-06,0.));
#5405 = ORIENTED_EDGE('',*,*,#5406,.T.);
#5406 = EDGE_CURVE('',#5398,#5407,#5409,.T.);
#5407 = VERTEX_POINT('',#5408);
#5408 = CARTESIAN_POINT('',(147.35,-129.06,1.585));
#5409 = LINE('',#5410,#5411);
#5410 = CARTESIAN_POINT('',(147.35,-130.275,1.585));
#5411 = VECTOR('',#5412,1.);
#5412 = DIRECTION('',(0.,1.,0.));
#5413 = ORIENTED_EDGE('',*,*,#5414,.T.);
#5414 = EDGE_CURVE('',#5407,#5415,#5417,.T.);
#5415 = VERTEX_POINT('',#5416);
#5416 = CARTESIAN_POINT('',(147.41,-129.,1.585));
#5417 = CIRCLE('',#5418,5.999932016262E-02);
#5418 = AXIS2_PLACEMENT_3D('',#5419,#5420,#5421);
#5419 = CARTESIAN_POINT('',(147.40999932015,-129.0599993201,1.585));
#5420 = DIRECTION('',(0.,0.,-1.));
#5421 = DIRECTION('',(-0.999999999936,-1.133081564772E-05,-0.));
#5422 = ORIENTED_EDGE('',*,*,#5423,.T.);
#5423 = EDGE_CURVE('',#5415,#5424,#5426,.T.);
#5424 = VERTEX_POINT('',#5425);
#5425 = CARTESIAN_POINT('',(148.55,-129.,1.585));
#5426 = LINE('',#5427,#5428);
#5427 = CARTESIAN_POINT('',(147.41,-129.,1.585));
#5428 = VECTOR('',#5429,1.);
#5429 = DIRECTION('',(1.,0.,0.));
#5430 = ORIENTED_EDGE('',*,*,#5431,.T.);
#5431 = EDGE_CURVE('',#5424,#5432,#5434,.T.);
#5432 = VERTEX_POINT('',#5433);
#5433 = CARTESIAN_POINT('',(148.55,-122.9,1.585));
#5434 = LINE('',#5435,#5436);
#5435 = CARTESIAN_POINT('',(148.55,-129.,1.585));
#5436 = VECTOR('',#5437,1.);
#5437 = DIRECTION('',(0.,1.,0.));
#5438 = ORIENTED_EDGE('',*,*,#5439,.T.);
#5439 = EDGE_CURVE('',#5432,#5440,#5442,.T.);
#5440 = VERTEX_POINT('',#5441);
#5441 = CARTESIAN_POINT('',(147.41,-122.9,1.585));
#5442 = LINE('',#5443,#5444);
#5443 = CARTESIAN_POINT('',(148.55,-122.9,1.585));
#5444 = VECTOR('',#5445,1.);
#5445 = DIRECTION('',(-1.,0.,0.));
#5446 = ORIENTED_EDGE('',*,*,#5447,.T.);
#5447 = EDGE_CURVE('',#5440,#5448,#5450,.T.);
#5448 = VERTEX_POINT('',#5449);
#5449 = CARTESIAN_POINT('',(147.41,-125.04,1.585));
#5450 = LINE('',#5451,#5452);
#5451 = CARTESIAN_POINT('',(147.41,-122.9,1.585));
#5452 = VECTOR('',#5453,1.);
#5453 = DIRECTION('',(0.,-1.,0.));
#5454 = ORIENTED_EDGE('',*,*,#5455,.T.);
#5455 = EDGE_CURVE('',#5448,#5456,#5458,.T.);
#5456 = VERTEX_POINT('',#5457);
#5457 = CARTESIAN_POINT('',(147.85,-125.04,1.585));
#5458 = LINE('',#5459,#5460);
#5459 = CARTESIAN_POINT('',(147.41,-125.04,1.585));
#5460 = VECTOR('',#5461,1.);
#5461 = DIRECTION('',(1.,0.,0.));
#5462 = ORIENTED_EDGE('',*,*,#5463,.T.);
#5463 = EDGE_CURVE('',#5456,#5464,#5466,.T.);
#5464 = VERTEX_POINT('',#5465);
#5465 = CARTESIAN_POINT('',(147.91,-125.1,1.585));
#5466 = CIRCLE('',#5467,5.999932016257E-02);
#5467 = AXIS2_PLACEMENT_3D('',#5468,#5469,#5470);
#5468 = CARTESIAN_POINT('',(147.85000067984,-125.0999993201,1.585));
#5469 = DIRECTION('',(0.,0.,-1.));
#5470 = DIRECTION('',(-1.133081659513E-05,0.999999999936,0.));
#5471 = ORIENTED_EDGE('',*,*,#5472,.T.);
#5472 = EDGE_CURVE('',#5464,#5473,#5475,.T.);
#5473 = VERTEX_POINT('',#5474);
#5474 = CARTESIAN_POINT('',(147.91,-126.7,1.585));
#5475 = LINE('',#5476,#5477);
#5476 = CARTESIAN_POINT('',(147.91,-125.1,1.585));
#5477 = VECTOR('',#5478,1.);
#5478 = DIRECTION('',(0.,-1.,0.));
#5479 = ORIENTED_EDGE('',*,*,#5480,.T.);
#5480 = EDGE_CURVE('',#5473,#5481,#5483,.T.);
#5481 = VERTEX_POINT('',#5482);
#5482 = CARTESIAN_POINT('',(147.85,-126.76,1.585));
#5483 = CIRCLE('',#5484,5.999932016265E-02);
#5484 = AXIS2_PLACEMENT_3D('',#5485,#5486,#5487);
#5485 = CARTESIAN_POINT('',(147.85000067984,-126.7000006798,1.585));
#5486 = DIRECTION('',(0.,0.,-1.));
#5487 = DIRECTION('',(0.999999999936,1.133081517401E-05,0.));
#5488 = ORIENTED_EDGE('',*,*,#5489,.T.);
#5489 = EDGE_CURVE('',#5481,#5490,#5492,.T.);
#5490 = VERTEX_POINT('',#5491);
#5491 = CARTESIAN_POINT('',(146.85,-126.76,1.585));
#5492 = LINE('',#5493,#5494);
#5493 = CARTESIAN_POINT('',(147.85,-126.76,1.585));
#5494 = VECTOR('',#5495,1.);
#5495 = DIRECTION('',(-1.,0.,0.));
#5496 = ORIENTED_EDGE('',*,*,#5497,.T.);
#5497 = EDGE_CURVE('',#5490,#5498,#5500,.T.);
#5498 = VERTEX_POINT('',#5499);
#5499 = CARTESIAN_POINT('',(146.79,-126.7,1.585));
#5500 = CIRCLE('',#5501,5.999932016268E-02);
#5501 = AXIS2_PLACEMENT_3D('',#5502,#5503,#5504);
#5502 = CARTESIAN_POINT('',(146.84999932015,-126.7000006798,1.585));
#5503 = DIRECTION('',(0.,0.,-1.));
#5504 = DIRECTION('',(1.133081470031E-05,-0.999999999936,0.));
#5505 = ORIENTED_EDGE('',*,*,#5506,.T.);
#5506 = EDGE_CURVE('',#5498,#5507,#5509,.T.);
#5507 = VERTEX_POINT('',#5508);
#5508 = CARTESIAN_POINT('',(146.79,-122.9,1.585));
#5509 = LINE('',#5510,#5511);
#5510 = CARTESIAN_POINT('',(146.79,-126.7,1.585));
#5511 = VECTOR('',#5512,1.);
#5512 = DIRECTION('',(0.,1.,0.));
#5513 = ORIENTED_EDGE('',*,*,#5514,.T.);
#5514 = EDGE_CURVE('',#5507,#5515,#5517,.T.);
#5515 = VERTEX_POINT('',#5516);
#5516 = CARTESIAN_POINT('',(146.11,-122.9,1.585));
#5517 = LINE('',#5518,#5519);
#5518 = CARTESIAN_POINT('',(146.79,-122.9,1.585));
#5519 = VECTOR('',#5520,1.);
#5520 = DIRECTION('',(-1.,0.,0.));
#5521 = ORIENTED_EDGE('',*,*,#5522,.T.);
#5522 = EDGE_CURVE('',#5515,#5523,#5525,.T.);
#5523 = VERTEX_POINT('',#5524);
#5524 = CARTESIAN_POINT('',(146.11,-127.2,1.585));
#5525 = LINE('',#5526,#5527);
#5526 = CARTESIAN_POINT('',(146.11,-122.9,1.585));
#5527 = VECTOR('',#5528,1.);
#5528 = DIRECTION('',(0.,-1.,0.));
#5529 = ORIENTED_EDGE('',*,*,#5530,.T.);
#5530 = EDGE_CURVE('',#5523,#5531,#5533,.T.);
#5531 = VERTEX_POINT('',#5532);
#5532 = CARTESIAN_POINT('',(146.05,-127.26,1.585));
#5533 = CIRCLE('',#5534,5.999932016265E-02);
#5534 = AXIS2_PLACEMENT_3D('',#5535,#5536,#5537);
#5535 = CARTESIAN_POINT('',(146.05000067984,-127.2000006798,1.585));
#5536 = DIRECTION('',(0.,0.,-1.));
#5537 = DIRECTION('',(0.999999999936,1.133081517401E-05,0.));
#5538 = ORIENTED_EDGE('',*,*,#5539,.T.);
#5539 = EDGE_CURVE('',#5531,#5540,#5542,.T.);
#5540 = VERTEX_POINT('',#5541);
#5541 = CARTESIAN_POINT('',(145.05,-127.26,1.585));
#5542 = LINE('',#5543,#5544);
#5543 = CARTESIAN_POINT('',(146.05,-127.26,1.585));
#5544 = VECTOR('',#5545,1.);
#5545 = DIRECTION('',(-1.,0.,0.));
#5546 = ORIENTED_EDGE('',*,*,#5547,.T.);
#5547 = EDGE_CURVE('',#5540,#5548,#5550,.T.);
#5548 = VERTEX_POINT('',#5549);
#5549 = CARTESIAN_POINT('',(144.99,-127.2,1.585));
#5550 = CIRCLE('',#5551,5.999932016262E-02);
#5551 = AXIS2_PLACEMENT_3D('',#5552,#5553,#5554);
#5552 = CARTESIAN_POINT('',(145.04999932015,-127.2000006798,1.585));
#5553 = DIRECTION('',(0.,0.,-1.));
#5554 = DIRECTION('',(1.133081564772E-05,-0.999999999936,0.));
#5555 = ORIENTED_EDGE('',*,*,#5556,.T.);
#5556 = EDGE_CURVE('',#5548,#5557,#5559,.T.);
#5557 = VERTEX_POINT('',#5558);
#5558 = CARTESIAN_POINT('',(144.99,-122.9,1.585));
#5559 = LINE('',#5560,#5561);
#5560 = CARTESIAN_POINT('',(144.99,-127.2,1.585));
#5561 = VECTOR('',#5562,1.);
#5562 = DIRECTION('',(0.,1.,0.));
#5563 = ORIENTED_EDGE('',*,*,#5564,.T.);
#5564 = EDGE_CURVE('',#5557,#5565,#5567,.T.);
#5565 = VERTEX_POINT('',#5566);
#5566 = CARTESIAN_POINT('',(142.55,-122.9,1.585));
#5567 = LINE('',#5568,#5569);
#5568 = CARTESIAN_POINT('',(144.99,-122.9,1.585));
#5569 = VECTOR('',#5570,1.);
#5570 = DIRECTION('',(-1.,0.,0.));
#5571 = ORIENTED_EDGE('',*,*,#5572,.T.);
#5572 = EDGE_CURVE('',#5565,#5573,#5575,.T.);
#5573 = VERTEX_POINT('',#5574);
#5574 = CARTESIAN_POINT('',(142.55,-129.,1.585));
#5575 = LINE('',#5576,#5577);
#5576 = CARTESIAN_POINT('',(142.55,-122.9,1.585));
#5577 = VECTOR('',#5578,1.);
#5578 = DIRECTION('',(0.,-1.,0.));
#5579 = ORIENTED_EDGE('',*,*,#5580,.T.);
#5580 = EDGE_CURVE('',#5573,#5581,#5583,.T.);
#5581 = VERTEX_POINT('',#5582);
#5582 = CARTESIAN_POINT('',(143.69,-129.,1.585));
#5583 = LINE('',#5584,#5585);
#5584 = CARTESIAN_POINT('',(142.55,-129.,1.585));
#5585 = VECTOR('',#5586,1.);
#5586 = DIRECTION('',(1.,0.,0.));
#5587 = ORIENTED_EDGE('',*,*,#5588,.T.);
#5588 = EDGE_CURVE('',#5581,#5589,#5591,.T.);
#5589 = VERTEX_POINT('',#5590);
#5590 = CARTESIAN_POINT('',(143.69,-129.12,1.585));
#5591 = CIRCLE('',#5592,6.000000000042E-02);
#5592 = AXIS2_PLACEMENT_3D('',#5593,#5594,#5595);
#5593 = CARTESIAN_POINT('',(143.69000022558,-129.06,1.585));
#5594 = DIRECTION('',(0.,0.,-1.));
#5595 = DIRECTION('',(-3.759794253684E-06,0.999999999993,-0.));
#5596 = ORIENTED_EDGE('',*,*,#5597,.T.);
#5597 = EDGE_CURVE('',#5589,#5598,#5600,.T.);
#5598 = VERTEX_POINT('',#5599);
#5599 = CARTESIAN_POINT('',(143.47,-129.12,1.585));
#5600 = LINE('',#5601,#5602);
#5601 = CARTESIAN_POINT('',(143.69,-129.12,1.585));
#5602 = VECTOR('',#5603,1.);
#5603 = DIRECTION('',(-1.,0.,0.));
#5604 = ORIENTED_EDGE('',*,*,#5605,.T.);
#5605 = EDGE_CURVE('',#5598,#5606,#5608,.T.);
#5606 = VERTEX_POINT('',#5607);
#5607 = CARTESIAN_POINT('',(143.47,-130.66,1.585));
#5608 = LINE('',#5609,#5610);
#5609 = CARTESIAN_POINT('',(143.47,-129.12,1.585));
#5610 = VECTOR('',#5611,1.);
#5611 = DIRECTION('',(0.,-1.,0.));
#5612 = ORIENTED_EDGE('',*,*,#5613,.T.);
#5613 = EDGE_CURVE('',#5606,#5614,#5616,.T.);
#5614 = VERTEX_POINT('',#5615);
#5615 = CARTESIAN_POINT('',(143.41,-130.72,1.585));
#5616 = CIRCLE('',#5617,5.999932016262E-02);
#5617 = AXIS2_PLACEMENT_3D('',#5618,#5619,#5620);
#5618 = CARTESIAN_POINT('',(143.41000067984,-130.6600006798,1.585));
#5619 = DIRECTION('',(0.,0.,-1.));
#5620 = DIRECTION('',(0.999999999936,1.133081564772E-05,0.));
#5621 = ORIENTED_EDGE('',*,*,#5622,.T.);
#5622 = EDGE_CURVE('',#5614,#5623,#5625,.T.);
#5623 = VERTEX_POINT('',#5624);
#5624 = CARTESIAN_POINT('',(142.49,-130.72,1.585));
#5625 = LINE('',#5626,#5627);
#5626 = CARTESIAN_POINT('',(143.41,-130.72,1.585));
#5627 = VECTOR('',#5628,1.);
#5628 = DIRECTION('',(-1.,0.,0.));
#5629 = ORIENTED_EDGE('',*,*,#5630,.T.);
#5630 = EDGE_CURVE('',#5623,#5631,#5633,.T.);
#5631 = VERTEX_POINT('',#5632);
#5632 = CARTESIAN_POINT('',(142.43,-130.66,1.585));
#5633 = CIRCLE('',#5634,5.999932016262E-02);
#5634 = AXIS2_PLACEMENT_3D('',#5635,#5636,#5637);
#5635 = CARTESIAN_POINT('',(142.48999932015,-130.6600006798,1.585));
#5636 = DIRECTION('',(0.,0.,-1.));
#5637 = DIRECTION('',(1.133081564772E-05,-0.999999999936,0.));
#5638 = ORIENTED_EDGE('',*,*,#5639,.T.);
#5639 = EDGE_CURVE('',#5631,#5312,#5640,.T.);
#5640 = LINE('',#5641,#5642);
#5641 = CARTESIAN_POINT('',(142.43,-130.66,1.585));
#5642 = VECTOR('',#5643,1.);
#5643 = DIRECTION('',(0.,1.,0.));
#5644 = FACE_BOUND('',#5645,.F.);
#5645 = EDGE_LOOP('',(#5646,#5656,#5664,#5672));
#5646 = ORIENTED_EDGE('',*,*,#5647,.T.);
#5647 = EDGE_CURVE('',#5648,#5650,#5652,.T.);
#5648 = VERTEX_POINT('',#5649);
#5649 = CARTESIAN_POINT('',(143.35,-130.6,1.585));
#5650 = VERTEX_POINT('',#5651);
#5651 = CARTESIAN_POINT('',(143.35,-129.12,1.585));
#5652 = LINE('',#5653,#5654);
#5653 = CARTESIAN_POINT('',(143.35,-130.6,1.585));
#5654 = VECTOR('',#5655,1.);
#5655 = DIRECTION('',(0.,1.,0.));
#5656 = ORIENTED_EDGE('',*,*,#5657,.T.);
#5657 = EDGE_CURVE('',#5650,#5658,#5660,.T.);
#5658 = VERTEX_POINT('',#5659);
#5659 = CARTESIAN_POINT('',(142.55,-129.12,1.585));
#5660 = LINE('',#5661,#5662);
#5661 = CARTESIAN_POINT('',(143.35,-129.12,1.585));
#5662 = VECTOR('',#5663,1.);
#5663 = DIRECTION('',(-1.,0.,0.));
#5664 = ORIENTED_EDGE('',*,*,#5665,.T.);
#5665 = EDGE_CURVE('',#5658,#5666,#5668,.T.);
#5666 = VERTEX_POINT('',#5667);
#5667 = CARTESIAN_POINT('',(142.55,-130.6,1.585));
#5668 = LINE('',#5669,#5670);
#5669 = CARTESIAN_POINT('',(142.55,-129.12,1.585));
#5670 = VECTOR('',#5671,1.);
#5671 = DIRECTION('',(0.,-1.,0.));
#5672 = ORIENTED_EDGE('',*,*,#5673,.T.);
#5673 = EDGE_CURVE('',#5666,#5648,#5674,.T.);
#5674 = LINE('',#5675,#5676);
#5675 = CARTESIAN_POINT('',(142.55,-130.6,1.585));
#5676 = VECTOR('',#5677,1.);
#5677 = DIRECTION('',(1.,0.,0.));
#5678 = FACE_BOUND('',#5679,.F.);
#5679 = EDGE_LOOP('',(#5680,#5690,#5698,#5706));
#5680 = ORIENTED_EDGE('',*,*,#5681,.T.);
#5681 = EDGE_CURVE('',#5682,#5684,#5686,.T.);
#5682 = VERTEX_POINT('',#5683);
#5683 = CARTESIAN_POINT('',(148.55,-130.6,1.585));
#5684 = VERTEX_POINT('',#5685);
#5685 = CARTESIAN_POINT('',(148.55,-129.12,1.585));
#5686 = LINE('',#5687,#5688);
#5687 = CARTESIAN_POINT('',(148.55,-130.6,1.585));
#5688 = VECTOR('',#5689,1.);
#5689 = DIRECTION('',(0.,1.,0.));
#5690 = ORIENTED_EDGE('',*,*,#5691,.T.);
#5691 = EDGE_CURVE('',#5684,#5692,#5694,.T.);
#5692 = VERTEX_POINT('',#5693);
#5693 = CARTESIAN_POINT('',(147.75,-129.12,1.585));
#5694 = LINE('',#5695,#5696);
#5695 = CARTESIAN_POINT('',(148.55,-129.12,1.585));
#5696 = VECTOR('',#5697,1.);
#5697 = DIRECTION('',(-1.,0.,0.));
#5698 = ORIENTED_EDGE('',*,*,#5699,.T.);
#5699 = EDGE_CURVE('',#5692,#5700,#5702,.T.);
#5700 = VERTEX_POINT('',#5701);
#5701 = CARTESIAN_POINT('',(147.75,-130.6,1.585));
#5702 = LINE('',#5703,#5704);
#5703 = CARTESIAN_POINT('',(147.75,-129.12,1.585));
#5704 = VECTOR('',#5705,1.);
#5705 = DIRECTION('',(0.,-1.,0.));
#5706 = ORIENTED_EDGE('',*,*,#5707,.T.);
#5707 = EDGE_CURVE('',#5700,#5682,#5708,.T.);
#5708 = LINE('',#5709,#5710);
#5709 = CARTESIAN_POINT('',(147.75,-130.6,1.585));
#5710 = VECTOR('',#5711,1.);
#5711 = DIRECTION('',(1.,0.,0.));
#5712 = FACE_BOUND('',#5713,.F.);
#5713 = EDGE_LOOP('',(#5714,#5724,#5732,#5740));
#5714 = ORIENTED_EDGE('',*,*,#5715,.T.);
#5715 = EDGE_CURVE('',#5716,#5718,#5720,.T.);
#5716 = VERTEX_POINT('',#5717);
#5717 = CARTESIAN_POINT('',(145.99,-127.14,1.585));
#5718 = VERTEX_POINT('',#5719);
#5719 = CARTESIAN_POINT('',(145.99,-122.9,1.585));
#5720 = LINE('',#5721,#5722);
#5721 = CARTESIAN_POINT('',(145.99,-127.14,1.585));
#5722 = VECTOR('',#5723,1.);
#5723 = DIRECTION('',(0.,1.,0.));
#5724 = ORIENTED_EDGE('',*,*,#5725,.T.);
#5725 = EDGE_CURVE('',#5718,#5726,#5728,.T.);
#5726 = VERTEX_POINT('',#5727);
#5727 = CARTESIAN_POINT('',(145.11,-122.9,1.585));
#5728 = LINE('',#5729,#5730);
#5729 = CARTESIAN_POINT('',(145.99,-122.9,1.585));
#5730 = VECTOR('',#5731,1.);
#5731 = DIRECTION('',(-1.,0.,0.));
#5732 = ORIENTED_EDGE('',*,*,#5733,.T.);
#5733 = EDGE_CURVE('',#5726,#5734,#5736,.T.);
#5734 = VERTEX_POINT('',#5735);
#5735 = CARTESIAN_POINT('',(145.11,-127.14,1.585));
#5736 = LINE('',#5737,#5738);
#5737 = CARTESIAN_POINT('',(145.11,-122.9,1.585));
#5738 = VECTOR('',#5739,1.);
#5739 = DIRECTION('',(0.,-1.,0.));
#5740 = ORIENTED_EDGE('',*,*,#5741,.T.);
#5741 = EDGE_CURVE('',#5734,#5716,#5742,.T.);
#5742 = LINE('',#5743,#5744);
#5743 = CARTESIAN_POINT('',(145.11,-127.14,1.585));
#5744 = VECTOR('',#5745,1.);
#5745 = DIRECTION('',(1.,0.,0.));
#5746 = FACE_BOUND('',#5747,.F.);
#5747 = EDGE_LOOP('',(#5748,#5758,#5766,#5774));
#5748 = ORIENTED_EDGE('',*,*,#5749,.T.);
#5749 = EDGE_CURVE('',#5750,#5752,#5754,.T.);
#5750 = VERTEX_POINT('',#5751);
#5751 = CARTESIAN_POINT('',(147.79,-126.64,1.585));
#5752 = VERTEX_POINT('',#5753);
#5753 = CARTESIAN_POINT('',(147.79,-125.16,1.585));
#5754 = LINE('',#5755,#5756);
#5755 = CARTESIAN_POINT('',(147.79,-126.64,1.585));
#5756 = VECTOR('',#5757,1.);
#5757 = DIRECTION('',(0.,1.,0.));
#5758 = ORIENTED_EDGE('',*,*,#5759,.T.);
#5759 = EDGE_CURVE('',#5752,#5760,#5762,.T.);
#5760 = VERTEX_POINT('',#5761);
#5761 = CARTESIAN_POINT('',(146.91,-125.16,1.585));
#5762 = LINE('',#5763,#5764);
#5763 = CARTESIAN_POINT('',(147.79,-125.16,1.585));
#5764 = VECTOR('',#5765,1.);
#5765 = DIRECTION('',(-1.,0.,0.));
#5766 = ORIENTED_EDGE('',*,*,#5767,.T.);
#5767 = EDGE_CURVE('',#5760,#5768,#5770,.T.);
#5768 = VERTEX_POINT('',#5769);
#5769 = CARTESIAN_POINT('',(146.91,-126.64,1.585));
#5770 = LINE('',#5771,#5772);
#5771 = CARTESIAN_POINT('',(146.91,-125.16,1.585));
#5772 = VECTOR('',#5773,1.);
#5773 = DIRECTION('',(0.,-1.,0.));
#5774 = ORIENTED_EDGE('',*,*,#5775,.T.);
#5775 = EDGE_CURVE('',#5768,#5750,#5776,.T.);
#5776 = LINE('',#5777,#5778);
#5777 = CARTESIAN_POINT('',(146.91,-126.64,1.585));
#5778 = VECTOR('',#5779,1.);
#5779 = DIRECTION('',(1.,0.,0.));
#5780 = FACE_BOUND('',#5781,.F.);
#5781 = EDGE_LOOP('',(#5782,#5792,#5800,#5808));
#5782 = ORIENTED_EDGE('',*,*,#5783,.T.);
#5783 = EDGE_CURVE('',#5784,#5786,#5788,.T.);
#5784 = VERTEX_POINT('',#5785);
#5785 = CARTESIAN_POINT('',(147.29,-125.04,1.585));
#5786 = VERTEX_POINT('',#5787);
#5787 = CARTESIAN_POINT('',(147.29,-122.9,1.585));
#5788 = LINE('',#5789,#5790);
#5789 = CARTESIAN_POINT('',(147.29,-125.04,1.585));
#5790 = VECTOR('',#5791,1.);
#5791 = DIRECTION('',(0.,1.,0.));
#5792 = ORIENTED_EDGE('',*,*,#5793,.T.);
#5793 = EDGE_CURVE('',#5786,#5794,#5796,.T.);
#5794 = VERTEX_POINT('',#5795);
#5795 = CARTESIAN_POINT('',(146.91,-122.9,1.585));
#5796 = LINE('',#5797,#5798);
#5797 = CARTESIAN_POINT('',(147.29,-122.9,1.585));
#5798 = VECTOR('',#5799,1.);
#5799 = DIRECTION('',(-1.,0.,0.));
#5800 = ORIENTED_EDGE('',*,*,#5801,.T.);
#5801 = EDGE_CURVE('',#5794,#5802,#5804,.T.);
#5802 = VERTEX_POINT('',#5803);
#5803 = CARTESIAN_POINT('',(146.91,-125.04,1.585));
#5804 = LINE('',#5805,#5806);
#5805 = CARTESIAN_POINT('',(146.91,-122.9,1.585));
#5806 = VECTOR('',#5807,1.);
#5807 = DIRECTION('',(0.,-1.,0.));
#5808 = ORIENTED_EDGE('',*,*,#5809,.T.);
#5809 = EDGE_CURVE('',#5802,#5784,#5810,.T.);
#5810 = LINE('',#5811,#5812);
#5811 = CARTESIAN_POINT('',(146.91,-125.04,1.585));
#5812 = VECTOR('',#5813,1.);
#5813 = DIRECTION('',(1.,0.,0.));
#5814 = PLANE('',#5815);
#5815 = AXIS2_PLACEMENT_3D('',#5816,#5817,#5818);
#5816 = CARTESIAN_POINT('',(0.,0.,1.585));
#5817 = DIRECTION('',(0.,0.,1.));
#5818 = DIRECTION('',(1.,0.,-0.));
#5819 = SHELL_BASED_SURFACE_MODEL('',(#5820));
#5820 = OPEN_SHELL('',(#5821));
#5821 = ADVANCED_FACE('',(#5822,#5892),#5926,.T.);
#5822 = FACE_BOUND('',#5823,.F.);
#5823 = EDGE_LOOP('',(#5824,#5835,#5843,#5852,#5860,#5869,#5877,#5886));
#5824 = ORIENTED_EDGE('',*,*,#5825,.T.);
#5825 = EDGE_CURVE('',#5826,#5828,#5830,.T.);
#5826 = VERTEX_POINT('',#5827);
#5827 = CARTESIAN_POINT('',(143.19,-125.1,1.585));
#5828 = VERTEX_POINT('',#5829);
#5829 = CARTESIAN_POINT('',(143.25,-125.04,1.585));
#5830 = CIRCLE('',#5831,5.999932016261E-02);
#5831 = AXIS2_PLACEMENT_3D('',#5832,#5833,#5834);
#5832 = CARTESIAN_POINT('',(143.24999932015,-125.0999993201,1.585));
#5833 = DIRECTION('',(0.,0.,-1.));
#5834 = DIRECTION('',(-0.999999999936,-1.133081564772E-05,-0.));
#5835 = ORIENTED_EDGE('',*,*,#5836,.T.);
#5836 = EDGE_CURVE('',#5828,#5837,#5839,.T.);
#5837 = VERTEX_POINT('',#5838);
#5838 = CARTESIAN_POINT('',(144.25,-125.04,1.585));
#5839 = LINE('',#5840,#5841);
#5840 = CARTESIAN_POINT('',(143.25,-125.04,1.585));
#5841 = VECTOR('',#5842,1.);
#5842 = DIRECTION('',(1.,0.,0.));
#5843 = ORIENTED_EDGE('',*,*,#5844,.T.);
#5844 = EDGE_CURVE('',#5837,#5845,#5847,.T.);
#5845 = VERTEX_POINT('',#5846);
#5846 = CARTESIAN_POINT('',(144.31,-125.1,1.585));
#5847 = CIRCLE('',#5848,5.999932016257E-02);
#5848 = AXIS2_PLACEMENT_3D('',#5849,#5850,#5851);
#5849 = CARTESIAN_POINT('',(144.25000067984,-125.0999993201,1.585));
#5850 = DIRECTION('',(0.,0.,-1.));
#5851 = DIRECTION('',(-1.133081659513E-05,0.999999999936,0.));
#5852 = ORIENTED_EDGE('',*,*,#5853,.T.);
#5853 = EDGE_CURVE('',#5845,#5854,#5856,.T.);
#5854 = VERTEX_POINT('',#5855);
#5855 = CARTESIAN_POINT('',(144.31,-126.7,1.585));
#5856 = LINE('',#5857,#5858);
#5857 = CARTESIAN_POINT('',(144.31,-125.1,1.585));
#5858 = VECTOR('',#5859,1.);
#5859 = DIRECTION('',(0.,-1.,0.));
#5860 = ORIENTED_EDGE('',*,*,#5861,.T.);
#5861 = EDGE_CURVE('',#5854,#5862,#5864,.T.);
#5862 = VERTEX_POINT('',#5863);
#5863 = CARTESIAN_POINT('',(144.25,-126.76,1.585));
#5864 = CIRCLE('',#5865,5.999932016265E-02);
#5865 = AXIS2_PLACEMENT_3D('',#5866,#5867,#5868);
#5866 = CARTESIAN_POINT('',(144.25000067984,-126.7000006798,1.585));
#5867 = DIRECTION('',(0.,0.,-1.));
#5868 = DIRECTION('',(0.999999999936,1.133081517401E-05,0.));
#5869 = ORIENTED_EDGE('',*,*,#5870,.T.);
#5870 = EDGE_CURVE('',#5862,#5871,#5873,.T.);
#5871 = VERTEX_POINT('',#5872);
#5872 = CARTESIAN_POINT('',(143.25,-126.76,1.585));
#5873 = LINE('',#5874,#5875);
#5874 = CARTESIAN_POINT('',(144.25,-126.76,1.585));
#5875 = VECTOR('',#5876,1.);
#5876 = DIRECTION('',(-1.,0.,0.));
#5877 = ORIENTED_EDGE('',*,*,#5878,.T.);
#5878 = EDGE_CURVE('',#5871,#5879,#5881,.T.);
#5879 = VERTEX_POINT('',#5880);
#5880 = CARTESIAN_POINT('',(143.19,-126.7,1.585));
#5881 = CIRCLE('',#5882,5.999932016262E-02);
#5882 = AXIS2_PLACEMENT_3D('',#5883,#5884,#5885);
#5883 = CARTESIAN_POINT('',(143.24999932015,-126.7000006798,1.585));
#5884 = DIRECTION('',(0.,0.,-1.));
#5885 = DIRECTION('',(1.133081564772E-05,-0.999999999936,0.));
#5886 = ORIENTED_EDGE('',*,*,#5887,.T.);
#5887 = EDGE_CURVE('',#5879,#5826,#5888,.T.);
#5888 = LINE('',#5889,#5890);
#5889 = CARTESIAN_POINT('',(143.19,-126.7,1.585));
#5890 = VECTOR('',#5891,1.);
#5891 = DIRECTION('',(0.,1.,0.));
#5892 = FACE_BOUND('',#5893,.F.);
#5893 = EDGE_LOOP('',(#5894,#5904,#5912,#5920));
#5894 = ORIENTED_EDGE('',*,*,#5895,.T.);
#5895 = EDGE_CURVE('',#5896,#5898,#5900,.T.);
#5896 = VERTEX_POINT('',#5897);
#5897 = CARTESIAN_POINT('',(144.19,-126.64,1.585));
#5898 = VERTEX_POINT('',#5899);
#5899 = CARTESIAN_POINT('',(144.19,-125.16,1.585));
#5900 = LINE('',#5901,#5902);
#5901 = CARTESIAN_POINT('',(144.19,-126.64,1.585));
#5902 = VECTOR('',#5903,1.);
#5903 = DIRECTION('',(0.,1.,0.));
#5904 = ORIENTED_EDGE('',*,*,#5905,.T.);
#5905 = EDGE_CURVE('',#5898,#5906,#5908,.T.);
#5906 = VERTEX_POINT('',#5907);
#5907 = CARTESIAN_POINT('',(143.31,-125.16,1.585));
#5908 = LINE('',#5909,#5910);
#5909 = CARTESIAN_POINT('',(144.19,-125.16,1.585));
#5910 = VECTOR('',#5911,1.);
#5911 = DIRECTION('',(-1.,0.,0.));
#5912 = ORIENTED_EDGE('',*,*,#5913,.T.);
#5913 = EDGE_CURVE('',#5906,#5914,#5916,.T.);
#5914 = VERTEX_POINT('',#5915);
#5915 = CARTESIAN_POINT('',(143.31,-126.64,1.585));
#5916 = LINE('',#5917,#5918);
#5917 = CARTESIAN_POINT('',(143.31,-125.16,1.585));
#5918 = VECTOR('',#5919,1.);
#5919 = DIRECTION('',(0.,-1.,0.));
#5920 = ORIENTED_EDGE('',*,*,#5921,.T.);
#5921 = EDGE_CURVE('',#5914,#5896,#5922,.T.);
#5922 = LINE('',#5923,#5924);
#5923 = CARTESIAN_POINT('',(143.31,-126.64,1.585));
#5924 = VECTOR('',#5925,1.);
#5925 = DIRECTION('',(1.,0.,0.));
#5926 = PLANE('',#5927);
#5927 = AXIS2_PLACEMENT_3D('',#5928,#5929,#5930);
#5928 = CARTESIAN_POINT('',(0.,0.,1.585));
#5929 = DIRECTION('',(0.,0.,1.));
#5930 = DIRECTION('',(1.,0.,-0.));
#5931 = SHELL_BASED_SURFACE_MODEL('',(#5932));
#5932 = OPEN_SHELL('',(#5933));
#5933 = ADVANCED_FACE('',(#5934),#6003,.T.);
#5934 = FACE_BOUND('',#5935,.F.);
#5935 = EDGE_LOOP('',(#5936,#5947,#5955,#5963,#5972,#5980,#5989,#5997));
#5936 = ORIENTED_EDGE('',*,*,#5937,.T.);
#5937 = EDGE_CURVE('',#5938,#5940,#5942,.T.);
#5938 = VERTEX_POINT('',#5939);
#5939 = CARTESIAN_POINT('',(166.109502,-110.363494,1.585));
#5940 = VERTEX_POINT('',#5941);
#5941 = CARTESIAN_POINT('',(166.224935,-110.386455,1.585));
#5942 = CIRCLE('',#5943,6.000007318647E-02);
#5943 = AXIS2_PLACEMENT_3D('',#5944,#5945,#5946);
#5944 = CARTESIAN_POINT('',(166.16493492681,-110.3864548233,1.585));
#5945 = DIRECTION('',(0.,0.,-1.));
#5946 = DIRECTION('',(-0.923880986637,0.382679921777,0.));
#5947 = ORIENTED_EDGE('',*,*,#5948,.T.);
#5948 = EDGE_CURVE('',#5940,#5949,#5951,.T.);
#5949 = VERTEX_POINT('',#5950);
#5950 = CARTESIAN_POINT('',(166.224935,-111.326455,1.585));
#5951 = LINE('',#5952,#5953);
#5952 = CARTESIAN_POINT('',(166.224935,-110.386455,1.585));
#5953 = VECTOR('',#5954,1.);
#5954 = DIRECTION('',(0.,-1.,0.));
#5955 = ORIENTED_EDGE('',*,*,#5956,.T.);
#5956 = EDGE_CURVE('',#5949,#5957,#5959,.T.);
#5957 = VERTEX_POINT('',#5958);
#5958 = CARTESIAN_POINT('',(166.454935,-111.326455,1.585));
#5959 = LINE('',#5960,#5961);
#5960 = CARTESIAN_POINT('',(166.224935,-111.326455,1.585));
#5961 = VECTOR('',#5962,1.);
#5962 = DIRECTION('',(1.,0.,0.));
#5963 = ORIENTED_EDGE('',*,*,#5964,.T.);
#5964 = EDGE_CURVE('',#5957,#5965,#5967,.T.);
#5965 = VERTEX_POINT('',#5966);
#5966 = CARTESIAN_POINT('',(166.454935,-111.446455,1.585));
#5967 = CIRCLE('',#5968,6.000000000043E-02);
#5968 = AXIS2_PLACEMENT_3D('',#5969,#5970,#5971);
#5969 = CARTESIAN_POINT('',(166.45493522558,-111.386455,1.585));
#5970 = DIRECTION('',(0.,0.,-1.));
#5971 = DIRECTION('',(-3.759793779988E-06,0.999999999993,-0.));
#5972 = ORIENTED_EDGE('',*,*,#5973,.T.);
#5973 = EDGE_CURVE('',#5965,#5974,#5976,.T.);
#5974 = VERTEX_POINT('',#5975);
#5975 = CARTESIAN_POINT('',(166.164935,-111.446455,1.585));
#5976 = LINE('',#5977,#5978);
#5977 = CARTESIAN_POINT('',(166.454935,-111.446455,1.585));
#5978 = VECTOR('',#5979,1.);
#5979 = DIRECTION('',(-1.,0.,0.));
#5980 = ORIENTED_EDGE('',*,*,#5981,.T.);
#5981 = EDGE_CURVE('',#5974,#5982,#5984,.T.);
#5982 = VERTEX_POINT('',#5983);
#5983 = CARTESIAN_POINT('',(166.104935,-111.386455,1.585));
#5984 = CIRCLE('',#5985,5.999932016256E-02);
#5985 = AXIS2_PLACEMENT_3D('',#5986,#5987,#5988);
#5986 = CARTESIAN_POINT('',(166.16493432015,-111.3864556798,1.585));
#5987 = DIRECTION('',(0.,0.,-1.));
#5988 = DIRECTION('',(1.133081659513E-05,-0.999999999936,0.));
#5989 = ORIENTED_EDGE('',*,*,#5990,.T.);
#5990 = EDGE_CURVE('',#5982,#5991,#5993,.T.);
#5991 = VERTEX_POINT('',#5992);
#5992 = CARTESIAN_POINT('',(166.104935,-110.386455,1.585));
#5993 = LINE('',#5994,#5995);
#5994 = CARTESIAN_POINT('',(166.104935,-111.386455,1.585));
#5995 = VECTOR('',#5996,1.);
#5996 = DIRECTION('',(0.,1.,0.));
#5997 = ORIENTED_EDGE('',*,*,#5998,.T.);
#5998 = EDGE_CURVE('',#5991,#5938,#5999,.T.);
#5999 = LINE('',#6000,#6001);
#6000 = CARTESIAN_POINT('',(166.104935,-110.386455,1.585));
#6001 = VECTOR('',#6002,1.);
#6002 = DIRECTION('',(0.195081000117,0.980787134598,0.));
#6003 = PLANE('',#6004);
#6004 = AXIS2_PLACEMENT_3D('',#6005,#6006,#6007);
#6005 = CARTESIAN_POINT('',(0.,0.,1.585));
#6006 = DIRECTION('',(0.,0.,1.));
#6007 = DIRECTION('',(1.,0.,-0.));
#6008 = SHELL_BASED_SURFACE_MODEL('',(#6009));
#6009 = OPEN_SHELL('',(#6010));
#6010 = ADVANCED_FACE('',(#6011,#6193),#6243,.T.);
#6011 = FACE_BOUND('',#6012,.F.);
#6012 = EDGE_LOOP('',(#6013,#6024,#6032,#6041,#6049,#6057,#6065,#6073,
    #6081,#6089,#6097,#6105,#6113,#6121,#6129,#6137,#6145,#6154,#6162,
    #6171,#6179,#6187));
#6013 = ORIENTED_EDGE('',*,*,#6014,.T.);
#6014 = EDGE_CURVE('',#6015,#6017,#6019,.T.);
#6015 = VERTEX_POINT('',#6016);
#6016 = CARTESIAN_POINT('',(168.664935,-108.146455,1.585));
#6017 = VERTEX_POINT('',#6018);
#6018 = CARTESIAN_POINT('',(168.664935,-108.026455,1.585));
#6019 = CIRCLE('',#6020,6.000000000043E-02);
#6020 = AXIS2_PLACEMENT_3D('',#6021,#6022,#6023);
#6021 = CARTESIAN_POINT('',(168.66493477441,-108.086455,1.585));
#6022 = DIRECTION('',(0.,0.,-1.));
#6023 = DIRECTION('',(3.759794253684E-06,-0.999999999993,0.));
#6024 = ORIENTED_EDGE('',*,*,#6025,.T.);
#6025 = EDGE_CURVE('',#6017,#6026,#6028,.T.);
#6026 = VERTEX_POINT('',#6027);
#6027 = CARTESIAN_POINT('',(168.954935,-108.026455,1.585));
#6028 = LINE('',#6029,#6030);
#6029 = CARTESIAN_POINT('',(168.664935,-108.026455,1.585));
#6030 = VECTOR('',#6031,1.);
#6031 = DIRECTION('',(1.,0.,0.));
#6032 = ORIENTED_EDGE('',*,*,#6033,.T.);
#6033 = EDGE_CURVE('',#6026,#6034,#6036,.T.);
#6034 = VERTEX_POINT('',#6035);
#6035 = CARTESIAN_POINT('',(169.014935,-108.086455,1.585));
#6036 = CIRCLE('',#6037,5.999932016263E-02);
#6037 = AXIS2_PLACEMENT_3D('',#6038,#6039,#6040);
#6038 = CARTESIAN_POINT('',(168.95493567984,-108.0864543201,1.585));
#6039 = DIRECTION('',(0.,0.,-1.));
#6040 = DIRECTION('',(-1.133081564772E-05,0.999999999936,0.));
#6041 = ORIENTED_EDGE('',*,*,#6042,.T.);
#6042 = EDGE_CURVE('',#6034,#6043,#6045,.T.);
#6043 = VERTEX_POINT('',#6044);
#6044 = CARTESIAN_POINT('',(169.014935,-108.676455,1.585));
#6045 = LINE('',#6046,#6047);
#6046 = CARTESIAN_POINT('',(169.014935,-108.086455,1.585));
#6047 = VECTOR('',#6048,1.);
#6048 = DIRECTION('',(0.,-1.,0.));
#6049 = ORIENTED_EDGE('',*,*,#6050,.T.);
#6050 = EDGE_CURVE('',#6043,#6051,#6053,.T.);
#6051 = VERTEX_POINT('',#6052);
#6052 = CARTESIAN_POINT('',(169.274935,-108.676455,1.585));
#6053 = LINE('',#6054,#6055);
#6054 = CARTESIAN_POINT('',(169.014935,-108.676455,1.585));
#6055 = VECTOR('',#6056,1.);
#6056 = DIRECTION('',(1.,0.,0.));
#6057 = ORIENTED_EDGE('',*,*,#6058,.T.);
#6058 = EDGE_CURVE('',#6051,#6059,#6061,.T.);
#6059 = VERTEX_POINT('',#6060);
#6060 = CARTESIAN_POINT('',(169.305175,-108.684633,1.585));
#6061 = LINE('',#6062,#6063);
#6062 = CARTESIAN_POINT('',(169.274935,-108.676455,1.585));
#6063 = VECTOR('',#6064,1.);
#6064 = DIRECTION('',(0.965322962776,-0.261058571084,0.));
#6065 = ORIENTED_EDGE('',*,*,#6066,.T.);
#6066 = EDGE_CURVE('',#6059,#6067,#6069,.T.);
#6067 = VERTEX_POINT('',#6068);
#6068 = CARTESIAN_POINT('',(169.322705,-108.70015,1.585));
#6069 = LINE('',#6070,#6071);
#6070 = CARTESIAN_POINT('',(169.305175,-108.684633,1.585));
#6071 = VECTOR('',#6072,1.);
#6072 = DIRECTION('',(0.748791069894,-0.66280610562,0.));
#6073 = ORIENTED_EDGE('',*,*,#6074,.T.);
#6074 = EDGE_CURVE('',#6067,#6075,#6077,.T.);
#6075 = VERTEX_POINT('',#6076);
#6076 = CARTESIAN_POINT('',(169.710368,-109.213494,1.585));
#6077 = LINE('',#6078,#6079);
#6078 = CARTESIAN_POINT('',(169.322705,-108.70015,1.585));
#6079 = VECTOR('',#6080,1.);
#6080 = DIRECTION('',(0.602638206184,-0.798014531476,0.));
#6081 = ORIENTED_EDGE('',*,*,#6082,.T.);
#6082 = EDGE_CURVE('',#6075,#6083,#6085,.T.);
#6083 = VERTEX_POINT('',#6084);
#6084 = CARTESIAN_POINT('',(169.714935,-109.236455,1.585));
#6085 = LINE('',#6086,#6087);
#6086 = CARTESIAN_POINT('',(169.710368,-109.213494,1.585));
#6087 = VECTOR('',#6088,1.);
#6088 = DIRECTION('',(0.195081000118,-0.980787134598,0.));
#6089 = ORIENTED_EDGE('',*,*,#6090,.T.);
#6090 = EDGE_CURVE('',#6083,#6091,#6093,.T.);
#6091 = VERTEX_POINT('',#6092);
#6092 = CARTESIAN_POINT('',(169.712962,-110.251716,1.585));
#6093 = LINE('',#6094,#6095);
#6094 = CARTESIAN_POINT('',(169.714935,-109.236455,1.585));
#6095 = VECTOR('',#6096,1.);
#6096 = DIRECTION('',(-1.943338978259E-03,-0.999998111715,0.));
#6097 = ORIENTED_EDGE('',*,*,#6098,.T.);
#6098 = EDGE_CURVE('',#6091,#6099,#6101,.T.);
#6099 = VERTEX_POINT('',#6100);
#6100 = CARTESIAN_POINT('',(169.702705,-110.27276,1.585));
#6101 = LINE('',#6102,#6103);
#6102 = CARTESIAN_POINT('',(169.712962,-110.251716,1.585));
#6103 = VECTOR('',#6104,1.);
#6104 = DIRECTION('',(-0.438134944871,-0.898909211257,0.));
#6105 = ORIENTED_EDGE('',*,*,#6106,.T.);
#6106 = EDGE_CURVE('',#6099,#6107,#6109,.T.);
#6107 = VERTEX_POINT('',#6108);
#6108 = CARTESIAN_POINT('',(169.322705,-110.77276,1.585));
#6109 = LINE('',#6110,#6111);
#6110 = CARTESIAN_POINT('',(169.702705,-110.27276,1.585));
#6111 = VECTOR('',#6112,1.);
#6112 = DIRECTION('',(-0.605083267534,-0.796162194123,0.));
#6113 = ORIENTED_EDGE('',*,*,#6114,.T.);
#6114 = EDGE_CURVE('',#6107,#6115,#6117,.T.);
#6115 = VERTEX_POINT('',#6116);
#6116 = CARTESIAN_POINT('',(169.297896,-110.791888,1.585));
#6117 = LINE('',#6118,#6119);
#6118 = CARTESIAN_POINT('',(169.322705,-110.77276,1.585));
#6119 = VECTOR('',#6120,1.);
#6120 = DIRECTION('',(-0.791942342665,-0.610595877725,0.));
#6121 = ORIENTED_EDGE('',*,*,#6122,.T.);
#6122 = EDGE_CURVE('',#6115,#6123,#6125,.T.);
#6123 = VERTEX_POINT('',#6124);
#6124 = CARTESIAN_POINT('',(169.274935,-110.796455,1.585));
#6125 = LINE('',#6126,#6127);
#6126 = CARTESIAN_POINT('',(169.297896,-110.791888,1.585));
#6127 = VECTOR('',#6128,1.);
#6128 = DIRECTION('',(-0.980787134598,-0.195081000118,0.));
#6129 = ORIENTED_EDGE('',*,*,#6130,.T.);
#6130 = EDGE_CURVE('',#6123,#6131,#6133,.T.);
#6131 = VERTEX_POINT('',#6132);
#6132 = CARTESIAN_POINT('',(169.014935,-110.796455,1.585));
#6133 = LINE('',#6134,#6135);
#6134 = CARTESIAN_POINT('',(169.274935,-110.796455,1.585));
#6135 = VECTOR('',#6136,1.);
#6136 = DIRECTION('',(-1.,0.,0.));
#6137 = ORIENTED_EDGE('',*,*,#6138,.T.);
#6138 = EDGE_CURVE('',#6131,#6139,#6141,.T.);
#6139 = VERTEX_POINT('',#6140);
#6140 = CARTESIAN_POINT('',(169.014935,-111.386455,1.585));
#6141 = LINE('',#6142,#6143);
#6142 = CARTESIAN_POINT('',(169.014935,-110.796455,1.585));
#6143 = VECTOR('',#6144,1.);
#6144 = DIRECTION('',(0.,-1.,0.));
#6145 = ORIENTED_EDGE('',*,*,#6146,.T.);
#6146 = EDGE_CURVE('',#6139,#6147,#6149,.T.);
#6147 = VERTEX_POINT('',#6148);
#6148 = CARTESIAN_POINT('',(168.954935,-111.446455,1.585));
#6149 = CIRCLE('',#6150,5.999932016265E-02);
#6150 = AXIS2_PLACEMENT_3D('',#6151,#6152,#6153);
#6151 = CARTESIAN_POINT('',(168.95493567984,-111.3864556798,1.585));
#6152 = DIRECTION('',(0.,0.,-1.));
#6153 = DIRECTION('',(0.999999999936,1.133081517401E-05,0.));
#6154 = ORIENTED_EDGE('',*,*,#6155,.T.);
#6155 = EDGE_CURVE('',#6147,#6156,#6158,.T.);
#6156 = VERTEX_POINT('',#6157);
#6157 = CARTESIAN_POINT('',(168.664935,-111.446455,1.585));
#6158 = LINE('',#6159,#6160);
#6159 = CARTESIAN_POINT('',(168.954935,-111.446455,1.585));
#6160 = VECTOR('',#6161,1.);
#6161 = DIRECTION('',(-1.,0.,0.));
#6162 = ORIENTED_EDGE('',*,*,#6163,.T.);
#6163 = EDGE_CURVE('',#6156,#6164,#6166,.T.);
#6164 = VERTEX_POINT('',#6165);
#6165 = CARTESIAN_POINT('',(168.664935,-111.326455,1.585));
#6166 = CIRCLE('',#6167,6.000000000043E-02);
#6167 = AXIS2_PLACEMENT_3D('',#6168,#6169,#6170);
#6168 = CARTESIAN_POINT('',(168.66493477441,-111.386455,1.585));
#6169 = DIRECTION('',(0.,0.,-1.));
#6170 = DIRECTION('',(3.759794253683E-06,-0.999999999993,0.));
#6171 = ORIENTED_EDGE('',*,*,#6172,.T.);
#6172 = EDGE_CURVE('',#6164,#6173,#6175,.T.);
#6173 = VERTEX_POINT('',#6174);
#6174 = CARTESIAN_POINT('',(168.894935,-111.326455,1.585));
#6175 = LINE('',#6176,#6177);
#6176 = CARTESIAN_POINT('',(168.664935,-111.326455,1.585));
#6177 = VECTOR('',#6178,1.);
#6178 = DIRECTION('',(1.,0.,0.));
#6179 = ORIENTED_EDGE('',*,*,#6180,.T.);
#6180 = EDGE_CURVE('',#6173,#6181,#6183,.T.);
#6181 = VERTEX_POINT('',#6182);
#6182 = CARTESIAN_POINT('',(168.894935,-108.146455,1.585));
#6183 = LINE('',#6184,#6185);
#6184 = CARTESIAN_POINT('',(168.894935,-111.326455,1.585));
#6185 = VECTOR('',#6186,1.);
#6186 = DIRECTION('',(0.,1.,0.));
#6187 = ORIENTED_EDGE('',*,*,#6188,.T.);
#6188 = EDGE_CURVE('',#6181,#6015,#6189,.T.);
#6189 = LINE('',#6190,#6191);
#6190 = CARTESIAN_POINT('',(168.894935,-108.146455,1.585));
#6191 = VECTOR('',#6192,1.);
#6192 = DIRECTION('',(-1.,0.,0.));
#6193 = FACE_BOUND('',#6194,.F.);
#6194 = EDGE_LOOP('',(#6195,#6205,#6213,#6221,#6229,#6237));
#6195 = ORIENTED_EDGE('',*,*,#6196,.T.);
#6196 = EDGE_CURVE('',#6197,#6199,#6201,.T.);
#6197 = VERTEX_POINT('',#6198);
#6198 = CARTESIAN_POINT('',(169.594935,-109.256667,1.585));
#6199 = VERTEX_POINT('',#6200);
#6200 = CARTESIAN_POINT('',(169.245173,-108.796455,1.585));
#6201 = LINE('',#6202,#6203);
#6202 = CARTESIAN_POINT('',(169.594935,-109.256667,1.585));
#6203 = VECTOR('',#6204,1.);
#6204 = DIRECTION('',(-0.605084232537,0.79616146072,0.));
#6205 = ORIENTED_EDGE('',*,*,#6206,.T.);
#6206 = EDGE_CURVE('',#6199,#6207,#6209,.T.);
#6207 = VERTEX_POINT('',#6208);
#6208 = CARTESIAN_POINT('',(169.014935,-108.796455,1.585));
#6209 = LINE('',#6210,#6211);
#6210 = CARTESIAN_POINT('',(169.245173,-108.796455,1.585));
#6211 = VECTOR('',#6212,1.);
#6212 = DIRECTION('',(-1.,0.,0.));
#6213 = ORIENTED_EDGE('',*,*,#6214,.T.);
#6214 = EDGE_CURVE('',#6207,#6215,#6217,.T.);
#6215 = VERTEX_POINT('',#6216);
#6216 = CARTESIAN_POINT('',(169.014935,-110.676455,1.585));
#6217 = LINE('',#6218,#6219);
#6218 = CARTESIAN_POINT('',(169.014935,-108.796455,1.585));
#6219 = VECTOR('',#6220,1.);
#6220 = DIRECTION('',(0.,-1.,0.));
#6221 = ORIENTED_EDGE('',*,*,#6222,.T.);
#6222 = EDGE_CURVE('',#6215,#6223,#6225,.T.);
#6223 = VERTEX_POINT('',#6224);
#6224 = CARTESIAN_POINT('',(169.245173,-110.676455,1.585));
#6225 = LINE('',#6226,#6227);
#6226 = CARTESIAN_POINT('',(169.014935,-110.676455,1.585));
#6227 = VECTOR('',#6228,1.);
#6228 = DIRECTION('',(1.,0.,0.));
#6229 = ORIENTED_EDGE('',*,*,#6230,.T.);
#6230 = EDGE_CURVE('',#6223,#6231,#6233,.T.);
#6231 = VERTEX_POINT('',#6232);
#6232 = CARTESIAN_POINT('',(169.594935,-110.216242,1.585));
#6233 = LINE('',#6234,#6235);
#6234 = CARTESIAN_POINT('',(169.245173,-110.676455,1.585));
#6235 = VECTOR('',#6236,1.);
#6236 = DIRECTION('',(0.605083399125,0.796162094114,0.));
#6237 = ORIENTED_EDGE('',*,*,#6238,.T.);
#6238 = EDGE_CURVE('',#6231,#6197,#6239,.T.);
#6239 = LINE('',#6240,#6241);
#6240 = CARTESIAN_POINT('',(169.594935,-110.216242,1.585));
#6241 = VECTOR('',#6242,1.);
#6242 = DIRECTION('',(0.,1.,0.));
#6243 = PLANE('',#6244);
#6244 = AXIS2_PLACEMENT_3D('',#6245,#6246,#6247);
#6245 = CARTESIAN_POINT('',(0.,0.,1.585));
#6246 = DIRECTION('',(0.,0.,1.));
#6247 = DIRECTION('',(1.,0.,-0.));
#6248 = SHELL_BASED_SURFACE_MODEL('',(#6249));
#6249 = OPEN_SHELL('',(#6250));
#6250 = ADVANCED_FACE('',(#6251),#6384,.T.);
#6251 = FACE_BOUND('',#6252,.F.);
#6252 = EDGE_LOOP('',(#6253,#6264,#6272,#6280,#6289,#6297,#6305,#6313,
    #6321,#6329,#6337,#6345,#6353,#6362,#6370,#6378));
#6253 = ORIENTED_EDGE('',*,*,#6254,.T.);
#6254 = EDGE_CURVE('',#6255,#6257,#6259,.T.);
#6255 = VERTEX_POINT('',#6256);
#6256 = CARTESIAN_POINT('',(170.09139,-109.867682,1.585));
#6257 = VERTEX_POINT('',#6258);
#6258 = CARTESIAN_POINT('',(170.208524,-109.950649,1.585));
#6259 = CIRCLE('',#6260,7.499955990673E-02);
#6260 = AXIS2_PLACEMENT_3D('',#6261,#6262,#6263);
#6261 = CARTESIAN_POINT('',(170.13737350095,-109.9269310643,1.585));
#6262 = DIRECTION('',(0.,0.,-1.));
#6263 = DIRECTION('',(-0.613116943749,0.78999216027,0.));
#6264 = ORIENTED_EDGE('',*,*,#6265,.T.);
#6265 = EDGE_CURVE('',#6257,#6266,#6268,.T.);
#6266 = VERTEX_POINT('',#6267);
#6267 = CARTESIAN_POINT('',(170.164754,-110.081958,1.585));
#6268 = LINE('',#6269,#6270);
#6269 = CARTESIAN_POINT('',(170.208524,-109.950649,1.585));
#6270 = VECTOR('',#6271,1.);
#6271 = DIRECTION('',(-0.316229933459,-0.948682575567,0.));
#6272 = ORIENTED_EDGE('',*,*,#6273,.T.);
#6273 = EDGE_CURVE('',#6266,#6274,#6276,.T.);
#6274 = VERTEX_POINT('',#6275);
#6275 = CARTESIAN_POINT('',(170.164754,-110.290178,1.585));
#6276 = LINE('',#6277,#6278);
#6277 = CARTESIAN_POINT('',(170.164754,-110.081958,1.585));
#6278 = VECTOR('',#6279,1.);
#6279 = DIRECTION('',(0.,-1.,0.));
#6280 = ORIENTED_EDGE('',*,*,#6281,.T.);
#6281 = EDGE_CURVE('',#6274,#6282,#6284,.T.);
#6282 = VERTEX_POINT('',#6283);
#6283 = CARTESIAN_POINT('',(170.297935,-110.423359,1.585));
#6284 = CIRCLE('',#6285,0.18686440374);
#6285 = AXIS2_PLACEMENT_3D('',#6286,#6287,#6288);
#6286 = CARTESIAN_POINT('',(170.345471,-110.242642,1.585));
#6287 = DIRECTION('',(0.,0.,1.));
#6288 = DIRECTION('',(-0.967102328658,-0.254387668538,0.));
#6289 = ORIENTED_EDGE('',*,*,#6290,.T.);
#6290 = EDGE_CURVE('',#6282,#6291,#6293,.T.);
#6291 = VERTEX_POINT('',#6292);
#6292 = CARTESIAN_POINT('',(170.357763,-110.423359,1.585));
#6293 = LINE('',#6294,#6295);
#6294 = CARTESIAN_POINT('',(170.297935,-110.423359,1.585));
#6295 = VECTOR('',#6296,1.);
#6296 = DIRECTION('',(1.,0.,0.));
#6297 = ORIENTED_EDGE('',*,*,#6298,.T.);
#6298 = EDGE_CURVE('',#6291,#6299,#6301,.T.);
#6299 = VERTEX_POINT('',#6300);
#6300 = CARTESIAN_POINT('',(170.426279,-110.389101,1.585));
#6301 = LINE('',#6302,#6303);
#6302 = CARTESIAN_POINT('',(170.357763,-110.423359,1.585));
#6303 = VECTOR('',#6304,1.);
#6304 = DIRECTION('',(0.894427191,0.4472135955,0.));
#6305 = ORIENTED_EDGE('',*,*,#6306,.T.);
#6306 = EDGE_CURVE('',#6299,#6307,#6309,.T.);
#6307 = VERTEX_POINT('',#6308);
#6308 = CARTESIAN_POINT('',(170.456686,-110.358694,1.585));
#6309 = LINE('',#6310,#6311);
#6310 = CARTESIAN_POINT('',(170.426279,-110.389101,1.585));
#6311 = VECTOR('',#6312,1.);
#6312 = DIRECTION('',(0.707106781187,0.707106781187,0.));
#6313 = ORIENTED_EDGE('',*,*,#6314,.T.);
#6314 = EDGE_CURVE('',#6307,#6315,#6317,.T.);
#6315 = VERTEX_POINT('',#6316);
#6316 = CARTESIAN_POINT('',(170.495179,-110.281707,1.585));
#6317 = LINE('',#6318,#6319);
#6318 = CARTESIAN_POINT('',(170.456686,-110.358694,1.585));
#6319 = VECTOR('',#6320,1.);
#6320 = DIRECTION('',(0.447208948322,0.894429514574,0.));
#6321 = ORIENTED_EDGE('',*,*,#6322,.T.);
#6322 = EDGE_CURVE('',#6315,#6323,#6325,.T.);
#6323 = VERTEX_POINT('',#6324);
#6324 = CARTESIAN_POINT('',(170.504935,-110.244083,1.585));
#6325 = LINE('',#6326,#6327);
#6326 = CARTESIAN_POINT('',(170.495179,-110.281707,1.585));
#6327 = VECTOR('',#6328,1.);
#6328 = DIRECTION('',(0.25100144489,0.967986712028,0.));
#6329 = ORIENTED_EDGE('',*,*,#6330,.T.);
#6330 = EDGE_CURVE('',#6323,#6331,#6333,.T.);
#6331 = VERTEX_POINT('',#6332);
#6332 = CARTESIAN_POINT('',(170.504935,-110.516561,1.585));
#6333 = LINE('',#6334,#6335);
#6334 = CARTESIAN_POINT('',(170.504935,-110.244083,1.585));
#6335 = VECTOR('',#6336,1.);
#6336 = DIRECTION('',(0.,-1.,0.));
#6337 = ORIENTED_EDGE('',*,*,#6338,.T.);
#6338 = EDGE_CURVE('',#6331,#6339,#6341,.T.);
#6339 = VERTEX_POINT('',#6340);
#6340 = CARTESIAN_POINT('',(170.3901,-110.571918,1.585));
#6341 = LINE('',#6342,#6343);
#6342 = CARTESIAN_POINT('',(170.504935,-110.516561,1.585));
#6343 = VECTOR('',#6344,1.);
#6344 = DIRECTION('',(-0.900798982691,-0.434236332868,0.));
#6345 = ORIENTED_EDGE('',*,*,#6346,.T.);
#6346 = EDGE_CURVE('',#6339,#6347,#6349,.T.);
#6347 = VERTEX_POINT('',#6348);
#6348 = CARTESIAN_POINT('',(170.26042,-110.570696,1.585));
#6349 = LINE('',#6350,#6351);
#6350 = CARTESIAN_POINT('',(170.3901,-110.571918,1.585));
#6351 = VECTOR('',#6352,1.);
#6352 = DIRECTION('',(-0.999955604649,9.422777212216E-03,0.));
#6353 = ORIENTED_EDGE('',*,*,#6354,.T.);
#6354 = EDGE_CURVE('',#6347,#6355,#6357,.T.);
#6355 = VERTEX_POINT('',#6356);
#6356 = CARTESIAN_POINT('',(170.016195,-110.322515,1.585));
#6357 = CIRCLE('',#6358,0.348628078749);
#6358 = AXIS2_PLACEMENT_3D('',#6359,#6360,#6361);
#6359 = CARTESIAN_POINT('',(170.3535950302,-110.2347496485,1.585));
#6360 = DIRECTION('',(0.,0.,-1.));
#6361 = DIRECTION('',(-0.26726197883,-0.963623907275,-0.));
#6362 = ORIENTED_EDGE('',*,*,#6363,.T.);
#6363 = EDGE_CURVE('',#6355,#6364,#6366,.T.);
#6364 = VERTEX_POINT('',#6365);
#6365 = CARTESIAN_POINT('',(170.016953,-110.053324,1.585));
#6366 = LINE('',#6367,#6368);
#6367 = CARTESIAN_POINT('',(170.016195,-110.322515,1.585));
#6368 = VECTOR('',#6369,1.);
#6369 = DIRECTION('',(2.815833348533E-03,0.999996035533,0.));
#6370 = ORIENTED_EDGE('',*,*,#6371,.T.);
#6371 = EDGE_CURVE('',#6364,#6372,#6374,.T.);
#6372 = VERTEX_POINT('',#6373);
#6373 = CARTESIAN_POINT('',(170.072216,-109.889789,1.585));
#6374 = LINE('',#6375,#6376);
#6375 = CARTESIAN_POINT('',(170.016953,-110.053324,1.585));
#6376 = VECTOR('',#6377,1.);
#6377 = DIRECTION('',(0.320142343061,0.947369452843,0.));
#6378 = ORIENTED_EDGE('',*,*,#6379,.T.);
#6379 = EDGE_CURVE('',#6372,#6255,#6380,.T.);
#6380 = LINE('',#6381,#6382);
#6381 = CARTESIAN_POINT('',(170.072216,-109.889789,1.585));
#6382 = VECTOR('',#6383,1.);
#6383 = DIRECTION('',(0.65521540373,0.755442105469,0.));
#6384 = PLANE('',#6385);
#6385 = AXIS2_PLACEMENT_3D('',#6386,#6387,#6388);
#6386 = CARTESIAN_POINT('',(0.,0.,1.585));
#6387 = DIRECTION('',(0.,0.,1.));
#6388 = DIRECTION('',(1.,0.,-0.));
#6389 = SHELL_BASED_SURFACE_MODEL('',(#6390));
#6390 = OPEN_SHELL('',(#6391));
#6391 = ADVANCED_FACE('',(#6392),#6517,.T.);
#6392 = FACE_BOUND('',#6393,.F.);
#6393 = EDGE_LOOP('',(#6394,#6404,#6412,#6420,#6428,#6436,#6444,#6452,
    #6461,#6469,#6477,#6485,#6494,#6502,#6511));
#6394 = ORIENTED_EDGE('',*,*,#6395,.T.);
#6395 = EDGE_CURVE('',#6396,#6398,#6400,.T.);
#6396 = VERTEX_POINT('',#6397);
#6397 = CARTESIAN_POINT('',(170.145151,-108.959051,1.585));
#6398 = VERTEX_POINT('',#6399);
#6399 = CARTESIAN_POINT('',(170.265598,-108.900991,1.585));
#6400 = LINE('',#6401,#6402);
#6401 = CARTESIAN_POINT('',(170.145151,-108.959051,1.585));
#6402 = VECTOR('',#6403,1.);
#6403 = DIRECTION('',(0.900805720197,0.434222356012,0.));
#6404 = ORIENTED_EDGE('',*,*,#6405,.T.);
#6405 = EDGE_CURVE('',#6398,#6406,#6408,.T.);
#6406 = VERTEX_POINT('',#6407);
#6407 = CARTESIAN_POINT('',(170.382873,-108.900279,1.585));
#6408 = LINE('',#6409,#6410);
#6409 = CARTESIAN_POINT('',(170.265598,-108.900991,1.585));
#6410 = VECTOR('',#6411,1.);
#6411 = DIRECTION('',(0.999981570774,6.07108828308E-03,0.));
#6412 = ORIENTED_EDGE('',*,*,#6413,.T.);
#6413 = EDGE_CURVE('',#6406,#6414,#6416,.T.);
#6414 = VERTEX_POINT('',#6415);
#6415 = CARTESIAN_POINT('',(170.504935,-108.941304,1.585));
#6416 = LINE('',#6417,#6418);
#6417 = CARTESIAN_POINT('',(170.382873,-108.900279,1.585));
#6418 = VECTOR('',#6419,1.);
#6419 = DIRECTION('',(0.947893699862,-0.318586775875,0.));
#6420 = ORIENTED_EDGE('',*,*,#6421,.T.);
#6421 = EDGE_CURVE('',#6414,#6422,#6424,.T.);
#6422 = VERTEX_POINT('',#6423);
#6423 = CARTESIAN_POINT('',(170.504935,-109.114844,1.585));
#6424 = LINE('',#6425,#6426);
#6425 = CARTESIAN_POINT('',(170.504935,-108.941304,1.585));
#6426 = VECTOR('',#6427,1.);
#6427 = DIRECTION('',(0.,-1.,0.));
#6428 = ORIENTED_EDGE('',*,*,#6429,.T.);
#6429 = EDGE_CURVE('',#6422,#6430,#6432,.T.);
#6430 = VERTEX_POINT('',#6431);
#6431 = CARTESIAN_POINT('',(170.477811,-109.087721,1.585));
#6432 = LINE('',#6433,#6434);
#6433 = CARTESIAN_POINT('',(170.504935,-109.114844,1.585));
#6434 = VECTOR('',#6435,1.);
#6435 = DIRECTION('',(-0.707119816013,0.707093746119,0.));
#6436 = ORIENTED_EDGE('',*,*,#6437,.T.);
#6437 = EDGE_CURVE('',#6430,#6438,#6440,.T.);
#6438 = VERTEX_POINT('',#6439);
#6439 = CARTESIAN_POINT('',(170.363298,-109.04955,1.585));
#6440 = LINE('',#6441,#6442);
#6441 = CARTESIAN_POINT('',(170.477811,-109.087721,1.585));
#6442 = VECTOR('',#6443,1.);
#6443 = DIRECTION('',(-0.948683298051,0.316227766017,0.));
#6444 = ORIENTED_EDGE('',*,*,#6445,.T.);
#6445 = EDGE_CURVE('',#6438,#6446,#6448,.T.);
#6446 = VERTEX_POINT('',#6447);
#6447 = CARTESIAN_POINT('',(170.297935,-109.04955,1.585));
#6448 = LINE('',#6449,#6450);
#6449 = CARTESIAN_POINT('',(170.363298,-109.04955,1.585));
#6450 = VECTOR('',#6451,1.);
#6451 = DIRECTION('',(-1.,0.,0.));
#6452 = ORIENTED_EDGE('',*,*,#6453,.T.);
#6453 = EDGE_CURVE('',#6446,#6454,#6456,.T.);
#6454 = VERTEX_POINT('',#6455);
#6455 = CARTESIAN_POINT('',(170.164754,-109.182731,1.585));
#6456 = CIRCLE('',#6457,0.18686440374);
#6457 = AXIS2_PLACEMENT_3D('',#6458,#6459,#6460);
#6458 = CARTESIAN_POINT('',(170.345471,-109.230267,1.585));
#6459 = DIRECTION('',(0.,0.,1.));
#6460 = DIRECTION('',(-0.254387668538,0.967102328658,0.));
#6461 = ORIENTED_EDGE('',*,*,#6462,.T.);
#6462 = EDGE_CURVE('',#6454,#6463,#6465,.T.);
#6463 = VERTEX_POINT('',#6464);
#6464 = CARTESIAN_POINT('',(170.164754,-109.385416,1.585));
#6465 = LINE('',#6466,#6467);
#6466 = CARTESIAN_POINT('',(170.164754,-109.182731,1.585));
#6467 = VECTOR('',#6468,1.);
#6468 = DIRECTION('',(0.,-1.,0.));
#6469 = ORIENTED_EDGE('',*,*,#6470,.T.);
#6470 = EDGE_CURVE('',#6463,#6471,#6473,.T.);
#6471 = VERTEX_POINT('',#6472);
#6472 = CARTESIAN_POINT('',(170.199012,-109.453932,1.585));
#6473 = LINE('',#6474,#6475);
#6474 = CARTESIAN_POINT('',(170.164754,-109.385416,1.585));
#6475 = VECTOR('',#6476,1.);
#6476 = DIRECTION('',(0.4472135955,-0.894427191,0.));
#6477 = ORIENTED_EDGE('',*,*,#6478,.T.);
#6478 = EDGE_CURVE('',#6471,#6479,#6481,.T.);
#6479 = VERTEX_POINT('',#6480);
#6480 = CARTESIAN_POINT('',(170.247352,-109.50431,1.585));
#6481 = LINE('',#6482,#6483);
#6482 = CARTESIAN_POINT('',(170.199012,-109.453932,1.585));
#6483 = VECTOR('',#6484,1.);
#6484 = DIRECTION('',(0.692361271629,-0.721551016594,0.));
#6485 = ORIENTED_EDGE('',*,*,#6486,.T.);
#6486 = EDGE_CURVE('',#6479,#6487,#6489,.T.);
#6487 = VERTEX_POINT('',#6488);
#6488 = CARTESIAN_POINT('',(170.131959,-109.599011,1.585));
#6489 = CIRCLE('',#6490,7.500003178656E-02);
#6490 = AXIS2_PLACEMENT_3D('',#6491,#6492,#6493);
#6491 = CARTESIAN_POINT('',(170.18499156212,-109.5459775,1.585));
#6492 = DIRECTION('',(0.,0.,-1.));
#6493 = DIRECTION('',(0.831472152581,0.555566431206,0.));
#6494 = ORIENTED_EDGE('',*,*,#6495,.T.);
#6495 = EDGE_CURVE('',#6487,#6496,#6498,.T.);
#6496 = VERTEX_POINT('',#6497);
#6497 = CARTESIAN_POINT('',(170.070291,-109.5319,1.585));
#6498 = LINE('',#6499,#6500);
#6499 = CARTESIAN_POINT('',(170.131959,-109.599011,1.585));
#6500 = VECTOR('',#6501,1.);
#6501 = DIRECTION('',(-0.676615964248,0.736336089652,0.));
#6502 = ORIENTED_EDGE('',*,*,#6503,.T.);
#6503 = EDGE_CURVE('',#6496,#6504,#6506,.T.);
#6504 = VERTEX_POINT('',#6505);
#6505 = CARTESIAN_POINT('',(170.079621,-109.022504,1.585));
#6506 = CIRCLE('',#6507,0.450051227017);
#6507 = AXIS2_PLACEMENT_3D('',#6508,#6509,#6510);
#6508 = CARTESIAN_POINT('',(170.44591032415,-109.2839963286,1.585));
#6509 = DIRECTION('',(0.,0.,-1.));
#6510 = DIRECTION('',(-0.834614598528,-0.550834341634,-0.));
#6511 = ORIENTED_EDGE('',*,*,#6512,.T.);
#6512 = EDGE_CURVE('',#6504,#6396,#6513,.T.);
#6513 = LINE('',#6514,#6515);
#6514 = CARTESIAN_POINT('',(170.079621,-109.022504,1.585));
#6515 = VECTOR('',#6516,1.);
#6516 = DIRECTION('',(0.718400113328,0.695630129574,0.));
#6517 = PLANE('',#6518);
#6518 = AXIS2_PLACEMENT_3D('',#6519,#6520,#6521);
#6519 = CARTESIAN_POINT('',(0.,0.,1.585));
#6520 = DIRECTION('',(0.,0.,1.));
#6521 = DIRECTION('',(1.,0.,-0.));
#6522 = SHELL_BASED_SURFACE_MODEL('',(#6523));
#6523 = OPEN_SHELL('',(#6524));
#6524 = ADVANCED_FACE('',(#6525),#6586,.T.);
#6525 = FACE_BOUND('',#6526,.F.);
#6526 = EDGE_LOOP('',(#6527,#6538,#6546,#6555,#6563,#6571,#6580));
#6527 = ORIENTED_EDGE('',*,*,#6528,.T.);
#6528 = EDGE_CURVE('',#6529,#6531,#6533,.T.);
#6529 = VERTEX_POINT('',#6530);
#6530 = CARTESIAN_POINT('',(166.104935,-108.086455,1.585));
#6531 = VERTEX_POINT('',#6532);
#6532 = CARTESIAN_POINT('',(166.164935,-108.026455,1.585));
#6533 = CIRCLE('',#6534,5.999932016256E-02);
#6534 = AXIS2_PLACEMENT_3D('',#6535,#6536,#6537);
#6535 = CARTESIAN_POINT('',(166.16493432015,-108.0864543201,1.585));
#6536 = DIRECTION('',(0.,0.,-1.));
#6537 = DIRECTION('',(-0.999999999936,-1.133081683198E-05,-0.));
#6538 = ORIENTED_EDGE('',*,*,#6539,.T.);
#6539 = EDGE_CURVE('',#6531,#6540,#6542,.T.);
#6540 = VERTEX_POINT('',#6541);
#6541 = CARTESIAN_POINT('',(166.454935,-108.026455,1.585));
#6542 = LINE('',#6543,#6544);
#6543 = CARTESIAN_POINT('',(166.164935,-108.026455,1.585));
#6544 = VECTOR('',#6545,1.);
#6545 = DIRECTION('',(1.,0.,0.));
#6546 = ORIENTED_EDGE('',*,*,#6547,.T.);
#6547 = EDGE_CURVE('',#6540,#6548,#6550,.T.);
#6548 = VERTEX_POINT('',#6549);
#6549 = CARTESIAN_POINT('',(166.454935,-108.146455,1.585));
#6550 = CIRCLE('',#6551,6.000000000043E-02);
#6551 = AXIS2_PLACEMENT_3D('',#6552,#6553,#6554);
#6552 = CARTESIAN_POINT('',(166.45493522558,-108.086455,1.585));
#6553 = DIRECTION('',(0.,0.,-1.));
#6554 = DIRECTION('',(-3.759793779989E-06,0.999999999993,-0.));
#6555 = ORIENTED_EDGE('',*,*,#6556,.T.);
#6556 = EDGE_CURVE('',#6548,#6557,#6559,.T.);
#6557 = VERTEX_POINT('',#6558);
#6558 = CARTESIAN_POINT('',(166.224935,-108.146455,1.585));
#6559 = LINE('',#6560,#6561);
#6560 = CARTESIAN_POINT('',(166.454935,-108.146455,1.585));
#6561 = VECTOR('',#6562,1.);
#6562 = DIRECTION('',(-1.,0.,0.));
#6563 = ORIENTED_EDGE('',*,*,#6564,.T.);
#6564 = EDGE_CURVE('',#6557,#6565,#6567,.T.);
#6565 = VERTEX_POINT('',#6566);
#6566 = CARTESIAN_POINT('',(166.224935,-109.086455,1.585));
#6567 = LINE('',#6568,#6569);
#6568 = CARTESIAN_POINT('',(166.224935,-108.146455,1.585));
#6569 = VECTOR('',#6570,1.);
#6570 = DIRECTION('',(0.,-1.,0.));
#6571 = ORIENTED_EDGE('',*,*,#6572,.T.);
#6572 = EDGE_CURVE('',#6565,#6573,#6575,.T.);
#6573 = VERTEX_POINT('',#6574);
#6574 = CARTESIAN_POINT('',(166.104935,-109.086455,1.585));
#6575 = CIRCLE('',#6576,6.000000000042E-02);
#6576 = AXIS2_PLACEMENT_3D('',#6577,#6578,#6579);
#6577 = CARTESIAN_POINT('',(166.164935,-109.0864552255,1.585));
#6578 = DIRECTION('',(0.,0.,-1.));
#6579 = DIRECTION('',(0.999999999993,3.759794016836E-06,0.));
#6580 = ORIENTED_EDGE('',*,*,#6581,.T.);
#6581 = EDGE_CURVE('',#6573,#6529,#6582,.T.);
#6582 = LINE('',#6583,#6584);
#6583 = CARTESIAN_POINT('',(166.104935,-109.086455,1.585));
#6584 = VECTOR('',#6585,1.);
#6585 = DIRECTION('',(0.,1.,0.));
#6586 = PLANE('',#6587);
#6587 = AXIS2_PLACEMENT_3D('',#6588,#6589,#6590);
#6588 = CARTESIAN_POINT('',(0.,0.,1.585));
#6589 = DIRECTION('',(0.,0.,1.));
#6590 = DIRECTION('',(1.,0.,-0.));
#6591 = SHELL_BASED_SURFACE_MODEL('',(#6592));
#6592 = OPEN_SHELL('',(#6593));
#6593 = ADVANCED_FACE('',(#6594,#6605),#6616,.T.);
#6594 = FACE_BOUND('',#6595,.T.);
#6595 = EDGE_LOOP('',(#6596));
#6596 = ORIENTED_EDGE('',*,*,#6597,.T.);
#6597 = EDGE_CURVE('',#6598,#6598,#6600,.T.);
#6598 = VERTEX_POINT('',#6599);
#6599 = CARTESIAN_POINT('',(110.063499,-100.,1.585));
#6600 = CIRCLE('',#6601,8.563499);
#6601 = AXIS2_PLACEMENT_3D('',#6602,#6603,#6604);
#6602 = CARTESIAN_POINT('',(101.5,-100.,1.585));
#6603 = DIRECTION('',(0.,0.,1.));
#6604 = DIRECTION('',(1.,0.,-0.));
#6605 = FACE_BOUND('',#6606,.F.);
#6606 = EDGE_LOOP('',(#6607));
#6607 = ORIENTED_EDGE('',*,*,#6608,.T.);
#6608 = EDGE_CURVE('',#6609,#6609,#6611,.T.);
#6609 = VERTEX_POINT('',#6610);
#6610 = CARTESIAN_POINT('',(109.941018,-100.,1.585));
#6611 = CIRCLE('',#6612,8.441018);
#6612 = AXIS2_PLACEMENT_3D('',#6613,#6614,#6615);
#6613 = CARTESIAN_POINT('',(101.5,-100.,1.585));
#6614 = DIRECTION('',(0.,0.,1.));
#6615 = DIRECTION('',(1.,0.,-0.));
#6616 = PLANE('',#6617);
#6617 = AXIS2_PLACEMENT_3D('',#6618,#6619,#6620);
#6618 = CARTESIAN_POINT('',(0.,0.,1.585));
#6619 = DIRECTION('',(0.,0.,1.));
#6620 = DIRECTION('',(1.,0.,-0.));
#6621 = SHELL_BASED_SURFACE_MODEL('',(#6622));
#6622 = OPEN_SHELL('',(#6623));
#6623 = ADVANCED_FACE('',(#6624),#6742,.T.);
#6624 = FACE_BOUND('',#6625,.F.);
#6625 = EDGE_LOOP('',(#6626,#6637,#6645,#6653,#6662,#6670,#6678,#6687,
    #6695,#6703,#6712,#6720,#6728,#6736));
#6626 = ORIENTED_EDGE('',*,*,#6627,.T.);
#6627 = EDGE_CURVE('',#6628,#6630,#6632,.T.);
#6628 = VERTEX_POINT('',#6629);
#6629 = CARTESIAN_POINT('',(91.433031,-99.62961,1.585));
#6630 = VERTEX_POINT('',#6631);
#6631 = CARTESIAN_POINT('',(91.549699,-99.69197,1.585));
#6632 = CIRCLE('',#6633,7.500000000003E-02);
#6633 = AXIS2_PLACEMENT_3D('',#6634,#6635,#6636);
#6634 = CARTESIAN_POINT('',(91.474699,-99.69197006555,1.585));
#6635 = DIRECTION('',(0.,0.,-1.));
#6636 = DIRECTION('',(-0.555573333333,0.831467540731,0.));
#6637 = ORIENTED_EDGE('',*,*,#6638,.T.);
#6638 = EDGE_CURVE('',#6630,#6639,#6641,.T.);
#6639 = VERTEX_POINT('',#6640);
#6640 = CARTESIAN_POINT('',(91.549699,-99.999125,1.585));
#6641 = LINE('',#6642,#6643);
#6642 = CARTESIAN_POINT('',(91.549699,-99.69197,1.585));
#6643 = VECTOR('',#6644,1.);
#6644 = DIRECTION('',(0.,-1.,0.));
#6645 = ORIENTED_EDGE('',*,*,#6646,.T.);
#6646 = EDGE_CURVE('',#6639,#6647,#6649,.T.);
#6647 = VERTEX_POINT('',#6648);
#6648 = CARTESIAN_POINT('',(91.871487,-100.000566,1.585));
#6649 = LINE('',#6650,#6651);
#6650 = CARTESIAN_POINT('',(91.549699,-99.999125,1.585));
#6651 = VECTOR('',#6652,1.);
#6652 = DIRECTION('',(0.999989973445,-4.478058696203E-03,0.));
#6653 = ORIENTED_EDGE('',*,*,#6654,.T.);
#6654 = EDGE_CURVE('',#6647,#6655,#6657,.T.);
#6655 = VERTEX_POINT('',#6656);
#6656 = CARTESIAN_POINT('',(91.856855,-100.149125,1.585));
#6657 = CIRCLE('',#6658,7.500006711464E-02);
#6658 = AXIS2_PLACEMENT_3D('',#6659,#6660,#6661);
#6659 = CARTESIAN_POINT('',(91.856855067115,-100.0741249328,1.585));
#6660 = DIRECTION('',(0.,0.,-1.));
#6661 = DIRECTION('',(0.195092263891,0.980784894138,0.));
#6662 = ORIENTED_EDGE('',*,*,#6663,.T.);
#6663 = EDGE_CURVE('',#6655,#6664,#6666,.T.);
#6664 = VERTEX_POINT('',#6665);
#6665 = CARTESIAN_POINT('',(91.549699,-100.149125,1.585));
#6666 = LINE('',#6667,#6668);
#6667 = CARTESIAN_POINT('',(91.856855,-100.149125,1.585));
#6668 = VECTOR('',#6669,1.);
#6669 = DIRECTION('',(-1.,0.,0.));
#6670 = ORIENTED_EDGE('',*,*,#6671,.T.);
#6671 = EDGE_CURVE('',#6664,#6672,#6674,.T.);
#6672 = VERTEX_POINT('',#6673);
#6673 = CARTESIAN_POINT('',(91.548258,-100.470912,1.585));
#6674 = LINE('',#6675,#6676);
#6675 = CARTESIAN_POINT('',(91.549699,-100.149125,1.585));
#6676 = VECTOR('',#6677,1.);
#6677 = DIRECTION('',(-4.478072612144E-03,-0.999989973383,0.));
#6678 = ORIENTED_EDGE('',*,*,#6679,.T.);
#6679 = EDGE_CURVE('',#6672,#6680,#6682,.T.);
#6680 = VERTEX_POINT('',#6681);
#6681 = CARTESIAN_POINT('',(91.399699,-100.45628,1.585));
#6682 = CIRCLE('',#6683,7.500006711465E-02);
#6683 = AXIS2_PLACEMENT_3D('',#6684,#6685,#6686);
#6684 = CARTESIAN_POINT('',(91.474699067115,-100.4562800671,1.585));
#6685 = DIRECTION('',(-0.,0.,-1.));
#6686 = DIRECTION('',(0.980784894138,-0.195092263891,-0.));
#6687 = ORIENTED_EDGE('',*,*,#6688,.T.);
#6688 = EDGE_CURVE('',#6680,#6689,#6691,.T.);
#6689 = VERTEX_POINT('',#6690);
#6690 = CARTESIAN_POINT('',(91.399699,-100.149125,1.585));
#6691 = LINE('',#6692,#6693);
#6692 = CARTESIAN_POINT('',(91.399699,-100.45628,1.585));
#6693 = VECTOR('',#6694,1.);
#6694 = DIRECTION('',(0.,1.,0.));
#6695 = ORIENTED_EDGE('',*,*,#6696,.T.);
#6696 = EDGE_CURVE('',#6689,#6697,#6699,.T.);
#6697 = VERTEX_POINT('',#6698);
#6698 = CARTESIAN_POINT('',(91.077912,-100.147684,1.585));
#6699 = LINE('',#6700,#6701);
#6700 = CARTESIAN_POINT('',(91.399699,-100.149125,1.585));
#6701 = VECTOR('',#6702,1.);
#6702 = DIRECTION('',(-0.999989973383,4.478072612144E-03,0.));
#6703 = ORIENTED_EDGE('',*,*,#6704,.T.);
#6704 = EDGE_CURVE('',#6697,#6705,#6707,.T.);
#6705 = VERTEX_POINT('',#6706);
#6706 = CARTESIAN_POINT('',(91.092544,-99.999125,1.585));
#6707 = CIRCLE('',#6708,7.500006711464E-02);
#6708 = AXIS2_PLACEMENT_3D('',#6709,#6710,#6711);
#6709 = CARTESIAN_POINT('',(91.092543932885,-100.0741250671,1.585));
#6710 = DIRECTION('',(0.,0.,-1.));
#6711 = DIRECTION('',(-0.195092263891,-0.980784894138,-0.));
#6712 = ORIENTED_EDGE('',*,*,#6713,.T.);
#6713 = EDGE_CURVE('',#6705,#6714,#6716,.T.);
#6714 = VERTEX_POINT('',#6715);
#6715 = CARTESIAN_POINT('',(91.399699,-99.999125,1.585));
#6716 = LINE('',#6717,#6718);
#6717 = CARTESIAN_POINT('',(91.092544,-99.999125,1.585));
#6718 = VECTOR('',#6719,1.);
#6719 = DIRECTION('',(1.,0.,0.));
#6720 = ORIENTED_EDGE('',*,*,#6721,.T.);
#6721 = EDGE_CURVE('',#6714,#6722,#6724,.T.);
#6722 = VERTEX_POINT('',#6723);
#6723 = CARTESIAN_POINT('',(91.40114,-99.677338,1.585));
#6724 = LINE('',#6725,#6726);
#6725 = CARTESIAN_POINT('',(91.399699,-99.999125,1.585));
#6726 = VECTOR('',#6727,1.);
#6727 = DIRECTION('',(4.478072612144E-03,0.999989973383,0.));
#6728 = ORIENTED_EDGE('',*,*,#6729,.T.);
#6729 = EDGE_CURVE('',#6722,#6730,#6732,.T.);
#6730 = VERTEX_POINT('',#6731);
#6731 = CARTESIAN_POINT('',(91.412339,-99.650302,1.585));
#6732 = LINE('',#6733,#6734);
#6733 = CARTESIAN_POINT('',(91.40114,-99.677338,1.585));
#6734 = VECTOR('',#6735,1.);
#6735 = DIRECTION('',(0.38269282806,0.923875640631,0.));
#6736 = ORIENTED_EDGE('',*,*,#6737,.T.);
#6737 = EDGE_CURVE('',#6730,#6628,#6738,.T.);
#6738 = LINE('',#6739,#6740);
#6739 = CARTESIAN_POINT('',(91.412339,-99.650302,1.585));
#6740 = VECTOR('',#6741,1.);
#6741 = DIRECTION('',(0.707106781187,0.707106781187,0.));
#6742 = PLANE('',#6743);
#6743 = AXIS2_PLACEMENT_3D('',#6744,#6745,#6746);
#6744 = CARTESIAN_POINT('',(0.,0.,1.585));
#6745 = DIRECTION('',(0.,0.,1.));
#6746 = DIRECTION('',(1.,0.,-0.));
#6747 = SHELL_BASED_SURFACE_MODEL('',(#6748));
#6748 = OPEN_SHELL('',(#6749));
#6749 = ADVANCED_FACE('',(#6750),#6786,.T.);
#6750 = FACE_BOUND('',#6751,.F.);
#6751 = EDGE_LOOP('',(#6752,#6763,#6771,#6780));
#6752 = ORIENTED_EDGE('',*,*,#6753,.T.);
#6753 = EDGE_CURVE('',#6754,#6756,#6758,.T.);
#6754 = VERTEX_POINT('',#6755);
#6755 = CARTESIAN_POINT('',(110.280824,-100.401773,1.585));
#6756 = VERTEX_POINT('',#6757);
#6757 = CARTESIAN_POINT('',(110.295456,-100.253214,1.585));
#6758 = CIRCLE('',#6759,7.500006711464E-02);
#6759 = AXIS2_PLACEMENT_3D('',#6760,#6761,#6762);
#6760 = CARTESIAN_POINT('',(110.29545593288,-100.3282140671,1.585));
#6761 = DIRECTION('',(0.,0.,-1.));
#6762 = DIRECTION('',(-0.195092263891,-0.980784894138,-0.));
#6763 = ORIENTED_EDGE('',*,*,#6764,.T.);
#6764 = EDGE_CURVE('',#6756,#6765,#6767,.T.);
#6765 = VERTEX_POINT('',#6766);
#6766 = CARTESIAN_POINT('',(111.073517,-100.254655,1.585));
#6767 = LINE('',#6768,#6769);
#6768 = CARTESIAN_POINT('',(110.295456,-100.253214,1.585));
#6769 = VECTOR('',#6770,1.);
#6770 = DIRECTION('',(0.999998284979,-1.852036702333E-03,0.));
#6771 = ORIENTED_EDGE('',*,*,#6772,.T.);
#6772 = EDGE_CURVE('',#6765,#6773,#6775,.T.);
#6773 = VERTEX_POINT('',#6774);
#6774 = CARTESIAN_POINT('',(111.058885,-100.403214,1.585));
#6775 = CIRCLE('',#6776,7.500006711464E-02);
#6776 = AXIS2_PLACEMENT_3D('',#6777,#6778,#6779);
#6777 = CARTESIAN_POINT('',(111.05888506711,-100.3282139328,1.585));
#6778 = DIRECTION('',(0.,0.,-1.));
#6779 = DIRECTION('',(0.195092263891,0.980784894138,0.));
#6780 = ORIENTED_EDGE('',*,*,#6781,.T.);
#6781 = EDGE_CURVE('',#6773,#6754,#6782,.T.);
#6782 = LINE('',#6783,#6784);
#6783 = CARTESIAN_POINT('',(111.058885,-100.403214,1.585));
#6784 = VECTOR('',#6785,1.);
#6785 = DIRECTION('',(-0.999998284979,1.852036702333E-03,0.));
#6786 = PLANE('',#6787);
#6787 = AXIS2_PLACEMENT_3D('',#6788,#6789,#6790);
#6788 = CARTESIAN_POINT('',(0.,0.,1.585));
#6789 = DIRECTION('',(0.,0.,1.));
#6790 = DIRECTION('',(1.,0.,-0.));
#6791 = SHELL_BASED_SURFACE_MODEL('',(#6792));
#6792 = OPEN_SHELL('',(#6793));
#6793 = ADVANCED_FACE('',(#6794),#6871,.T.);
#6794 = FACE_BOUND('',#6795,.F.);
#6795 = EDGE_LOOP('',(#6796,#6807,#6815,#6823,#6832,#6840,#6849,#6857,
    #6865));
#6796 = ORIENTED_EDGE('',*,*,#6797,.T.);
#6797 = EDGE_CURVE('',#6798,#6800,#6802,.T.);
#6798 = VERTEX_POINT('',#6799);
#6799 = CARTESIAN_POINT('',(99.697789,-89.830171,1.585));
#6800 = VERTEX_POINT('',#6801);
#6801 = CARTESIAN_POINT('',(99.814457,-89.892531,1.585));
#6802 = CIRCLE('',#6803,7.500000000004E-02);
#6803 = AXIS2_PLACEMENT_3D('',#6804,#6805,#6806);
#6804 = CARTESIAN_POINT('',(99.739457,-89.89253106555,1.585));
#6805 = DIRECTION('',(0.,0.,-1.));
#6806 = DIRECTION('',(-0.555573333333,0.831467540731,0.));
#6807 = ORIENTED_EDGE('',*,*,#6808,.T.);
#6808 = EDGE_CURVE('',#6800,#6809,#6811,.T.);
#6809 = VERTEX_POINT('',#6810);
#6810 = CARTESIAN_POINT('',(99.814457,-90.82124,1.585));
#6811 = LINE('',#6812,#6813);
#6812 = CARTESIAN_POINT('',(99.814457,-89.892531,1.585));
#6813 = VECTOR('',#6814,1.);
#6814 = DIRECTION('',(0.,-1.,0.));
#6815 = ORIENTED_EDGE('',*,*,#6816,.T.);
#6816 = EDGE_CURVE('',#6809,#6817,#6819,.T.);
#6817 = VERTEX_POINT('',#6818);
#6818 = CARTESIAN_POINT('',(100.232046,-90.822681,1.585));
#6819 = LINE('',#6820,#6821);
#6820 = CARTESIAN_POINT('',(99.814457,-90.82124,1.585));
#6821 = VECTOR('',#6822,1.);
#6822 = DIRECTION('',(0.999994046176,-3.450740849351E-03,0.));
#6823 = ORIENTED_EDGE('',*,*,#6824,.T.);
#6824 = EDGE_CURVE('',#6817,#6825,#6827,.T.);
#6825 = VERTEX_POINT('',#6826);
#6826 = CARTESIAN_POINT('',(100.217414,-90.97124,1.585));
#6827 = CIRCLE('',#6828,7.500006711464E-02);
#6828 = AXIS2_PLACEMENT_3D('',#6829,#6830,#6831);
#6829 = CARTESIAN_POINT('',(100.21741406711,-90.89623993288,1.585));
#6830 = DIRECTION('',(0.,0.,-1.));
#6831 = DIRECTION('',(0.195092263891,0.980784894138,0.));
#6832 = ORIENTED_EDGE('',*,*,#6833,.T.);
#6833 = EDGE_CURVE('',#6825,#6834,#6836,.T.);
#6834 = VERTEX_POINT('',#6835);
#6835 = CARTESIAN_POINT('',(99.724825,-90.969799,1.585));
#6836 = LINE('',#6837,#6838);
#6837 = CARTESIAN_POINT('',(100.217414,-90.97124,1.585));
#6838 = VECTOR('',#6839,1.);
#6839 = DIRECTION('',(-0.999995721163,2.925347164056E-03,0.));
#6840 = ORIENTED_EDGE('',*,*,#6841,.T.);
#6841 = EDGE_CURVE('',#6834,#6842,#6844,.T.);
#6842 = VERTEX_POINT('',#6843);
#6843 = CARTESIAN_POINT('',(99.664457,-90.89624,1.585));
#6844 = CIRCLE('',#6845,7.500074938983E-02);
#6845 = AXIS2_PLACEMENT_3D('',#6846,#6847,#6848);
#6846 = CARTESIAN_POINT('',(99.739457749388,-90.89623953389,1.585));
#6847 = DIRECTION('',(0.,0.,-1.));
#6848 = DIRECTION('',(-0.195101375752,-0.980783081614,-0.));
#6849 = ORIENTED_EDGE('',*,*,#6850,.T.);
#6850 = EDGE_CURVE('',#6842,#6851,#6853,.T.);
#6851 = VERTEX_POINT('',#6852);
#6852 = CARTESIAN_POINT('',(99.665898,-89.877899,1.585));
#6853 = LINE('',#6854,#6855);
#6854 = CARTESIAN_POINT('',(99.664457,-90.89624,1.585));
#6855 = VECTOR('',#6856,1.);
#6856 = DIRECTION('',(1.415045213051E-03,0.999998998823,0.));
#6857 = ORIENTED_EDGE('',*,*,#6858,.T.);
#6858 = EDGE_CURVE('',#6851,#6859,#6861,.T.);
#6859 = VERTEX_POINT('',#6860);
#6860 = CARTESIAN_POINT('',(99.677097,-89.850863,1.585));
#6861 = LINE('',#6862,#6863);
#6862 = CARTESIAN_POINT('',(99.665898,-89.877899,1.585));
#6863 = VECTOR('',#6864,1.);
#6864 = DIRECTION('',(0.38269282806,0.923875640631,0.));
#6865 = ORIENTED_EDGE('',*,*,#6866,.T.);
#6866 = EDGE_CURVE('',#6859,#6798,#6867,.T.);
#6867 = LINE('',#6868,#6869);
#6868 = CARTESIAN_POINT('',(99.677097,-89.850863,1.585));
#6869 = VECTOR('',#6870,1.);
#6870 = DIRECTION('',(0.707106781187,0.707106781187,0.));
#6871 = PLANE('',#6872);
#6872 = AXIS2_PLACEMENT_3D('',#6873,#6874,#6875);
#6873 = CARTESIAN_POINT('',(0.,0.,1.585));
#6874 = DIRECTION('',(0.,0.,1.));
#6875 = DIRECTION('',(1.,0.,-0.));
#6876 = SHELL_BASED_SURFACE_MODEL('',(#6877));
#6877 = OPEN_SHELL('',(#6878));
#6878 = ADVANCED_FACE('',(#6879),#7013,.T.);
#6879 = FACE_BOUND('',#6880,.F.);
#6880 = EDGE_LOOP('',(#6881,#6891,#6899,#6908,#6916,#6924,#6933,#6941,
    #6950,#6958,#6966,#6974,#6982,#6991,#6999,#7007));
#6881 = ORIENTED_EDGE('',*,*,#6882,.T.);
#6882 = EDGE_CURVE('',#6883,#6885,#6887,.T.);
#6883 = VERTEX_POINT('',#6884);
#6884 = CARTESIAN_POINT('',(101.693786,-89.839553,1.585));
#6885 = VERTEX_POINT('',#6886);
#6886 = CARTESIAN_POINT('',(101.732242,-89.818972,1.585));
#6887 = LINE('',#6888,#6889);
#6888 = CARTESIAN_POINT('',(101.693786,-89.839553,1.585));
#6889 = VECTOR('',#6890,1.);
#6890 = DIRECTION('',(0.881674852639,0.471857451169,0.));
#6891 = ORIENTED_EDGE('',*,*,#6892,.T.);
#6892 = EDGE_CURVE('',#6885,#6893,#6895,.T.);
#6893 = VERTEX_POINT('',#6894);
#6894 = CARTESIAN_POINT('',(101.754081,-89.818972,1.585));
#6895 = LINE('',#6896,#6897);
#6896 = CARTESIAN_POINT('',(101.732242,-89.818972,1.585));
#6897 = VECTOR('',#6898,1.);
#6898 = DIRECTION('',(1.,0.,0.));
#6899 = ORIENTED_EDGE('',*,*,#6900,.T.);
#6900 = EDGE_CURVE('',#6893,#6901,#6903,.T.);
#6901 = VERTEX_POINT('',#6902);
#6902 = CARTESIAN_POINT('',(101.821874,-89.892531,1.585));
#6903 = CIRCLE('',#6904,7.216928358238E-02);
#6904 = AXIS2_PLACEMENT_3D('',#6905,#6906,#6907);
#6905 = CARTESIAN_POINT('',(101.74972075773,-89.89100944706,1.585));
#6906 = DIRECTION('',(0.,0.,-1.));
#6907 = DIRECTION('',(6.041687057701E-02,0.998173232335,0.));
#6908 = ORIENTED_EDGE('',*,*,#6909,.T.);
#6909 = EDGE_CURVE('',#6901,#6910,#6912,.T.);
#6910 = VERTEX_POINT('',#6911);
#6911 = CARTESIAN_POINT('',(101.821874,-90.82124,1.585));
#6912 = LINE('',#6913,#6914);
#6913 = CARTESIAN_POINT('',(101.821874,-89.892531,1.585));
#6914 = VECTOR('',#6915,1.);
#6915 = DIRECTION('',(0.,-1.,0.));
#6916 = ORIENTED_EDGE('',*,*,#6917,.T.);
#6917 = EDGE_CURVE('',#6910,#6918,#6920,.T.);
#6918 = VERTEX_POINT('',#6919);
#6919 = CARTESIAN_POINT('',(102.04828,-90.822681,1.585));
#6920 = LINE('',#6921,#6922);
#6921 = CARTESIAN_POINT('',(101.821874,-90.82124,1.585));
#6922 = VECTOR('',#6923,1.);
#6923 = DIRECTION('',(0.999979746089,-6.364543404827E-03,0.));
#6924 = ORIENTED_EDGE('',*,*,#6925,.T.);
#6925 = EDGE_CURVE('',#6918,#6926,#6928,.T.);
#6926 = VERTEX_POINT('',#6927);
#6927 = CARTESIAN_POINT('',(102.033648,-90.97124,1.585));
#6928 = CIRCLE('',#6929,7.500006711464E-02);
#6929 = AXIS2_PLACEMENT_3D('',#6930,#6931,#6932);
#6930 = CARTESIAN_POINT('',(102.03364806711,-90.89623993288,1.585));
#6931 = DIRECTION('',(0.,0.,-1.));
#6932 = DIRECTION('',(0.195092263891,0.980784894138,0.));
#6933 = ORIENTED_EDGE('',*,*,#6934,.T.);
#6934 = EDGE_CURVE('',#6926,#6935,#6937,.T.);
#6935 = VERTEX_POINT('',#6936);
#6936 = CARTESIAN_POINT('',(101.445468,-90.969799,1.585));
#6937 = LINE('',#6938,#6939);
#6938 = CARTESIAN_POINT('',(102.033648,-90.97124,1.585));
#6939 = VECTOR('',#6940,1.);
#6940 = DIRECTION('',(-0.999996998934,2.449922941045E-03,0.));
#6941 = ORIENTED_EDGE('',*,*,#6942,.T.);
#6942 = EDGE_CURVE('',#6935,#6943,#6945,.T.);
#6943 = VERTEX_POINT('',#6944);
#6944 = CARTESIAN_POINT('',(101.4601,-90.82124,1.585));
#6945 = CIRCLE('',#6946,7.500006711463E-02);
#6946 = AXIS2_PLACEMENT_3D('',#6947,#6948,#6949);
#6947 = CARTESIAN_POINT('',(101.46009993288,-90.89624006711,1.585));
#6948 = DIRECTION('',(0.,0.,-1.));
#6949 = DIRECTION('',(-0.195092263891,-0.980784894138,-0.));
#6950 = ORIENTED_EDGE('',*,*,#6951,.T.);
#6951 = EDGE_CURVE('',#6943,#6952,#6954,.T.);
#6952 = VERTEX_POINT('',#6953);
#6953 = CARTESIAN_POINT('',(101.671874,-90.82124,1.585));
#6954 = LINE('',#6955,#6956);
#6955 = CARTESIAN_POINT('',(101.4601,-90.82124,1.585));
#6956 = VECTOR('',#6957,1.);
#6957 = DIRECTION('',(1.,0.,0.));
#6958 = ORIENTED_EDGE('',*,*,#6959,.T.);
#6959 = EDGE_CURVE('',#6952,#6960,#6962,.T.);
#6960 = VERTEX_POINT('',#6961);
#6961 = CARTESIAN_POINT('',(101.671874,-90.121393,1.585));
#6962 = LINE('',#6963,#6964);
#6963 = CARTESIAN_POINT('',(101.671874,-90.82124,1.585));
#6964 = VECTOR('',#6965,1.);
#6965 = DIRECTION('',(0.,1.,0.));
#6966 = ORIENTED_EDGE('',*,*,#6967,.T.);
#6967 = EDGE_CURVE('',#6960,#6968,#6970,.T.);
#6968 = VERTEX_POINT('',#6969);
#6969 = CARTESIAN_POINT('',(101.595532,-90.194627,1.585));
#6970 = LINE('',#6971,#6972);
#6971 = CARTESIAN_POINT('',(101.671874,-90.121393,1.585));
#6972 = VECTOR('',#6973,1.);
#6973 = DIRECTION('',(-0.721643795157,-0.69226456858,0.));
#6974 = ORIENTED_EDGE('',*,*,#6975,.T.);
#6975 = EDGE_CURVE('',#6968,#6976,#6978,.T.);
#6976 = VERTEX_POINT('',#6977);
#6977 = CARTESIAN_POINT('',(101.479909,-90.251642,1.585));
#6978 = LINE('',#6979,#6980);
#6979 = CARTESIAN_POINT('',(101.595532,-90.194627,1.585));
#6980 = VECTOR('',#6981,1.);
#6981 = DIRECTION('',(-0.896884906448,-0.442264021355,0.));
#6982 = ORIENTED_EDGE('',*,*,#6983,.T.);
#6983 = EDGE_CURVE('',#6976,#6984,#6986,.T.);
#6984 = VERTEX_POINT('',#6985);
#6985 = CARTESIAN_POINT('',(101.42656,-90.112223,1.585));
#6986 = CIRCLE('',#6987,7.499988101163E-02);
#6987 = AXIS2_PLACEMENT_3D('',#6988,#6989,#6990);
#6988 = CARTESIAN_POINT('',(101.46010013151,-90.17930535036,1.585));
#6989 = DIRECTION('',(0.,0.,-1.));
#6990 = DIRECTION('',(0.264118665557,-0.964490192021,0.));
#6991 = ORIENTED_EDGE('',*,*,#6992,.T.);
#6992 = EDGE_CURVE('',#6984,#6993,#6995,.T.);
#6993 = VERTEX_POINT('',#6994);
#6994 = CARTESIAN_POINT('',(101.511264,-90.069871,1.585));
#6995 = LINE('',#6996,#6997);
#6996 = CARTESIAN_POINT('',(101.42656,-90.112223,1.585));
#6997 = VECTOR('',#6998,1.);
#6998 = DIRECTION('',(0.894427191,0.4472135955,0.));
#6999 = ORIENTED_EDGE('',*,*,#7000,.T.);
#7000 = EDGE_CURVE('',#6993,#7001,#7003,.T.);
#7001 = VERTEX_POINT('',#7002);
#7002 = CARTESIAN_POINT('',(101.592998,-89.988136,1.585));
#7003 = LINE('',#7004,#7005);
#7004 = CARTESIAN_POINT('',(101.511264,-90.069871,1.585));
#7005 = VECTOR('',#7006,1.);
#7006 = DIRECTION('',(0.707102455541,0.707111106806,0.));
#7007 = ORIENTED_EDGE('',*,*,#7008,.T.);
#7008 = EDGE_CURVE('',#7001,#6883,#7009,.T.);
#7009 = LINE('',#7010,#7011);
#7010 = CARTESIAN_POINT('',(101.592998,-89.988136,1.585));
#7011 = VECTOR('',#7012,1.);
#7012 = DIRECTION('',(0.561363436522,0.827569388109,0.));
#7013 = PLANE('',#7014);
#7014 = AXIS2_PLACEMENT_3D('',#7015,#7016,#7017);
#7015 = CARTESIAN_POINT('',(0.,0.,1.585));
#7016 = DIRECTION('',(0.,0.,1.));
#7017 = DIRECTION('',(1.,0.,-0.));
#7018 = SHELL_BASED_SURFACE_MODEL('',(#7019));
#7019 = OPEN_SHELL('',(#7020));
#7020 = ADVANCED_FACE('',(#7021),#7285,.T.);
#7021 = FACE_BOUND('',#7022,.F.);
#7022 = EDGE_LOOP('',(#7023,#7033,#7041,#7049,#7058,#7066,#7074,#7083,
    #7091,#7099,#7107,#7115,#7123,#7131,#7139,#7148,#7156,#7164,#7172,
    #7180,#7189,#7197,#7205,#7214,#7222,#7230,#7238,#7246,#7254,#7262,
    #7270,#7279));
#7023 = ORIENTED_EDGE('',*,*,#7024,.T.);
#7024 = EDGE_CURVE('',#7025,#7027,#7029,.T.);
#7025 = VERTEX_POINT('',#7026);
#7026 = CARTESIAN_POINT('',(100.559945,-89.877206,1.585));
#7027 = VERTEX_POINT('',#7028);
#7028 = CARTESIAN_POINT('',(100.680738,-89.818972,1.585));
#7029 = LINE('',#7030,#7031);
#7030 = CARTESIAN_POINT('',(100.559945,-89.877206,1.585));
#7031 = VECTOR('',#7032,1.);
#7032 = DIRECTION('',(0.900784673829,0.434266014552,0.));
#7033 = ORIENTED_EDGE('',*,*,#7034,.T.);
#7034 = EDGE_CURVE('',#7027,#7035,#7037,.T.);
#7035 = VERTEX_POINT('',#7036);
#7036 = CARTESIAN_POINT('',(100.941753,-89.81826,1.585));
#7037 = LINE('',#7038,#7039);
#7038 = CARTESIAN_POINT('',(100.680738,-89.818972,1.585));
#7039 = VECTOR('',#7040,1.);
#7040 = DIRECTION('',(0.99999627954,2.727802429131E-03,0.));
#7041 = ORIENTED_EDGE('',*,*,#7042,.T.);
#7042 = EDGE_CURVE('',#7035,#7043,#7045,.T.);
#7043 = VERTEX_POINT('',#7044);
#7044 = CARTESIAN_POINT('',(101.114877,-89.87517,1.585));
#7045 = LINE('',#7046,#7047);
#7046 = CARTESIAN_POINT('',(100.941753,-89.81826,1.585));
#7047 = VECTOR('',#7048,1.);
#7048 = DIRECTION('',(0.949988779362,-0.312284035914,0.));
#7049 = ORIENTED_EDGE('',*,*,#7050,.T.);
#7050 = EDGE_CURVE('',#7043,#7051,#7053,.T.);
#7051 = VERTEX_POINT('',#7052);
#7052 = CARTESIAN_POINT('',(101.054018,-90.011478,1.585));
#7053 = CIRCLE('',#7054,7.4999731078E-02);
#7054 = AXIS2_PLACEMENT_3D('',#7055,#7056,#7057);
#7055 = CARTESIAN_POINT('',(101.07773513862,-89.94032705484,1.585));
#7056 = DIRECTION('',(0.,0.,-1.));
#7057 = DIRECTION('',(0.49522659403,0.868763846258,0.));
#7058 = ORIENTED_EDGE('',*,*,#7059,.T.);
#7059 = EDGE_CURVE('',#7051,#7060,#7062,.T.);
#7060 = VERTEX_POINT('',#7061);
#7061 = CARTESIAN_POINT('',(100.922178,-89.967531,1.585));
#7062 = LINE('',#7063,#7064);
#7063 = CARTESIAN_POINT('',(101.054018,-90.011478,1.585));
#7064 = VECTOR('',#7065,1.);
#7065 = DIRECTION('',(-0.948682578477,0.316229924729,0.));
#7066 = ORIENTED_EDGE('',*,*,#7067,.T.);
#7067 = EDGE_CURVE('',#7060,#7068,#7070,.T.);
#7068 = VERTEX_POINT('',#7069);
#7069 = CARTESIAN_POINT('',(100.713075,-89.967531,1.585));
#7070 = LINE('',#7071,#7072);
#7071 = CARTESIAN_POINT('',(100.922178,-89.967531,1.585));
#7072 = VECTOR('',#7073,1.);
#7073 = DIRECTION('',(-1.,0.,0.));
#7074 = ORIENTED_EDGE('',*,*,#7075,.T.);
#7075 = EDGE_CURVE('',#7068,#7076,#7078,.T.);
#7076 = VERTEX_POINT('',#7077);
#7077 = CARTESIAN_POINT('',(100.579187,-90.101419,1.585));
#7078 = CIRCLE('',#7079,0.187870144476);
#7079 = AXIS2_PLACEMENT_3D('',#7080,#7081,#7082);
#7080 = CARTESIAN_POINT('',(100.76087461183,-90.14921861183,1.585));
#7081 = DIRECTION('',(0.,0.,1.));
#7082 = DIRECTION('',(-0.254428993852,0.967091457458,0.));
#7083 = ORIENTED_EDGE('',*,*,#7084,.T.);
#7084 = EDGE_CURVE('',#7076,#7085,#7087,.T.);
#7085 = VERTEX_POINT('',#7086);
#7086 = CARTESIAN_POINT('',(100.579187,-90.1616,1.585));
#7087 = LINE('',#7088,#7089);
#7088 = CARTESIAN_POINT('',(100.579187,-90.101419,1.585));
#7089 = VECTOR('',#7090,1.);
#7090 = DIRECTION('',(0.,-1.,0.));
#7091 = ORIENTED_EDGE('',*,*,#7092,.T.);
#7092 = EDGE_CURVE('',#7085,#7093,#7095,.T.);
#7093 = VERTEX_POINT('',#7094);
#7094 = CARTESIAN_POINT('',(100.613621,-90.230469,1.585));
#7095 = LINE('',#7096,#7097);
#7096 = CARTESIAN_POINT('',(100.579187,-90.1616,1.585));
#7097 = VECTOR('',#7098,1.);
#7098 = DIRECTION('',(0.447208400529,-0.894429788466,0.));
#7099 = ORIENTED_EDGE('',*,*,#7100,.T.);
#7100 = EDGE_CURVE('',#7093,#7101,#7103,.T.);
#7101 = VERTEX_POINT('',#7102);
#7102 = CARTESIAN_POINT('',(100.644205,-90.261052,1.585));
#7103 = LINE('',#7104,#7105);
#7104 = CARTESIAN_POINT('',(100.613621,-90.230469,1.585));
#7105 = VECTOR('',#7106,1.);
#7106 = DIRECTION('',(0.707118341358,-0.707095220826,0.));
#7107 = ORIENTED_EDGE('',*,*,#7108,.T.);
#7108 = EDGE_CURVE('',#7101,#7109,#7111,.T.);
#7109 = VERTEX_POINT('',#7110);
#7110 = CARTESIAN_POINT('',(100.721546,-90.299723,1.585));
#7111 = LINE('',#7112,#7113);
#7112 = CARTESIAN_POINT('',(100.644205,-90.261052,1.585));
#7113 = VECTOR('',#7114,1.);
#7114 = DIRECTION('',(0.89442487805,-0.447218221371,0.));
#7115 = ORIENTED_EDGE('',*,*,#7116,.T.);
#7116 = EDGE_CURVE('',#7109,#7117,#7119,.T.);
#7117 = VERTEX_POINT('',#7118);
#7118 = CARTESIAN_POINT('',(100.920094,-90.351202,1.585));
#7119 = LINE('',#7120,#7121);
#7120 = CARTESIAN_POINT('',(100.721546,-90.299723,1.585));
#7121 = VECTOR('',#7122,1.);
#7122 = DIRECTION('',(0.967992643055,-0.250978570783,0.));
#7123 = ORIENTED_EDGE('',*,*,#7124,.T.);
#7124 = EDGE_CURVE('',#7117,#7125,#7127,.T.);
#7125 = VERTEX_POINT('',#7126);
#7126 = CARTESIAN_POINT('',(101.029427,-90.408327,1.585));
#7127 = LINE('',#7128,#7129);
#7128 = CARTESIAN_POINT('',(100.920094,-90.351202,1.585));
#7129 = VECTOR('',#7130,1.);
#7130 = DIRECTION('',(0.886313093903,-0.463086492543,0.));
#7131 = ORIENTED_EDGE('',*,*,#7132,.T.);
#7132 = EDGE_CURVE('',#7125,#7133,#7135,.T.);
#7133 = VERTEX_POINT('',#7134);
#7134 = CARTESIAN_POINT('',(101.093059,-90.474039,1.585));
#7135 = LINE('',#7136,#7137);
#7136 = CARTESIAN_POINT('',(101.029427,-90.408327,1.585));
#7137 = VECTOR('',#7138,1.);
#7138 = DIRECTION('',(0.695645750089,-0.718384987582,0.));
#7139 = ORIENTED_EDGE('',*,*,#7140,.T.);
#7140 = EDGE_CURVE('',#7133,#7141,#7143,.T.);
#7141 = VERTEX_POINT('',#7142);
#7142 = CARTESIAN_POINT('',(101.087693,-90.847931,1.585));
#7143 = CIRCLE('',#7144,0.29181149502);
#7144 = AXIS2_PLACEMENT_3D('',#7145,#7146,#7147);
#7145 = CARTESIAN_POINT('',(100.86635009533,-90.65776983892,1.585));
#7146 = DIRECTION('',(0.,0.,-1.));
#7147 = DIRECTION('',(0.776901899109,0.62962166351,0.));
#7148 = ORIENTED_EDGE('',*,*,#7149,.T.);
#7149 = EDGE_CURVE('',#7141,#7150,#7152,.T.);
#7150 = VERTEX_POINT('',#7151);
#7151 = CARTESIAN_POINT('',(101.021984,-90.911562,1.585));
#7152 = LINE('',#7153,#7154);
#7153 = CARTESIAN_POINT('',(101.087693,-90.847931,1.585));
#7154 = VECTOR('',#7155,1.);
#7155 = DIRECTION('',(-0.718374579302,-0.695656498433,0.));
#7156 = ORIENTED_EDGE('',*,*,#7157,.T.);
#7157 = EDGE_CURVE('',#7150,#7158,#7160,.T.);
#7158 = VERTEX_POINT('',#7159);
#7159 = CARTESIAN_POINT('',(100.901185,-90.969799,1.585));
#7160 = LINE('',#7161,#7162);
#7161 = CARTESIAN_POINT('',(101.021984,-90.911562,1.585));
#7162 = VECTOR('',#7163,1.);
#7163 = DIRECTION('',(-0.9007843605,-0.434266664479,0.));
#7164 = ORIENTED_EDGE('',*,*,#7165,.T.);
#7165 = EDGE_CURVE('',#7158,#7166,#7168,.T.);
#7166 = VERTEX_POINT('',#7167);
#7167 = CARTESIAN_POINT('',(100.63111,-90.96904,1.585));
#7168 = LINE('',#7169,#7170);
#7169 = CARTESIAN_POINT('',(100.901185,-90.969799,1.585));
#7170 = VECTOR('',#7171,1.);
#7171 = DIRECTION('',(-0.999996051045,2.810319365846E-03,0.));
#7172 = ORIENTED_EDGE('',*,*,#7173,.T.);
#7173 = EDGE_CURVE('',#7166,#7174,#7176,.T.);
#7174 = VERTEX_POINT('',#7175);
#7175 = CARTESIAN_POINT('',(100.467045,-90.913602,1.585));
#7176 = LINE('',#7177,#7178);
#7177 = CARTESIAN_POINT('',(100.63111,-90.96904,1.585));
#7178 = VECTOR('',#7179,1.);
#7179 = DIRECTION('',(-0.947376635985,0.320121085824,0.));
#7180 = ORIENTED_EDGE('',*,*,#7181,.T.);
#7181 = EDGE_CURVE('',#7174,#7182,#7184,.T.);
#7182 = VERTEX_POINT('',#7183);
#7183 = CARTESIAN_POINT('',(100.527904,-90.777294,1.585));
#7184 = CIRCLE('',#7185,7.4999731078E-02);
#7185 = AXIS2_PLACEMENT_3D('',#7186,#7187,#7188);
#7186 = CARTESIAN_POINT('',(100.50418686137,-90.84844494516,1.585));
#7187 = DIRECTION('',(0.,0.,-1.));
#7188 = DIRECTION('',(-0.49522659403,-0.868763846258,-0.));
#7189 = ORIENTED_EDGE('',*,*,#7190,.T.);
#7190 = EDGE_CURVE('',#7182,#7191,#7193,.T.);
#7191 = VERTEX_POINT('',#7192);
#7192 = CARTESIAN_POINT('',(100.659744,-90.82124,1.585));
#7193 = LINE('',#7194,#7195);
#7194 = CARTESIAN_POINT('',(100.527904,-90.777294,1.585));
#7195 = VECTOR('',#7196,1.);
#7196 = DIRECTION('',(0.948684737186,-0.316223448577,0.));
#7197 = ORIENTED_EDGE('',*,*,#7198,.T.);
#7198 = EDGE_CURVE('',#7191,#7199,#7201,.T.);
#7199 = VERTEX_POINT('',#7200);
#7200 = CARTESIAN_POINT('',(100.868848,-90.82124,1.585));
#7201 = LINE('',#7202,#7203);
#7202 = CARTESIAN_POINT('',(100.659744,-90.82124,1.585));
#7203 = VECTOR('',#7204,1.);
#7204 = DIRECTION('',(1.,0.,0.));
#7205 = ORIENTED_EDGE('',*,*,#7206,.T.);
#7206 = EDGE_CURVE('',#7199,#7207,#7209,.T.);
#7207 = VERTEX_POINT('',#7208);
#7208 = CARTESIAN_POINT('',(101.002735,-90.687353,1.585));
#7209 = CIRCLE('',#7210,0.187873179541);
#7210 = AXIS2_PLACEMENT_3D('',#7211,#7212,#7213);
#7211 = CARTESIAN_POINT('',(100.8210451118,-90.6395501118,1.585));
#7212 = DIRECTION('',(0.,0.,1.));
#7213 = DIRECTION('',(0.254442322788,-0.967087950692,0.));
#7214 = ORIENTED_EDGE('',*,*,#7215,.T.);
#7215 = EDGE_CURVE('',#7207,#7216,#7218,.T.);
#7216 = VERTEX_POINT('',#7217);
#7217 = CARTESIAN_POINT('',(101.002735,-90.62717,1.585));
#7218 = LINE('',#7219,#7220);
#7219 = CARTESIAN_POINT('',(101.002735,-90.687353,1.585));
#7220 = VECTOR('',#7221,1.);
#7221 = DIRECTION('',(0.,1.,0.));
#7222 = ORIENTED_EDGE('',*,*,#7223,.T.);
#7223 = EDGE_CURVE('',#7216,#7224,#7226,.T.);
#7224 = VERTEX_POINT('',#7225);
#7225 = CARTESIAN_POINT('',(100.9683,-90.558301,1.585));
#7226 = LINE('',#7227,#7228);
#7227 = CARTESIAN_POINT('',(101.002735,-90.62717,1.585));
#7228 = VECTOR('',#7229,1.);
#7229 = DIRECTION('',(-0.447218790425,0.894424593518,0.));
#7230 = ORIENTED_EDGE('',*,*,#7231,.T.);
#7231 = EDGE_CURVE('',#7224,#7232,#7234,.T.);
#7232 = VERTEX_POINT('',#7233);
#7233 = CARTESIAN_POINT('',(100.937717,-90.527718,1.585));
#7234 = LINE('',#7235,#7236);
#7235 = CARTESIAN_POINT('',(100.9683,-90.558301,1.585));
#7236 = VECTOR('',#7237,1.);
#7237 = DIRECTION('',(-0.707106781186,0.707106781187,0.));
#7238 = ORIENTED_EDGE('',*,*,#7239,.T.);
#7239 = EDGE_CURVE('',#7232,#7240,#7242,.T.);
#7240 = VERTEX_POINT('',#7241);
#7241 = CARTESIAN_POINT('',(100.860377,-90.489048,1.585));
#7242 = LINE('',#7243,#7244);
#7243 = CARTESIAN_POINT('',(100.937717,-90.527718,1.585));
#7244 = VECTOR('',#7245,1.);
#7245 = DIRECTION('',(-0.894427191,0.4472135955,0.));
#7246 = ORIENTED_EDGE('',*,*,#7247,.T.);
#7247 = EDGE_CURVE('',#7240,#7248,#7250,.T.);
#7248 = VERTEX_POINT('',#7249);
#7249 = CARTESIAN_POINT('',(100.661829,-90.43757,1.585));
#7250 = LINE('',#7251,#7252);
#7251 = CARTESIAN_POINT('',(100.860377,-90.489048,1.585));
#7252 = VECTOR('',#7253,1.);
#7253 = DIRECTION('',(-0.967993827491,0.250974002516,0.));
#7254 = ORIENTED_EDGE('',*,*,#7255,.T.);
#7255 = EDGE_CURVE('',#7248,#7256,#7258,.T.);
#7256 = VERTEX_POINT('',#7257);
#7257 = CARTESIAN_POINT('',(100.552498,-90.380446,1.585));
#7258 = LINE('',#7259,#7260);
#7259 = CARTESIAN_POINT('',(100.661829,-90.43757,1.585));
#7260 = VECTOR('',#7261,1.);
#7261 = DIRECTION('',(-0.886312944265,0.463086778939,0.));
#7262 = ORIENTED_EDGE('',*,*,#7263,.T.);
#7263 = EDGE_CURVE('',#7256,#7264,#7266,.T.);
#7264 = VERTEX_POINT('',#7265);
#7265 = CARTESIAN_POINT('',(100.488865,-90.314737,1.585));
#7266 = LINE('',#7267,#7268);
#7267 = CARTESIAN_POINT('',(100.552498,-90.380446,1.585));
#7268 = VECTOR('',#7269,1.);
#7269 = DIRECTION('',(-0.695667782044,0.718363652356,0.));
#7270 = ORIENTED_EDGE('',*,*,#7271,.T.);
#7271 = EDGE_CURVE('',#7264,#7272,#7274,.T.);
#7272 = VERTEX_POINT('',#7273);
#7273 = CARTESIAN_POINT('',(100.494229,-89.940842,1.585));
#7274 = CIRCLE('',#7275,0.291814124592);
#7275 = AXIS2_PLACEMENT_3D('',#7276,#7277,#7278);
#7276 = CARTESIAN_POINT('',(100.71557510724,-90.13100346854,1.585));
#7277 = DIRECTION('',(0.,0.,-1.));
#7278 = DIRECTION('',(-0.776899019421,-0.629625216794,-0.));
#7279 = ORIENTED_EDGE('',*,*,#7280,.T.);
#7280 = EDGE_CURVE('',#7272,#7025,#7281,.T.);
#7281 = LINE('',#7282,#7283);
#7282 = CARTESIAN_POINT('',(100.494229,-89.940842,1.585));
#7283 = VECTOR('',#7284,1.);
#7284 = DIRECTION('',(0.718384295895,0.695646464385,0.));
#7285 = PLANE('',#7286);
#7286 = AXIS2_PLACEMENT_3D('',#7287,#7288,#7289);
#7287 = CARTESIAN_POINT('',(0.,0.,1.585));
#7288 = DIRECTION('',(0.,0.,1.));
#7289 = DIRECTION('',(1.,0.,-0.));
#7290 = SHELL_BASED_SURFACE_MODEL('',(#7291));
#7291 = OPEN_SHELL('',(#7292));
#7292 = ADVANCED_FACE('',(#7293,#7363),#7397,.T.);
#7293 = FACE_BOUND('',#7294,.F.);
#7294 = EDGE_LOOP('',(#7295,#7306,#7314,#7323,#7331,#7340,#7348,#7357));
#7295 = ORIENTED_EDGE('',*,*,#7296,.T.);
#7296 = EDGE_CURVE('',#7297,#7299,#7301,.T.);
#7297 = VERTEX_POINT('',#7298);
#7298 = CARTESIAN_POINT('',(95.55,-57.44,1.585));
#7299 = VERTEX_POINT('',#7300);
#7300 = CARTESIAN_POINT('',(95.61,-57.38,1.585));
#7301 = CIRCLE('',#7302,5.999932016262E-02);
#7302 = AXIS2_PLACEMENT_3D('',#7303,#7304,#7305);
#7303 = CARTESIAN_POINT('',(95.609999320159,-57.43999932015,1.585));
#7304 = DIRECTION('',(0.,0.,-1.));
#7305 = DIRECTION('',(-0.999999999936,-1.133081541087E-05,-0.));
#7306 = ORIENTED_EDGE('',*,*,#7307,.T.);
#7307 = EDGE_CURVE('',#7299,#7308,#7310,.T.);
#7308 = VERTEX_POINT('',#7309);
#7309 = CARTESIAN_POINT('',(98.37,-57.38,1.585));
#7310 = LINE('',#7311,#7312);
#7311 = CARTESIAN_POINT('',(95.61,-57.38,1.585));
#7312 = VECTOR('',#7313,1.);
#7313 = DIRECTION('',(1.,0.,0.));
#7314 = ORIENTED_EDGE('',*,*,#7315,.T.);
#7315 = EDGE_CURVE('',#7308,#7316,#7318,.T.);
#7316 = VERTEX_POINT('',#7317);
#7317 = CARTESIAN_POINT('',(98.43,-57.44,1.585));
#7318 = CIRCLE('',#7319,5.999932016259E-02);
#7319 = AXIS2_PLACEMENT_3D('',#7320,#7321,#7322);
#7320 = CARTESIAN_POINT('',(98.370000679841,-57.43999932015,1.585));
#7321 = DIRECTION('',(0.,0.,-1.));
#7322 = DIRECTION('',(-1.133081612142E-05,0.999999999936,0.));
#7323 = ORIENTED_EDGE('',*,*,#7324,.T.);
#7324 = EDGE_CURVE('',#7316,#7325,#7327,.T.);
#7325 = VERTEX_POINT('',#7326);
#7326 = CARTESIAN_POINT('',(98.43,-75.33,1.585));
#7327 = LINE('',#7328,#7329);
#7328 = CARTESIAN_POINT('',(98.43,-57.44,1.585));
#7329 = VECTOR('',#7330,1.);
#7330 = DIRECTION('',(0.,-1.,0.));
#7331 = ORIENTED_EDGE('',*,*,#7332,.T.);
#7332 = EDGE_CURVE('',#7325,#7333,#7335,.T.);
#7333 = VERTEX_POINT('',#7334);
#7334 = CARTESIAN_POINT('',(98.37,-75.39,1.585));
#7335 = CIRCLE('',#7336,5.999932016264E-02);
#7336 = AXIS2_PLACEMENT_3D('',#7337,#7338,#7339);
#7337 = CARTESIAN_POINT('',(98.370000679841,-75.33000067984,1.585));
#7338 = DIRECTION('',(0.,0.,-1.));
#7339 = DIRECTION('',(0.999999999936,1.133081517402E-05,0.));
#7340 = ORIENTED_EDGE('',*,*,#7341,.T.);
#7341 = EDGE_CURVE('',#7333,#7342,#7344,.T.);
#7342 = VERTEX_POINT('',#7343);
#7343 = CARTESIAN_POINT('',(95.61,-75.39,1.585));
#7344 = LINE('',#7345,#7346);
#7345 = CARTESIAN_POINT('',(98.37,-75.39,1.585));
#7346 = VECTOR('',#7347,1.);
#7347 = DIRECTION('',(-1.,0.,0.));
#7348 = ORIENTED_EDGE('',*,*,#7349,.T.);
#7349 = EDGE_CURVE('',#7342,#7350,#7352,.T.);
#7350 = VERTEX_POINT('',#7351);
#7351 = CARTESIAN_POINT('',(95.55,-75.33,1.585));
#7352 = CIRCLE('',#7353,5.99993201626E-02);
#7353 = AXIS2_PLACEMENT_3D('',#7354,#7355,#7356);
#7354 = CARTESIAN_POINT('',(95.609999320159,-75.33000067984,1.585));
#7355 = DIRECTION('',(0.,0.,-1.));
#7356 = DIRECTION('',(1.133081588458E-05,-0.999999999936,0.));
#7357 = ORIENTED_EDGE('',*,*,#7358,.T.);
#7358 = EDGE_CURVE('',#7350,#7297,#7359,.T.);
#7359 = LINE('',#7360,#7361);
#7360 = CARTESIAN_POINT('',(95.55,-75.33,1.585));
#7361 = VECTOR('',#7362,1.);
#7362 = DIRECTION('',(0.,1.,0.));
#7363 = FACE_BOUND('',#7364,.F.);
#7364 = EDGE_LOOP('',(#7365,#7375,#7383,#7391));
#7365 = ORIENTED_EDGE('',*,*,#7366,.T.);
#7366 = EDGE_CURVE('',#7367,#7369,#7371,.T.);
#7367 = VERTEX_POINT('',#7368);
#7368 = CARTESIAN_POINT('',(98.31,-75.27,1.585));
#7369 = VERTEX_POINT('',#7370);
#7370 = CARTESIAN_POINT('',(98.31,-57.5,1.585));
#7371 = LINE('',#7372,#7373);
#7372 = CARTESIAN_POINT('',(98.31,-75.27,1.585));
#7373 = VECTOR('',#7374,1.);
#7374 = DIRECTION('',(0.,1.,0.));
#7375 = ORIENTED_EDGE('',*,*,#7376,.T.);
#7376 = EDGE_CURVE('',#7369,#7377,#7379,.T.);
#7377 = VERTEX_POINT('',#7378);
#7378 = CARTESIAN_POINT('',(95.67,-57.5,1.585));
#7379 = LINE('',#7380,#7381);
#7380 = CARTESIAN_POINT('',(98.31,-57.5,1.585));
#7381 = VECTOR('',#7382,1.);
#7382 = DIRECTION('',(-1.,0.,0.));
#7383 = ORIENTED_EDGE('',*,*,#7384,.T.);
#7384 = EDGE_CURVE('',#7377,#7385,#7387,.T.);
#7385 = VERTEX_POINT('',#7386);
#7386 = CARTESIAN_POINT('',(95.67,-75.27,1.585));
#7387 = LINE('',#7388,#7389);
#7388 = CARTESIAN_POINT('',(95.67,-57.5,1.585));
#7389 = VECTOR('',#7390,1.);
#7390 = DIRECTION('',(0.,-1.,0.));
#7391 = ORIENTED_EDGE('',*,*,#7392,.T.);
#7392 = EDGE_CURVE('',#7385,#7367,#7393,.T.);
#7393 = LINE('',#7394,#7395);
#7394 = CARTESIAN_POINT('',(95.67,-75.27,1.585));
#7395 = VECTOR('',#7396,1.);
#7396 = DIRECTION('',(1.,0.,0.));
#7397 = PLANE('',#7398);
#7398 = AXIS2_PLACEMENT_3D('',#7399,#7400,#7401);
#7399 = CARTESIAN_POINT('',(0.,0.,1.585));
#7400 = DIRECTION('',(0.,0.,1.));
#7401 = DIRECTION('',(1.,0.,-0.));
#7402 = SHELL_BASED_SURFACE_MODEL('',(#7403));
#7403 = OPEN_SHELL('',(#7404));
#7404 = ADVANCED_FACE('',(#7405),#7474,.T.);
#7405 = FACE_BOUND('',#7406,.F.);
#7406 = EDGE_LOOP('',(#7407,#7418,#7426,#7434,#7443,#7451,#7460,#7468));
#7407 = ORIENTED_EDGE('',*,*,#7408,.T.);
#7408 = EDGE_CURVE('',#7409,#7411,#7413,.T.);
#7409 = VERTEX_POINT('',#7410);
#7410 = CARTESIAN_POINT('',(166.109502,-69.363494,1.585));
#7411 = VERTEX_POINT('',#7412);
#7412 = CARTESIAN_POINT('',(166.224935,-69.386455,1.585));
#7413 = CIRCLE('',#7414,6.000007318647E-02);
#7414 = AXIS2_PLACEMENT_3D('',#7415,#7416,#7417);
#7415 = CARTESIAN_POINT('',(166.16493492681,-69.38645482331,1.585));
#7416 = DIRECTION('',(0.,0.,-1.));
#7417 = DIRECTION('',(-0.923880986637,0.382679921777,0.));
#7418 = ORIENTED_EDGE('',*,*,#7419,.T.);
#7419 = EDGE_CURVE('',#7411,#7420,#7422,.T.);
#7420 = VERTEX_POINT('',#7421);
#7421 = CARTESIAN_POINT('',(166.224935,-70.326455,1.585));
#7422 = LINE('',#7423,#7424);
#7423 = CARTESIAN_POINT('',(166.224935,-69.386455,1.585));
#7424 = VECTOR('',#7425,1.);
#7425 = DIRECTION('',(0.,-1.,0.));
#7426 = ORIENTED_EDGE('',*,*,#7427,.T.);
#7427 = EDGE_CURVE('',#7420,#7428,#7430,.T.);
#7428 = VERTEX_POINT('',#7429);
#7429 = CARTESIAN_POINT('',(166.454935,-70.326455,1.585));
#7430 = LINE('',#7431,#7432);
#7431 = CARTESIAN_POINT('',(166.224935,-70.326455,1.585));
#7432 = VECTOR('',#7433,1.);
#7433 = DIRECTION('',(1.,0.,0.));
#7434 = ORIENTED_EDGE('',*,*,#7435,.T.);
#7435 = EDGE_CURVE('',#7428,#7436,#7438,.T.);
#7436 = VERTEX_POINT('',#7437);
#7437 = CARTESIAN_POINT('',(166.454935,-70.446455,1.585));
#7438 = CIRCLE('',#7439,6.000000000043E-02);
#7439 = AXIS2_PLACEMENT_3D('',#7440,#7441,#7442);
#7440 = CARTESIAN_POINT('',(166.45493522558,-70.386455,1.585));
#7441 = DIRECTION('',(0.,0.,-1.));
#7442 = DIRECTION('',(-3.759793779988E-06,0.999999999993,-0.));
#7443 = ORIENTED_EDGE('',*,*,#7444,.T.);
#7444 = EDGE_CURVE('',#7436,#7445,#7447,.T.);
#7445 = VERTEX_POINT('',#7446);
#7446 = CARTESIAN_POINT('',(166.164935,-70.446455,1.585));
#7447 = LINE('',#7448,#7449);
#7448 = CARTESIAN_POINT('',(166.454935,-70.446455,1.585));
#7449 = VECTOR('',#7450,1.);
#7450 = DIRECTION('',(-1.,0.,0.));
#7451 = ORIENTED_EDGE('',*,*,#7452,.T.);
#7452 = EDGE_CURVE('',#7445,#7453,#7455,.T.);
#7453 = VERTEX_POINT('',#7454);
#7454 = CARTESIAN_POINT('',(166.104935,-70.386455,1.585));
#7455 = CIRCLE('',#7456,5.999932016256E-02);
#7456 = AXIS2_PLACEMENT_3D('',#7457,#7458,#7459);
#7457 = CARTESIAN_POINT('',(166.16493432015,-70.38645567984,1.585));
#7458 = DIRECTION('',(0.,0.,-1.));
#7459 = DIRECTION('',(1.133081659513E-05,-0.999999999936,0.));
#7460 = ORIENTED_EDGE('',*,*,#7461,.T.);
#7461 = EDGE_CURVE('',#7453,#7462,#7464,.T.);
#7462 = VERTEX_POINT('',#7463);
#7463 = CARTESIAN_POINT('',(166.104935,-69.386455,1.585));
#7464 = LINE('',#7465,#7466);
#7465 = CARTESIAN_POINT('',(166.104935,-70.386455,1.585));
#7466 = VECTOR('',#7467,1.);
#7467 = DIRECTION('',(0.,1.,0.));
#7468 = ORIENTED_EDGE('',*,*,#7469,.T.);
#7469 = EDGE_CURVE('',#7462,#7409,#7470,.T.);
#7470 = LINE('',#7471,#7472);
#7471 = CARTESIAN_POINT('',(166.104935,-69.386455,1.585));
#7472 = VECTOR('',#7473,1.);
#7473 = DIRECTION('',(0.195081000117,0.980787134598,0.));
#7474 = PLANE('',#7475);
#7475 = AXIS2_PLACEMENT_3D('',#7476,#7477,#7478);
#7476 = CARTESIAN_POINT('',(0.,0.,1.585));
#7477 = DIRECTION('',(0.,0.,1.));
#7478 = DIRECTION('',(1.,0.,-0.));
#7479 = SHELL_BASED_SURFACE_MODEL('',(#7480));
#7480 = OPEN_SHELL('',(#7481));
#7481 = ADVANCED_FACE('',(#7482,#7664),#7714,.T.);
#7482 = FACE_BOUND('',#7483,.F.);
#7483 = EDGE_LOOP('',(#7484,#7495,#7503,#7512,#7520,#7528,#7536,#7544,
    #7552,#7560,#7568,#7576,#7584,#7592,#7600,#7608,#7616,#7625,#7633,
    #7642,#7650,#7658));
#7484 = ORIENTED_EDGE('',*,*,#7485,.T.);
#7485 = EDGE_CURVE('',#7486,#7488,#7490,.T.);
#7486 = VERTEX_POINT('',#7487);
#7487 = CARTESIAN_POINT('',(168.664935,-67.146455,1.585));
#7488 = VERTEX_POINT('',#7489);
#7489 = CARTESIAN_POINT('',(168.664935,-67.026455,1.585));
#7490 = CIRCLE('',#7491,6.000000000043E-02);
#7491 = AXIS2_PLACEMENT_3D('',#7492,#7493,#7494);
#7492 = CARTESIAN_POINT('',(168.66493477441,-67.086455,1.585));
#7493 = DIRECTION('',(0.,0.,-1.));
#7494 = DIRECTION('',(3.759794253684E-06,-0.999999999993,0.));
#7495 = ORIENTED_EDGE('',*,*,#7496,.T.);
#7496 = EDGE_CURVE('',#7488,#7497,#7499,.T.);
#7497 = VERTEX_POINT('',#7498);
#7498 = CARTESIAN_POINT('',(168.954935,-67.026455,1.585));
#7499 = LINE('',#7500,#7501);
#7500 = CARTESIAN_POINT('',(168.664935,-67.026455,1.585));
#7501 = VECTOR('',#7502,1.);
#7502 = DIRECTION('',(1.,0.,0.));
#7503 = ORIENTED_EDGE('',*,*,#7504,.T.);
#7504 = EDGE_CURVE('',#7497,#7505,#7507,.T.);
#7505 = VERTEX_POINT('',#7506);
#7506 = CARTESIAN_POINT('',(169.014935,-67.086455,1.585));
#7507 = CIRCLE('',#7508,5.999932016263E-02);
#7508 = AXIS2_PLACEMENT_3D('',#7509,#7510,#7511);
#7509 = CARTESIAN_POINT('',(168.95493567984,-67.08645432015,1.585));
#7510 = DIRECTION('',(0.,0.,-1.));
#7511 = DIRECTION('',(-1.133081564772E-05,0.999999999936,0.));
#7512 = ORIENTED_EDGE('',*,*,#7513,.T.);
#7513 = EDGE_CURVE('',#7505,#7514,#7516,.T.);
#7514 = VERTEX_POINT('',#7515);
#7515 = CARTESIAN_POINT('',(169.014935,-67.676455,1.585));
#7516 = LINE('',#7517,#7518);
#7517 = CARTESIAN_POINT('',(169.014935,-67.086455,1.585));
#7518 = VECTOR('',#7519,1.);
#7519 = DIRECTION('',(0.,-1.,0.));
#7520 = ORIENTED_EDGE('',*,*,#7521,.T.);
#7521 = EDGE_CURVE('',#7514,#7522,#7524,.T.);
#7522 = VERTEX_POINT('',#7523);
#7523 = CARTESIAN_POINT('',(169.274935,-67.676455,1.585));
#7524 = LINE('',#7525,#7526);
#7525 = CARTESIAN_POINT('',(169.014935,-67.676455,1.585));
#7526 = VECTOR('',#7527,1.);
#7527 = DIRECTION('',(1.,0.,0.));
#7528 = ORIENTED_EDGE('',*,*,#7529,.T.);
#7529 = EDGE_CURVE('',#7522,#7530,#7532,.T.);
#7530 = VERTEX_POINT('',#7531);
#7531 = CARTESIAN_POINT('',(169.305175,-67.684633,1.585));
#7532 = LINE('',#7533,#7534);
#7533 = CARTESIAN_POINT('',(169.274935,-67.676455,1.585));
#7534 = VECTOR('',#7535,1.);
#7535 = DIRECTION('',(0.965322962776,-0.261058571084,0.));
#7536 = ORIENTED_EDGE('',*,*,#7537,.T.);
#7537 = EDGE_CURVE('',#7530,#7538,#7540,.T.);
#7538 = VERTEX_POINT('',#7539);
#7539 = CARTESIAN_POINT('',(169.322705,-67.70015,1.585));
#7540 = LINE('',#7541,#7542);
#7541 = CARTESIAN_POINT('',(169.305175,-67.684633,1.585));
#7542 = VECTOR('',#7543,1.);
#7543 = DIRECTION('',(0.748791069894,-0.66280610562,0.));
#7544 = ORIENTED_EDGE('',*,*,#7545,.T.);
#7545 = EDGE_CURVE('',#7538,#7546,#7548,.T.);
#7546 = VERTEX_POINT('',#7547);
#7547 = CARTESIAN_POINT('',(169.710368,-68.213494,1.585));
#7548 = LINE('',#7549,#7550);
#7549 = CARTESIAN_POINT('',(169.322705,-67.70015,1.585));
#7550 = VECTOR('',#7551,1.);
#7551 = DIRECTION('',(0.602638206184,-0.798014531476,0.));
#7552 = ORIENTED_EDGE('',*,*,#7553,.T.);
#7553 = EDGE_CURVE('',#7546,#7554,#7556,.T.);
#7554 = VERTEX_POINT('',#7555);
#7555 = CARTESIAN_POINT('',(169.714935,-68.236455,1.585));
#7556 = LINE('',#7557,#7558);
#7557 = CARTESIAN_POINT('',(169.710368,-68.213494,1.585));
#7558 = VECTOR('',#7559,1.);
#7559 = DIRECTION('',(0.195081000118,-0.980787134598,0.));
#7560 = ORIENTED_EDGE('',*,*,#7561,.T.);
#7561 = EDGE_CURVE('',#7554,#7562,#7564,.T.);
#7562 = VERTEX_POINT('',#7563);
#7563 = CARTESIAN_POINT('',(169.712962,-69.251716,1.585));
#7564 = LINE('',#7565,#7566);
#7565 = CARTESIAN_POINT('',(169.714935,-68.236455,1.585));
#7566 = VECTOR('',#7567,1.);
#7567 = DIRECTION('',(-1.943338978259E-03,-0.999998111715,0.));
#7568 = ORIENTED_EDGE('',*,*,#7569,.T.);
#7569 = EDGE_CURVE('',#7562,#7570,#7572,.T.);
#7570 = VERTEX_POINT('',#7571);
#7571 = CARTESIAN_POINT('',(169.702705,-69.27276,1.585));
#7572 = LINE('',#7573,#7574);
#7573 = CARTESIAN_POINT('',(169.712962,-69.251716,1.585));
#7574 = VECTOR('',#7575,1.);
#7575 = DIRECTION('',(-0.438134944871,-0.898909211257,0.));
#7576 = ORIENTED_EDGE('',*,*,#7577,.T.);
#7577 = EDGE_CURVE('',#7570,#7578,#7580,.T.);
#7578 = VERTEX_POINT('',#7579);
#7579 = CARTESIAN_POINT('',(169.322705,-69.77276,1.585));
#7580 = LINE('',#7581,#7582);
#7581 = CARTESIAN_POINT('',(169.702705,-69.27276,1.585));
#7582 = VECTOR('',#7583,1.);
#7583 = DIRECTION('',(-0.605083267534,-0.796162194123,0.));
#7584 = ORIENTED_EDGE('',*,*,#7585,.T.);
#7585 = EDGE_CURVE('',#7578,#7586,#7588,.T.);
#7586 = VERTEX_POINT('',#7587);
#7587 = CARTESIAN_POINT('',(169.297896,-69.791888,1.585));
#7588 = LINE('',#7589,#7590);
#7589 = CARTESIAN_POINT('',(169.322705,-69.77276,1.585));
#7590 = VECTOR('',#7591,1.);
#7591 = DIRECTION('',(-0.791942342665,-0.610595877725,0.));
#7592 = ORIENTED_EDGE('',*,*,#7593,.T.);
#7593 = EDGE_CURVE('',#7586,#7594,#7596,.T.);
#7594 = VERTEX_POINT('',#7595);
#7595 = CARTESIAN_POINT('',(169.274935,-69.796455,1.585));
#7596 = LINE('',#7597,#7598);
#7597 = CARTESIAN_POINT('',(169.297896,-69.791888,1.585));
#7598 = VECTOR('',#7599,1.);
#7599 = DIRECTION('',(-0.980787134598,-0.195081000118,0.));
#7600 = ORIENTED_EDGE('',*,*,#7601,.T.);
#7601 = EDGE_CURVE('',#7594,#7602,#7604,.T.);
#7602 = VERTEX_POINT('',#7603);
#7603 = CARTESIAN_POINT('',(169.014935,-69.796455,1.585));
#7604 = LINE('',#7605,#7606);
#7605 = CARTESIAN_POINT('',(169.274935,-69.796455,1.585));
#7606 = VECTOR('',#7607,1.);
#7607 = DIRECTION('',(-1.,0.,0.));
#7608 = ORIENTED_EDGE('',*,*,#7609,.T.);
#7609 = EDGE_CURVE('',#7602,#7610,#7612,.T.);
#7610 = VERTEX_POINT('',#7611);
#7611 = CARTESIAN_POINT('',(169.014935,-70.386455,1.585));
#7612 = LINE('',#7613,#7614);
#7613 = CARTESIAN_POINT('',(169.014935,-69.796455,1.585));
#7614 = VECTOR('',#7615,1.);
#7615 = DIRECTION('',(0.,-1.,0.));
#7616 = ORIENTED_EDGE('',*,*,#7617,.T.);
#7617 = EDGE_CURVE('',#7610,#7618,#7620,.T.);
#7618 = VERTEX_POINT('',#7619);
#7619 = CARTESIAN_POINT('',(168.954935,-70.446455,1.585));
#7620 = CIRCLE('',#7621,5.999932016265E-02);
#7621 = AXIS2_PLACEMENT_3D('',#7622,#7623,#7624);
#7622 = CARTESIAN_POINT('',(168.95493567984,-70.38645567984,1.585));
#7623 = DIRECTION('',(0.,0.,-1.));
#7624 = DIRECTION('',(0.999999999936,1.133081517401E-05,0.));
#7625 = ORIENTED_EDGE('',*,*,#7626,.T.);
#7626 = EDGE_CURVE('',#7618,#7627,#7629,.T.);
#7627 = VERTEX_POINT('',#7628);
#7628 = CARTESIAN_POINT('',(168.664935,-70.446455,1.585));
#7629 = LINE('',#7630,#7631);
#7630 = CARTESIAN_POINT('',(168.954935,-70.446455,1.585));
#7631 = VECTOR('',#7632,1.);
#7632 = DIRECTION('',(-1.,0.,0.));
#7633 = ORIENTED_EDGE('',*,*,#7634,.T.);
#7634 = EDGE_CURVE('',#7627,#7635,#7637,.T.);
#7635 = VERTEX_POINT('',#7636);
#7636 = CARTESIAN_POINT('',(168.664935,-70.326455,1.585));
#7637 = CIRCLE('',#7638,6.000000000043E-02);
#7638 = AXIS2_PLACEMENT_3D('',#7639,#7640,#7641);
#7639 = CARTESIAN_POINT('',(168.66493477441,-70.386455,1.585));
#7640 = DIRECTION('',(0.,0.,-1.));
#7641 = DIRECTION('',(3.759794253683E-06,-0.999999999993,0.));
#7642 = ORIENTED_EDGE('',*,*,#7643,.T.);
#7643 = EDGE_CURVE('',#7635,#7644,#7646,.T.);
#7644 = VERTEX_POINT('',#7645);
#7645 = CARTESIAN_POINT('',(168.894935,-70.326455,1.585));
#7646 = LINE('',#7647,#7648);
#7647 = CARTESIAN_POINT('',(168.664935,-70.326455,1.585));
#7648 = VECTOR('',#7649,1.);
#7649 = DIRECTION('',(1.,0.,0.));
#7650 = ORIENTED_EDGE('',*,*,#7651,.T.);
#7651 = EDGE_CURVE('',#7644,#7652,#7654,.T.);
#7652 = VERTEX_POINT('',#7653);
#7653 = CARTESIAN_POINT('',(168.894935,-67.146455,1.585));
#7654 = LINE('',#7655,#7656);
#7655 = CARTESIAN_POINT('',(168.894935,-70.326455,1.585));
#7656 = VECTOR('',#7657,1.);
#7657 = DIRECTION('',(0.,1.,0.));
#7658 = ORIENTED_EDGE('',*,*,#7659,.T.);
#7659 = EDGE_CURVE('',#7652,#7486,#7660,.T.);
#7660 = LINE('',#7661,#7662);
#7661 = CARTESIAN_POINT('',(168.894935,-67.146455,1.585));
#7662 = VECTOR('',#7663,1.);
#7663 = DIRECTION('',(-1.,0.,0.));
#7664 = FACE_BOUND('',#7665,.F.);
#7665 = EDGE_LOOP('',(#7666,#7676,#7684,#7692,#7700,#7708));
#7666 = ORIENTED_EDGE('',*,*,#7667,.T.);
#7667 = EDGE_CURVE('',#7668,#7670,#7672,.T.);
#7668 = VERTEX_POINT('',#7669);
#7669 = CARTESIAN_POINT('',(169.594935,-68.256667,1.585));
#7670 = VERTEX_POINT('',#7671);
#7671 = CARTESIAN_POINT('',(169.245173,-67.796455,1.585));
#7672 = LINE('',#7673,#7674);
#7673 = CARTESIAN_POINT('',(169.594935,-68.256667,1.585));
#7674 = VECTOR('',#7675,1.);
#7675 = DIRECTION('',(-0.605084232537,0.79616146072,0.));
#7676 = ORIENTED_EDGE('',*,*,#7677,.T.);
#7677 = EDGE_CURVE('',#7670,#7678,#7680,.T.);
#7678 = VERTEX_POINT('',#7679);
#7679 = CARTESIAN_POINT('',(169.014935,-67.796455,1.585));
#7680 = LINE('',#7681,#7682);
#7681 = CARTESIAN_POINT('',(169.245173,-67.796455,1.585));
#7682 = VECTOR('',#7683,1.);
#7683 = DIRECTION('',(-1.,0.,0.));
#7684 = ORIENTED_EDGE('',*,*,#7685,.T.);
#7685 = EDGE_CURVE('',#7678,#7686,#7688,.T.);
#7686 = VERTEX_POINT('',#7687);
#7687 = CARTESIAN_POINT('',(169.014935,-69.676455,1.585));
#7688 = LINE('',#7689,#7690);
#7689 = CARTESIAN_POINT('',(169.014935,-67.796455,1.585));
#7690 = VECTOR('',#7691,1.);
#7691 = DIRECTION('',(0.,-1.,0.));
#7692 = ORIENTED_EDGE('',*,*,#7693,.T.);
#7693 = EDGE_CURVE('',#7686,#7694,#7696,.T.);
#7694 = VERTEX_POINT('',#7695);
#7695 = CARTESIAN_POINT('',(169.245173,-69.676455,1.585));
#7696 = LINE('',#7697,#7698);
#7697 = CARTESIAN_POINT('',(169.014935,-69.676455,1.585));
#7698 = VECTOR('',#7699,1.);
#7699 = DIRECTION('',(1.,0.,0.));
#7700 = ORIENTED_EDGE('',*,*,#7701,.T.);
#7701 = EDGE_CURVE('',#7694,#7702,#7704,.T.);
#7702 = VERTEX_POINT('',#7703);
#7703 = CARTESIAN_POINT('',(169.594935,-69.216242,1.585));
#7704 = LINE('',#7705,#7706);
#7705 = CARTESIAN_POINT('',(169.245173,-69.676455,1.585));
#7706 = VECTOR('',#7707,1.);
#7707 = DIRECTION('',(0.605083399125,0.796162094114,0.));
#7708 = ORIENTED_EDGE('',*,*,#7709,.T.);
#7709 = EDGE_CURVE('',#7702,#7668,#7710,.T.);
#7710 = LINE('',#7711,#7712);
#7711 = CARTESIAN_POINT('',(169.594935,-69.216242,1.585));
#7712 = VECTOR('',#7713,1.);
#7713 = DIRECTION('',(0.,1.,0.));
#7714 = PLANE('',#7715);
#7715 = AXIS2_PLACEMENT_3D('',#7716,#7717,#7718);
#7716 = CARTESIAN_POINT('',(0.,0.,1.585));
#7717 = DIRECTION('',(0.,0.,1.));
#7718 = DIRECTION('',(1.,0.,-0.));
#7719 = SHELL_BASED_SURFACE_MODEL('',(#7720));
#7720 = OPEN_SHELL('',(#7721));
#7721 = ADVANCED_FACE('',(#7722),#7855,.T.);
#7722 = FACE_BOUND('',#7723,.F.);
#7723 = EDGE_LOOP('',(#7724,#7735,#7743,#7751,#7760,#7768,#7776,#7784,
    #7792,#7800,#7808,#7816,#7824,#7833,#7841,#7849));
#7724 = ORIENTED_EDGE('',*,*,#7725,.T.);
#7725 = EDGE_CURVE('',#7726,#7728,#7730,.T.);
#7726 = VERTEX_POINT('',#7727);
#7727 = CARTESIAN_POINT('',(170.09139,-68.867682,1.585));
#7728 = VERTEX_POINT('',#7729);
#7729 = CARTESIAN_POINT('',(170.208524,-68.950649,1.585));
#7730 = CIRCLE('',#7731,7.499955990673E-02);
#7731 = AXIS2_PLACEMENT_3D('',#7732,#7733,#7734);
#7732 = CARTESIAN_POINT('',(170.13737350095,-68.92693106435,1.585));
#7733 = DIRECTION('',(0.,0.,-1.));
#7734 = DIRECTION('',(-0.613116943749,0.78999216027,0.));
#7735 = ORIENTED_EDGE('',*,*,#7736,.T.);
#7736 = EDGE_CURVE('',#7728,#7737,#7739,.T.);
#7737 = VERTEX_POINT('',#7738);
#7738 = CARTESIAN_POINT('',(170.164754,-69.081958,1.585));
#7739 = LINE('',#7740,#7741);
#7740 = CARTESIAN_POINT('',(170.208524,-68.950649,1.585));
#7741 = VECTOR('',#7742,1.);
#7742 = DIRECTION('',(-0.316229933459,-0.948682575567,0.));
#7743 = ORIENTED_EDGE('',*,*,#7744,.T.);
#7744 = EDGE_CURVE('',#7737,#7745,#7747,.T.);
#7745 = VERTEX_POINT('',#7746);
#7746 = CARTESIAN_POINT('',(170.164754,-69.290178,1.585));
#7747 = LINE('',#7748,#7749);
#7748 = CARTESIAN_POINT('',(170.164754,-69.081958,1.585));
#7749 = VECTOR('',#7750,1.);
#7750 = DIRECTION('',(0.,-1.,0.));
#7751 = ORIENTED_EDGE('',*,*,#7752,.T.);
#7752 = EDGE_CURVE('',#7745,#7753,#7755,.T.);
#7753 = VERTEX_POINT('',#7754);
#7754 = CARTESIAN_POINT('',(170.297935,-69.423359,1.585));
#7755 = CIRCLE('',#7756,0.18686440374);
#7756 = AXIS2_PLACEMENT_3D('',#7757,#7758,#7759);
#7757 = CARTESIAN_POINT('',(170.345471,-69.242642,1.585));
#7758 = DIRECTION('',(0.,0.,1.));
#7759 = DIRECTION('',(-0.967102328658,-0.254387668538,0.));
#7760 = ORIENTED_EDGE('',*,*,#7761,.T.);
#7761 = EDGE_CURVE('',#7753,#7762,#7764,.T.);
#7762 = VERTEX_POINT('',#7763);
#7763 = CARTESIAN_POINT('',(170.357763,-69.423359,1.585));
#7764 = LINE('',#7765,#7766);
#7765 = CARTESIAN_POINT('',(170.297935,-69.423359,1.585));
#7766 = VECTOR('',#7767,1.);
#7767 = DIRECTION('',(1.,0.,0.));
#7768 = ORIENTED_EDGE('',*,*,#7769,.T.);
#7769 = EDGE_CURVE('',#7762,#7770,#7772,.T.);
#7770 = VERTEX_POINT('',#7771);
#7771 = CARTESIAN_POINT('',(170.426279,-69.389101,1.585));
#7772 = LINE('',#7773,#7774);
#7773 = CARTESIAN_POINT('',(170.357763,-69.423359,1.585));
#7774 = VECTOR('',#7775,1.);
#7775 = DIRECTION('',(0.894427191,0.4472135955,0.));
#7776 = ORIENTED_EDGE('',*,*,#7777,.T.);
#7777 = EDGE_CURVE('',#7770,#7778,#7780,.T.);
#7778 = VERTEX_POINT('',#7779);
#7779 = CARTESIAN_POINT('',(170.456686,-69.358694,1.585));
#7780 = LINE('',#7781,#7782);
#7781 = CARTESIAN_POINT('',(170.426279,-69.389101,1.585));
#7782 = VECTOR('',#7783,1.);
#7783 = DIRECTION('',(0.707106781187,0.707106781187,0.));
#7784 = ORIENTED_EDGE('',*,*,#7785,.T.);
#7785 = EDGE_CURVE('',#7778,#7786,#7788,.T.);
#7786 = VERTEX_POINT('',#7787);
#7787 = CARTESIAN_POINT('',(170.495179,-69.281707,1.585));
#7788 = LINE('',#7789,#7790);
#7789 = CARTESIAN_POINT('',(170.456686,-69.358694,1.585));
#7790 = VECTOR('',#7791,1.);
#7791 = DIRECTION('',(0.447208948322,0.894429514574,0.));
#7792 = ORIENTED_EDGE('',*,*,#7793,.T.);
#7793 = EDGE_CURVE('',#7786,#7794,#7796,.T.);
#7794 = VERTEX_POINT('',#7795);
#7795 = CARTESIAN_POINT('',(170.504935,-69.244083,1.585));
#7796 = LINE('',#7797,#7798);
#7797 = CARTESIAN_POINT('',(170.495179,-69.281707,1.585));
#7798 = VECTOR('',#7799,1.);
#7799 = DIRECTION('',(0.25100144489,0.967986712028,0.));
#7800 = ORIENTED_EDGE('',*,*,#7801,.T.);
#7801 = EDGE_CURVE('',#7794,#7802,#7804,.T.);
#7802 = VERTEX_POINT('',#7803);
#7803 = CARTESIAN_POINT('',(170.504935,-69.516561,1.585));
#7804 = LINE('',#7805,#7806);
#7805 = CARTESIAN_POINT('',(170.504935,-69.244083,1.585));
#7806 = VECTOR('',#7807,1.);
#7807 = DIRECTION('',(0.,-1.,0.));
#7808 = ORIENTED_EDGE('',*,*,#7809,.T.);
#7809 = EDGE_CURVE('',#7802,#7810,#7812,.T.);
#7810 = VERTEX_POINT('',#7811);
#7811 = CARTESIAN_POINT('',(170.3901,-69.571918,1.585));
#7812 = LINE('',#7813,#7814);
#7813 = CARTESIAN_POINT('',(170.504935,-69.516561,1.585));
#7814 = VECTOR('',#7815,1.);
#7815 = DIRECTION('',(-0.900798982691,-0.434236332868,0.));
#7816 = ORIENTED_EDGE('',*,*,#7817,.T.);
#7817 = EDGE_CURVE('',#7810,#7818,#7820,.T.);
#7818 = VERTEX_POINT('',#7819);
#7819 = CARTESIAN_POINT('',(170.26042,-69.570696,1.585));
#7820 = LINE('',#7821,#7822);
#7821 = CARTESIAN_POINT('',(170.3901,-69.571918,1.585));
#7822 = VECTOR('',#7823,1.);
#7823 = DIRECTION('',(-0.999955604649,9.422777212216E-03,0.));
#7824 = ORIENTED_EDGE('',*,*,#7825,.T.);
#7825 = EDGE_CURVE('',#7818,#7826,#7828,.T.);
#7826 = VERTEX_POINT('',#7827);
#7827 = CARTESIAN_POINT('',(170.016195,-69.322515,1.585));
#7828 = CIRCLE('',#7829,0.348628078749);
#7829 = AXIS2_PLACEMENT_3D('',#7830,#7831,#7832);
#7830 = CARTESIAN_POINT('',(170.3535950302,-69.23474964857,1.585));
#7831 = DIRECTION('',(0.,0.,-1.));
#7832 = DIRECTION('',(-0.26726197883,-0.963623907275,-0.));
#7833 = ORIENTED_EDGE('',*,*,#7834,.T.);
#7834 = EDGE_CURVE('',#7826,#7835,#7837,.T.);
#7835 = VERTEX_POINT('',#7836);
#7836 = CARTESIAN_POINT('',(170.016953,-69.053324,1.585));
#7837 = LINE('',#7838,#7839);
#7838 = CARTESIAN_POINT('',(170.016195,-69.322515,1.585));
#7839 = VECTOR('',#7840,1.);
#7840 = DIRECTION('',(2.815833348533E-03,0.999996035533,0.));
#7841 = ORIENTED_EDGE('',*,*,#7842,.T.);
#7842 = EDGE_CURVE('',#7835,#7843,#7845,.T.);
#7843 = VERTEX_POINT('',#7844);
#7844 = CARTESIAN_POINT('',(170.072216,-68.889789,1.585));
#7845 = LINE('',#7846,#7847);
#7846 = CARTESIAN_POINT('',(170.016953,-69.053324,1.585));
#7847 = VECTOR('',#7848,1.);
#7848 = DIRECTION('',(0.320142343061,0.947369452843,0.));
#7849 = ORIENTED_EDGE('',*,*,#7850,.T.);
#7850 = EDGE_CURVE('',#7843,#7726,#7851,.T.);
#7851 = LINE('',#7852,#7853);
#7852 = CARTESIAN_POINT('',(170.072216,-68.889789,1.585));
#7853 = VECTOR('',#7854,1.);
#7854 = DIRECTION('',(0.65521540373,0.755442105469,0.));
#7855 = PLANE('',#7856);
#7856 = AXIS2_PLACEMENT_3D('',#7857,#7858,#7859);
#7857 = CARTESIAN_POINT('',(0.,0.,1.585));
#7858 = DIRECTION('',(0.,0.,1.));
#7859 = DIRECTION('',(1.,0.,-0.));
#7860 = SHELL_BASED_SURFACE_MODEL('',(#7861));
#7861 = OPEN_SHELL('',(#7862));
#7862 = ADVANCED_FACE('',(#7863),#7947,.T.);
#7863 = FACE_BOUND('',#7864,.F.);
#7864 = EDGE_LOOP('',(#7865,#7876,#7884,#7892,#7900,#7908,#7916,#7925,
    #7933,#7941));
#7865 = ORIENTED_EDGE('',*,*,#7866,.T.);
#7866 = EDGE_CURVE('',#7867,#7869,#7871,.T.);
#7867 = VERTEX_POINT('',#7868);
#7868 = CARTESIAN_POINT('',(170.036776,-68.313352,1.585));
#7869 = VERTEX_POINT('',#7870);
#7870 = CARTESIAN_POINT('',(170.089754,-68.185264,1.585));
#7871 = CIRCLE('',#7872,7.499993751707E-02);
#7872 = AXIS2_PLACEMENT_3D('',#7873,#7874,#7875);
#7873 = CARTESIAN_POINT('',(170.08975380902,-68.26026393751,1.585));
#7874 = DIRECTION('',(0.,0.,-1.));
#7875 = DIRECTION('',(-0.706371375515,-0.707841422815,-0.));
#7876 = ORIENTED_EDGE('',*,*,#7877,.T.);
#7877 = EDGE_CURVE('',#7869,#7878,#7880,.T.);
#7878 = VERTEX_POINT('',#7879);
#7879 = CARTESIAN_POINT('',(170.504935,-68.185264,1.585));
#7880 = LINE('',#7881,#7882);
#7881 = CARTESIAN_POINT('',(170.089754,-68.185264,1.585));
#7882 = VECTOR('',#7883,1.);
#7883 = DIRECTION('',(1.,0.,0.));
#7884 = ORIENTED_EDGE('',*,*,#7885,.T.);
#7885 = EDGE_CURVE('',#7878,#7886,#7888,.T.);
#7886 = VERTEX_POINT('',#7887);
#7887 = CARTESIAN_POINT('',(170.504935,-68.335264,1.585));
#7888 = LINE('',#7889,#7890);
#7889 = CARTESIAN_POINT('',(170.504935,-68.185264,1.585));
#7890 = VECTOR('',#7891,1.);
#7891 = DIRECTION('',(0.,-1.,0.));
#7892 = ORIENTED_EDGE('',*,*,#7893,.T.);
#7893 = EDGE_CURVE('',#7886,#7894,#7896,.T.);
#7894 = VERTEX_POINT('',#7895);
#7895 = CARTESIAN_POINT('',(170.318439,-68.335264,1.585));
#7896 = LINE('',#7897,#7898);
#7897 = CARTESIAN_POINT('',(170.504935,-68.335264,1.585));
#7898 = VECTOR('',#7899,1.);
#7899 = DIRECTION('',(-1.,0.,0.));
#7900 = ORIENTED_EDGE('',*,*,#7901,.T.);
#7901 = EDGE_CURVE('',#7894,#7902,#7904,.T.);
#7902 = VERTEX_POINT('',#7903);
#7903 = CARTESIAN_POINT('',(170.390968,-68.410904,1.585));
#7904 = LINE('',#7905,#7906);
#7905 = CARTESIAN_POINT('',(170.318439,-68.335264,1.585));
#7906 = VECTOR('',#7907,1.);
#7907 = DIRECTION('',(0.692107619701,-0.72179432164,0.));
#7908 = ORIENTED_EDGE('',*,*,#7909,.T.);
#7909 = EDGE_CURVE('',#7902,#7910,#7912,.T.);
#7910 = VERTEX_POINT('',#7911);
#7911 = CARTESIAN_POINT('',(170.447805,-68.526168,1.585));
#7912 = LINE('',#7913,#7914);
#7913 = CARTESIAN_POINT('',(170.390968,-68.410904,1.585));
#7914 = VECTOR('',#7915,1.);
#7915 = DIRECTION('',(0.442257930733,-0.896887909777,0.));
#7916 = ORIENTED_EDGE('',*,*,#7917,.T.);
#7917 = EDGE_CURVE('',#7910,#7918,#7920,.T.);
#7918 = VERTEX_POINT('',#7919);
#7919 = CARTESIAN_POINT('',(170.308386,-68.579519,1.585));
#7920 = CIRCLE('',#7921,7.500029440468E-02);
#7921 = AXIS2_PLACEMENT_3D('',#7922,#7923,#7924);
#7922 = CARTESIAN_POINT('',(170.37546805397,-68.54597735132,1.585));
#7923 = DIRECTION('',(0.,0.,-1.));
#7924 = DIRECTION('',(0.964488827732,0.264123647522,0.));
#7925 = ORIENTED_EDGE('',*,*,#7926,.T.);
#7926 = EDGE_CURVE('',#7918,#7927,#7929,.T.);
#7927 = VERTEX_POINT('',#7928);
#7928 = CARTESIAN_POINT('',(170.26621,-68.495167,1.585));
#7929 = LINE('',#7930,#7931);
#7930 = CARTESIAN_POINT('',(170.308386,-68.579519,1.585));
#7931 = VECTOR('',#7932,1.);
#7932 = DIRECTION('',(-0.4472135955,0.894427191,0.));
#7933 = ORIENTED_EDGE('',*,*,#7934,.T.);
#7934 = EDGE_CURVE('',#7927,#7935,#7937,.T.);
#7935 = VERTEX_POINT('',#7936);
#7936 = CARTESIAN_POINT('',(170.184829,-68.413786,1.585));
#7937 = LINE('',#7938,#7939);
#7938 = CARTESIAN_POINT('',(170.26621,-68.495167,1.585));
#7939 = VECTOR('',#7940,1.);
#7940 = DIRECTION('',(-0.707106781187,0.707106781187,0.));
#7941 = ORIENTED_EDGE('',*,*,#7942,.T.);
#7942 = EDGE_CURVE('',#7935,#7867,#7943,.T.);
#7943 = LINE('',#7944,#7945);
#7944 = CARTESIAN_POINT('',(170.184829,-68.413786,1.585));
#7945 = VECTOR('',#7946,1.);
#7946 = DIRECTION('',(-0.827555069925,0.561384544,0.));
#7947 = PLANE('',#7948);
#7948 = AXIS2_PLACEMENT_3D('',#7949,#7950,#7951);
#7949 = CARTESIAN_POINT('',(0.,0.,1.585));
#7950 = DIRECTION('',(0.,0.,1.));
#7951 = DIRECTION('',(1.,0.,-0.));
#7952 = SHELL_BASED_SURFACE_MODEL('',(#7953));
#7953 = OPEN_SHELL('',(#7954));
#7954 = ADVANCED_FACE('',(#7955),#8016,.T.);
#7955 = FACE_BOUND('',#7956,.F.);
#7956 = EDGE_LOOP('',(#7957,#7968,#7976,#7985,#7993,#8001,#8010));
#7957 = ORIENTED_EDGE('',*,*,#7958,.T.);
#7958 = EDGE_CURVE('',#7959,#7961,#7963,.T.);
#7959 = VERTEX_POINT('',#7960);
#7960 = CARTESIAN_POINT('',(166.104935,-67.086455,1.585));
#7961 = VERTEX_POINT('',#7962);
#7962 = CARTESIAN_POINT('',(166.164935,-67.026455,1.585));
#7963 = CIRCLE('',#7964,5.999932016256E-02);
#7964 = AXIS2_PLACEMENT_3D('',#7965,#7966,#7967);
#7965 = CARTESIAN_POINT('',(166.16493432015,-67.08645432015,1.585));
#7966 = DIRECTION('',(0.,0.,-1.));
#7967 = DIRECTION('',(-0.999999999936,-1.133081683198E-05,-0.));
#7968 = ORIENTED_EDGE('',*,*,#7969,.T.);
#7969 = EDGE_CURVE('',#7961,#7970,#7972,.T.);
#7970 = VERTEX_POINT('',#7971);
#7971 = CARTESIAN_POINT('',(166.454935,-67.026455,1.585));
#7972 = LINE('',#7973,#7974);
#7973 = CARTESIAN_POINT('',(166.164935,-67.026455,1.585));
#7974 = VECTOR('',#7975,1.);
#7975 = DIRECTION('',(1.,0.,0.));
#7976 = ORIENTED_EDGE('',*,*,#7977,.T.);
#7977 = EDGE_CURVE('',#7970,#7978,#7980,.T.);
#7978 = VERTEX_POINT('',#7979);
#7979 = CARTESIAN_POINT('',(166.454935,-67.146455,1.585));
#7980 = CIRCLE('',#7981,6.000000000043E-02);
#7981 = AXIS2_PLACEMENT_3D('',#7982,#7983,#7984);
#7982 = CARTESIAN_POINT('',(166.45493522558,-67.086455,1.585));
#7983 = DIRECTION('',(0.,0.,-1.));
#7984 = DIRECTION('',(-3.759793779989E-06,0.999999999993,-0.));
#7985 = ORIENTED_EDGE('',*,*,#7986,.T.);
#7986 = EDGE_CURVE('',#7978,#7987,#7989,.T.);
#7987 = VERTEX_POINT('',#7988);
#7988 = CARTESIAN_POINT('',(166.224935,-67.146455,1.585));
#7989 = LINE('',#7990,#7991);
#7990 = CARTESIAN_POINT('',(166.454935,-67.146455,1.585));
#7991 = VECTOR('',#7992,1.);
#7992 = DIRECTION('',(-1.,0.,0.));
#7993 = ORIENTED_EDGE('',*,*,#7994,.T.);
#7994 = EDGE_CURVE('',#7987,#7995,#7997,.T.);
#7995 = VERTEX_POINT('',#7996);
#7996 = CARTESIAN_POINT('',(166.224935,-68.086455,1.585));
#7997 = LINE('',#7998,#7999);
#7998 = CARTESIAN_POINT('',(166.224935,-67.146455,1.585));
#7999 = VECTOR('',#8000,1.);
#8000 = DIRECTION('',(0.,-1.,0.));
#8001 = ORIENTED_EDGE('',*,*,#8002,.T.);
#8002 = EDGE_CURVE('',#7995,#8003,#8005,.T.);
#8003 = VERTEX_POINT('',#8004);
#8004 = CARTESIAN_POINT('',(166.104935,-68.086455,1.585));
#8005 = CIRCLE('',#8006,6.000000000042E-02);
#8006 = AXIS2_PLACEMENT_3D('',#8007,#8008,#8009);
#8007 = CARTESIAN_POINT('',(166.164935,-68.08645522558,1.585));
#8008 = DIRECTION('',(0.,0.,-1.));
#8009 = DIRECTION('',(0.999999999993,3.759794016836E-06,0.));
#8010 = ORIENTED_EDGE('',*,*,#8011,.T.);
#8011 = EDGE_CURVE('',#8003,#7959,#8012,.T.);
#8012 = LINE('',#8013,#8014);
#8013 = CARTESIAN_POINT('',(166.104935,-68.086455,1.585));
#8014 = VECTOR('',#8015,1.);
#8015 = DIRECTION('',(0.,1.,0.));
#8016 = PLANE('',#8017);
#8017 = AXIS2_PLACEMENT_3D('',#8018,#8019,#8020);
#8018 = CARTESIAN_POINT('',(0.,0.,1.585));
#8019 = DIRECTION('',(0.,0.,1.));
#8020 = DIRECTION('',(1.,0.,-0.));
#8021 = SHELL_BASED_SURFACE_MODEL('',(#8022));
#8022 = OPEN_SHELL('',(#8023));
#8023 = ADVANCED_FACE('',(#8024),#8085,.T.);
#8024 = FACE_BOUND('',#8025,.F.);
#8025 = EDGE_LOOP('',(#8026,#8037,#8045,#8054,#8062,#8070,#8079));
#8026 = ORIENTED_EDGE('',*,*,#8027,.T.);
#8027 = EDGE_CURVE('',#8028,#8030,#8032,.T.);
#8028 = VERTEX_POINT('',#8029);
#8029 = CARTESIAN_POINT('',(95.55,-54.79,1.585));
#8030 = VERTEX_POINT('',#8031);
#8031 = CARTESIAN_POINT('',(95.61,-54.73,1.585));
#8032 = CIRCLE('',#8033,5.999932016262E-02);
#8033 = AXIS2_PLACEMENT_3D('',#8034,#8035,#8036);
#8034 = CARTESIAN_POINT('',(95.609999320159,-54.78999932015,1.585));
#8035 = DIRECTION('',(0.,0.,-1.));
#8036 = DIRECTION('',(-0.999999999936,-1.133081552929E-05,-0.));
#8037 = ORIENTED_EDGE('',*,*,#8038,.T.);
#8038 = EDGE_CURVE('',#8030,#8039,#8041,.T.);
#8039 = VERTEX_POINT('',#8040);
#8040 = CARTESIAN_POINT('',(96.99,-54.73,1.585));
#8041 = LINE('',#8042,#8043);
#8042 = CARTESIAN_POINT('',(95.61,-54.73,1.585));
#8043 = VECTOR('',#8044,1.);
#8044 = DIRECTION('',(1.,0.,0.));
#8045 = ORIENTED_EDGE('',*,*,#8046,.T.);
#8046 = EDGE_CURVE('',#8039,#8047,#8049,.T.);
#8047 = VERTEX_POINT('',#8048);
#8048 = CARTESIAN_POINT('',(96.99,-54.85,1.585));
#8049 = CIRCLE('',#8050,6.000000000043E-02);
#8050 = AXIS2_PLACEMENT_3D('',#8051,#8052,#8053);
#8051 = CARTESIAN_POINT('',(96.990000225588,-54.79,1.585));
#8052 = DIRECTION('',(0.,0.,-1.));
#8053 = DIRECTION('',(-3.759794253683E-06,0.999999999993,-0.));
#8054 = ORIENTED_EDGE('',*,*,#8055,.T.);
#8055 = EDGE_CURVE('',#8047,#8056,#8058,.T.);
#8056 = VERTEX_POINT('',#8057);
#8057 = CARTESIAN_POINT('',(95.67,-54.85,1.585));
#8058 = LINE('',#8059,#8060);
#8059 = CARTESIAN_POINT('',(96.99,-54.85,1.585));
#8060 = VECTOR('',#8061,1.);
#8061 = DIRECTION('',(-1.,0.,0.));
#8062 = ORIENTED_EDGE('',*,*,#8063,.T.);
#8063 = EDGE_CURVE('',#8056,#8064,#8066,.T.);
#8064 = VERTEX_POINT('',#8065);
#8065 = CARTESIAN_POINT('',(95.67,-56.17,1.585));
#8066 = LINE('',#8067,#8068);
#8067 = CARTESIAN_POINT('',(95.67,-54.85,1.585));
#8068 = VECTOR('',#8069,1.);
#8069 = DIRECTION('',(0.,-1.,0.));
#8070 = ORIENTED_EDGE('',*,*,#8071,.T.);
#8071 = EDGE_CURVE('',#8064,#8072,#8074,.T.);
#8072 = VERTEX_POINT('',#8073);
#8073 = CARTESIAN_POINT('',(95.55,-56.17,1.585));
#8074 = CIRCLE('',#8075,6.000000000043E-02);
#8075 = AXIS2_PLACEMENT_3D('',#8076,#8077,#8078);
#8076 = CARTESIAN_POINT('',(95.61,-56.17000022558,1.585));
#8077 = DIRECTION('',(0.,0.,-1.));
#8078 = DIRECTION('',(0.999999999993,3.759794016835E-06,0.));
#8079 = ORIENTED_EDGE('',*,*,#8080,.T.);
#8080 = EDGE_CURVE('',#8072,#8028,#8081,.T.);
#8081 = LINE('',#8082,#8083);
#8082 = CARTESIAN_POINT('',(95.55,-56.17,1.585));
#8083 = VECTOR('',#8084,1.);
#8084 = DIRECTION('',(0.,1.,0.));
#8085 = PLANE('',#8086);
#8086 = AXIS2_PLACEMENT_3D('',#8087,#8088,#8089);
#8087 = CARTESIAN_POINT('',(0.,0.,1.585));
#8088 = DIRECTION('',(0.,0.,1.));
#8089 = DIRECTION('',(1.,0.,-0.));
#8090 = SHELL_BASED_SURFACE_MODEL('',(#8091));
#8091 = OPEN_SHELL('',(#8092));
#8092 = ADVANCED_FACE('',(#8093),#8227,.T.);
#8093 = FACE_BOUND('',#8094,.F.);
#8094 = EDGE_LOOP('',(#8095,#8105,#8113,#8122,#8130,#8138,#8147,#8155,
    #8164,#8172,#8180,#8188,#8196,#8205,#8213,#8221));
#8095 = ORIENTED_EDGE('',*,*,#8096,.T.);
#8096 = EDGE_CURVE('',#8097,#8099,#8101,.T.);
#8097 = VERTEX_POINT('',#8098);
#8098 = CARTESIAN_POINT('',(151.132864,-53.991841,1.585));
#8099 = VERTEX_POINT('',#8100);
#8100 = CARTESIAN_POINT('',(151.17132,-53.97126,1.585));
#8101 = LINE('',#8102,#8103);
#8102 = CARTESIAN_POINT('',(151.132864,-53.991841,1.585));
#8103 = VECTOR('',#8104,1.);
#8104 = DIRECTION('',(0.881674852639,0.471857451169,0.));
#8105 = ORIENTED_EDGE('',*,*,#8106,.T.);
#8106 = EDGE_CURVE('',#8099,#8107,#8109,.T.);
#8107 = VERTEX_POINT('',#8108);
#8108 = CARTESIAN_POINT('',(151.193157,-53.97126,1.585));
#8109 = LINE('',#8110,#8111);
#8110 = CARTESIAN_POINT('',(151.17132,-53.97126,1.585));
#8111 = VECTOR('',#8112,1.);
#8112 = DIRECTION('',(1.,0.,0.));
#8113 = ORIENTED_EDGE('',*,*,#8114,.T.);
#8114 = EDGE_CURVE('',#8107,#8115,#8117,.T.);
#8115 = VERTEX_POINT('',#8116);
#8116 = CARTESIAN_POINT('',(151.260952,-54.044819,1.585));
#8117 = CIRCLE('',#8118,7.216898094224E-02);
#8118 = AXIS2_PLACEMENT_3D('',#8119,#8120,#8121);
#8119 = CARTESIAN_POINT('',(151.18879906389,-54.04329728342,1.585));
#8120 = DIRECTION('',(0.,0.,-1.));
#8121 = DIRECTION('',(6.038516895228E-02,0.998175150648,0.));
#8122 = ORIENTED_EDGE('',*,*,#8123,.T.);
#8123 = EDGE_CURVE('',#8115,#8124,#8126,.T.);
#8124 = VERTEX_POINT('',#8125);
#8125 = CARTESIAN_POINT('',(151.260952,-54.969819,1.585));
#8126 = LINE('',#8127,#8128);
#8127 = CARTESIAN_POINT('',(151.260952,-54.044819,1.585));
#8128 = VECTOR('',#8129,1.);
#8129 = DIRECTION('',(0.,-1.,0.));
#8130 = ORIENTED_EDGE('',*,*,#8131,.T.);
#8131 = EDGE_CURVE('',#8124,#8132,#8134,.T.);
#8132 = VERTEX_POINT('',#8133);
#8133 = CARTESIAN_POINT('',(151.486298,-54.97126,1.585));
#8134 = LINE('',#8135,#8136);
#8135 = CARTESIAN_POINT('',(151.260952,-54.969819,1.585));
#8136 = VECTOR('',#8137,1.);
#8137 = DIRECTION('',(0.999979555102,-6.394480216655E-03,0.));
#8138 = ORIENTED_EDGE('',*,*,#8139,.T.);
#8139 = EDGE_CURVE('',#8132,#8140,#8142,.T.);
#8140 = VERTEX_POINT('',#8141);
#8141 = CARTESIAN_POINT('',(151.471666,-55.119819,1.585));
#8142 = CIRCLE('',#8143,7.500006711464E-02);
#8143 = AXIS2_PLACEMENT_3D('',#8144,#8145,#8146);
#8144 = CARTESIAN_POINT('',(151.47166606711,-55.04481893288,1.585));
#8145 = DIRECTION('',(0.,0.,-1.));
#8146 = DIRECTION('',(0.195092263891,0.980784894138,0.));
#8147 = ORIENTED_EDGE('',*,*,#8148,.T.);
#8148 = EDGE_CURVE('',#8140,#8149,#8151,.T.);
#8149 = VERTEX_POINT('',#8150);
#8150 = CARTESIAN_POINT('',(150.885606,-55.118378,1.585));
#8151 = LINE('',#8152,#8153);
#8152 = CARTESIAN_POINT('',(151.471666,-55.119819,1.585));
#8153 = VECTOR('',#8154,1.);
#8154 = DIRECTION('',(-0.999996977183,2.45878518261E-03,0.));
#8155 = ORIENTED_EDGE('',*,*,#8156,.T.);
#8156 = EDGE_CURVE('',#8149,#8157,#8159,.T.);
#8157 = VERTEX_POINT('',#8158);
#8158 = CARTESIAN_POINT('',(150.900238,-54.969819,1.585));
#8159 = CIRCLE('',#8160,7.500006711464E-02);
#8160 = AXIS2_PLACEMENT_3D('',#8161,#8162,#8163);
#8161 = CARTESIAN_POINT('',(150.90023793288,-55.04481906711,1.585));
#8162 = DIRECTION('',(0.,0.,-1.));
#8163 = DIRECTION('',(-0.195092263891,-0.980784894138,-0.));
#8164 = ORIENTED_EDGE('',*,*,#8165,.T.);
#8165 = EDGE_CURVE('',#8157,#8166,#8168,.T.);
#8166 = VERTEX_POINT('',#8167);
#8167 = CARTESIAN_POINT('',(151.110952,-54.969819,1.585));
#8168 = LINE('',#8169,#8170);
#8169 = CARTESIAN_POINT('',(150.900238,-54.969819,1.585));
#8170 = VECTOR('',#8171,1.);
#8171 = DIRECTION('',(1.,0.,0.));
#8172 = ORIENTED_EDGE('',*,*,#8173,.T.);
#8173 = EDGE_CURVE('',#8166,#8174,#8176,.T.);
#8174 = VERTEX_POINT('',#8175);
#8175 = CARTESIAN_POINT('',(151.110952,-54.273504,1.585));
#8176 = LINE('',#8177,#8178);
#8177 = CARTESIAN_POINT('',(151.110952,-54.969819,1.585));
#8178 = VECTOR('',#8179,1.);
#8179 = DIRECTION('',(0.,1.,0.));
#8180 = ORIENTED_EDGE('',*,*,#8181,.T.);
#8181 = EDGE_CURVE('',#8174,#8182,#8184,.T.);
#8182 = VERTEX_POINT('',#8183);
#8183 = CARTESIAN_POINT('',(151.035316,-54.346031,1.585));
#8184 = LINE('',#8185,#8186);
#8185 = CARTESIAN_POINT('',(151.110952,-54.273504,1.585));
#8186 = VECTOR('',#8187,1.);
#8187 = DIRECTION('',(-0.721785571396,-0.692116745156,0.));
#8188 = ORIENTED_EDGE('',*,*,#8189,.T.);
#8189 = EDGE_CURVE('',#8182,#8190,#8192,.T.);
#8190 = VERTEX_POINT('',#8191);
#8191 = CARTESIAN_POINT('',(150.920047,-54.40287,1.585));
#8192 = LINE('',#8193,#8194);
#8193 = CARTESIAN_POINT('',(151.035316,-54.346031,1.585));
#8194 = VECTOR('',#8195,1.);
#8195 = DIRECTION('',(-0.896889346494,-0.442255017094,0.));
#8196 = ORIENTED_EDGE('',*,*,#8197,.T.);
#8197 = EDGE_CURVE('',#8190,#8198,#8200,.T.);
#8198 = VERTEX_POINT('',#8199);
#8199 = CARTESIAN_POINT('',(150.866697,-54.263451,1.585));
#8200 = CIRCLE('',#8201,7.500005272361E-02);
#8201 = AXIS2_PLACEMENT_3D('',#8202,#8203,#8204);
#8202 = CARTESIAN_POINT('',(150.90023755676,-54.33053332972,1.585));
#8203 = DIRECTION('',(0.,0.,-1.));
#8204 = DIRECTION('',(0.264125724196,-0.964488259036,0.));
#8205 = ORIENTED_EDGE('',*,*,#8206,.T.);
#8206 = EDGE_CURVE('',#8198,#8207,#8209,.T.);
#8207 = VERTEX_POINT('',#8208);
#8208 = CARTESIAN_POINT('',(150.951049,-54.221275,1.585));
#8209 = LINE('',#8210,#8211);
#8210 = CARTESIAN_POINT('',(150.866697,-54.263451,1.585));
#8211 = VECTOR('',#8212,1.);
#8212 = DIRECTION('',(0.894427191,0.4472135955,0.));
#8213 = ORIENTED_EDGE('',*,*,#8214,.T.);
#8214 = EDGE_CURVE('',#8207,#8215,#8217,.T.);
#8215 = VERTEX_POINT('',#8216);
#8216 = CARTESIAN_POINT('',(151.032428,-54.139896,1.585));
#8217 = LINE('',#8218,#8219);
#8218 = CARTESIAN_POINT('',(150.951049,-54.221275,1.585));
#8219 = VECTOR('',#8220,1.);
#8220 = DIRECTION('',(0.707106781187,0.707106781187,0.));
#8221 = ORIENTED_EDGE('',*,*,#8222,.T.);
#8222 = EDGE_CURVE('',#8215,#8097,#8223,.T.);
#8223 = LINE('',#8224,#8225);
#8224 = CARTESIAN_POINT('',(151.032428,-54.139896,1.585));
#8225 = VECTOR('',#8226,1.);
#8226 = DIRECTION('',(0.561387006404,0.82755339951,0.));
#8227 = PLANE('',#8228);
#8228 = AXIS2_PLACEMENT_3D('',#8229,#8230,#8231);
#8229 = CARTESIAN_POINT('',(0.,0.,1.585));
#8230 = DIRECTION('',(0.,0.,1.));
#8231 = DIRECTION('',(1.,0.,-0.));
#8232 = SHELL_BASED_SURFACE_MODEL('',(#8233));
#8233 = OPEN_SHELL('',(#8234));
#8234 = ADVANCED_FACE('',(#8235),#8321,.T.);
#8235 = FACE_BOUND('',#8236,.F.);
#8236 = EDGE_LOOP('',(#8237,#8248,#8256,#8265,#8273,#8282,#8290,#8299,
    #8307,#8315));
#8237 = ORIENTED_EDGE('',*,*,#8238,.T.);
#8238 = EDGE_CURVE('',#8239,#8241,#8243,.T.);
#8239 = VERTEX_POINT('',#8240);
#8240 = CARTESIAN_POINT('',(150.429998,-53.982459,1.585));
#8241 = VERTEX_POINT('',#8242);
#8242 = CARTESIAN_POINT('',(150.546666,-54.044819,1.585));
#8243 = CIRCLE('',#8244,7.500000000001E-02);
#8244 = AXIS2_PLACEMENT_3D('',#8245,#8246,#8247);
#8245 = CARTESIAN_POINT('',(150.471666,-54.04481906555,1.585));
#8246 = DIRECTION('',(0.,0.,-1.));
#8247 = DIRECTION('',(-0.555573333333,0.831467540731,0.));
#8248 = ORIENTED_EDGE('',*,*,#8249,.T.);
#8249 = EDGE_CURVE('',#8241,#8250,#8252,.T.);
#8250 = VERTEX_POINT('',#8251);
#8251 = CARTESIAN_POINT('',(150.544466,-54.775566,1.585));
#8252 = LINE('',#8253,#8254);
#8253 = CARTESIAN_POINT('',(150.546666,-54.044819,1.585));
#8254 = VECTOR('',#8255,1.);
#8255 = DIRECTION('',(-3.010604258182E-03,-0.999995468121,0.));
#8256 = ORIENTED_EDGE('',*,*,#8257,.T.);
#8257 = EDGE_CURVE('',#8250,#8258,#8260,.T.);
#8258 = VERTEX_POINT('',#8259);
#8259 = CARTESIAN_POINT('',(150.193357,-55.119089,1.585));
#8260 = CIRCLE('',#8261,0.38184101318);
#8261 = AXIS2_PLACEMENT_3D('',#8262,#8263,#8264);
#8262 = CARTESIAN_POINT('',(150.16444350032,-54.73834424444,1.585));
#8263 = DIRECTION('',(0.,0.,-1.));
#8264 = DIRECTION('',(0.995237511316,-9.747972132584E-02,0.));
#8265 = ORIENTED_EDGE('',*,*,#8266,.T.);
#8266 = EDGE_CURVE('',#8258,#8267,#8269,.T.);
#8267 = VERTEX_POINT('',#8268);
#8268 = CARTESIAN_POINT('',(150.076082,-55.118378,1.585));
#8269 = LINE('',#8270,#8271);
#8270 = CARTESIAN_POINT('',(150.193357,-55.119089,1.585));
#8271 = VECTOR('',#8272,1.);
#8272 = DIRECTION('',(-0.999981622503,6.062561787275E-03,0.));
#8273 = ORIENTED_EDGE('',*,*,#8274,.T.);
#8274 = EDGE_CURVE('',#8267,#8275,#8277,.T.);
#8275 = VERTEX_POINT('',#8276);
#8276 = CARTESIAN_POINT('',(150.090714,-54.969819,1.585));
#8277 = CIRCLE('',#8278,7.500006711464E-02);
#8278 = AXIS2_PLACEMENT_3D('',#8279,#8280,#8281);
#8279 = CARTESIAN_POINT('',(150.09071393288,-55.04481906711,1.585));
#8280 = DIRECTION('',(0.,0.,-1.));
#8281 = DIRECTION('',(-0.195092263891,-0.980784894138,-0.));
#8282 = ORIENTED_EDGE('',*,*,#8283,.T.);
#8283 = EDGE_CURVE('',#8275,#8284,#8286,.T.);
#8284 = VERTEX_POINT('',#8285);
#8285 = CARTESIAN_POINT('',(150.173782,-54.969819,1.585));
#8286 = LINE('',#8287,#8288);
#8287 = CARTESIAN_POINT('',(150.090714,-54.969819,1.585));
#8288 = VECTOR('',#8289,1.);
#8289 = DIRECTION('',(1.,0.,0.));
#8290 = ORIENTED_EDGE('',*,*,#8291,.T.);
#8291 = EDGE_CURVE('',#8284,#8292,#8294,.T.);
#8292 = VERTEX_POINT('',#8293);
#8293 = CARTESIAN_POINT('',(150.396666,-54.746934,1.585));
#8294 = CIRCLE('',#8295,0.239437351684);
#8295 = AXIS2_PLACEMENT_3D('',#8296,#8297,#8298);
#8296 = CARTESIAN_POINT('',(150.15776490658,-54.73091797844,1.585));
#8297 = DIRECTION('',(0.,0.,1.));
#8298 = DIRECTION('',(6.689471506001E-02,-0.997760039838,0.));
#8299 = ORIENTED_EDGE('',*,*,#8300,.T.);
#8300 = EDGE_CURVE('',#8292,#8301,#8303,.T.);
#8301 = VERTEX_POINT('',#8302);
#8302 = CARTESIAN_POINT('',(150.398107,-54.030187,1.585));
#8303 = LINE('',#8304,#8305);
#8304 = CARTESIAN_POINT('',(150.396666,-54.746934,1.585));
#8305 = VECTOR('',#8306,1.);
#8306 = DIRECTION('',(2.010468251347E-03,0.999997979007,0.));
#8307 = ORIENTED_EDGE('',*,*,#8308,.T.);
#8308 = EDGE_CURVE('',#8301,#8309,#8311,.T.);
#8309 = VERTEX_POINT('',#8310);
#8310 = CARTESIAN_POINT('',(150.409306,-54.003151,1.585));
#8311 = LINE('',#8312,#8313);
#8312 = CARTESIAN_POINT('',(150.398107,-54.030187,1.585));
#8313 = VECTOR('',#8314,1.);
#8314 = DIRECTION('',(0.382692828059,0.923875640631,0.));
#8315 = ORIENTED_EDGE('',*,*,#8316,.T.);
#8316 = EDGE_CURVE('',#8309,#8239,#8317,.T.);
#8317 = LINE('',#8318,#8319);
#8318 = CARTESIAN_POINT('',(150.409306,-54.003151,1.585));
#8319 = VECTOR('',#8320,1.);
#8320 = DIRECTION('',(0.707106781187,0.707106781186,0.));
#8321 = PLANE('',#8322);
#8322 = AXIS2_PLACEMENT_3D('',#8323,#8324,#8325);
#8323 = CARTESIAN_POINT('',(0.,0.,1.585));
#8324 = DIRECTION('',(0.,0.,1.));
#8325 = DIRECTION('',(1.,0.,-0.));
#8326 = SHELL_BASED_SURFACE_MODEL('',(#8327));
#8327 = OPEN_SHELL('',(#8328));
#8328 = ADVANCED_FACE('',(#8329),#8415,.T.);
#8329 = FACE_BOUND('',#8330,.F.);
#8330 = EDGE_LOOP('',(#8331,#8342,#8350,#8359,#8367,#8376,#8384,#8393,
    #8401,#8409));
#8331 = ORIENTED_EDGE('',*,*,#8332,.T.);
#8332 = EDGE_CURVE('',#8333,#8335,#8337,.T.);
#8333 = VERTEX_POINT('',#8334);
#8334 = CARTESIAN_POINT('',(96.614998,-53.182459,1.585));
#8335 = VERTEX_POINT('',#8336);
#8336 = CARTESIAN_POINT('',(96.731666,-53.244819,1.585));
#8337 = CIRCLE('',#8338,7.500000000003E-02);
#8338 = AXIS2_PLACEMENT_3D('',#8339,#8340,#8341);
#8339 = CARTESIAN_POINT('',(96.656666,-53.24481906555,1.585));
#8340 = DIRECTION('',(0.,0.,-1.));
#8341 = DIRECTION('',(-0.555573333333,0.831467540731,0.));
#8342 = ORIENTED_EDGE('',*,*,#8343,.T.);
#8343 = EDGE_CURVE('',#8335,#8344,#8346,.T.);
#8344 = VERTEX_POINT('',#8345);
#8345 = CARTESIAN_POINT('',(96.729466,-53.975566,1.585));
#8346 = LINE('',#8347,#8348);
#8347 = CARTESIAN_POINT('',(96.731666,-53.244819,1.585));
#8348 = VECTOR('',#8349,1.);
#8349 = DIRECTION('',(-3.010604258201E-03,-0.999995468121,0.));
#8350 = ORIENTED_EDGE('',*,*,#8351,.T.);
#8351 = EDGE_CURVE('',#8344,#8352,#8354,.T.);
#8352 = VERTEX_POINT('',#8353);
#8353 = CARTESIAN_POINT('',(96.378357,-54.319089,1.585));
#8354 = CIRCLE('',#8355,0.38184101318);
#8355 = AXIS2_PLACEMENT_3D('',#8356,#8357,#8358);
#8356 = CARTESIAN_POINT('',(96.349443500324,-53.93834424444,1.585));
#8357 = DIRECTION('',(0.,0.,-1.));
#8358 = DIRECTION('',(0.995237511316,-9.747972132591E-02,0.));
#8359 = ORIENTED_EDGE('',*,*,#8360,.T.);
#8360 = EDGE_CURVE('',#8352,#8361,#8363,.T.);
#8361 = VERTEX_POINT('',#8362);
#8362 = CARTESIAN_POINT('',(96.261082,-54.318378,1.585));
#8363 = LINE('',#8364,#8365);
#8364 = CARTESIAN_POINT('',(96.378357,-54.319089,1.585));
#8365 = VECTOR('',#8366,1.);
#8366 = DIRECTION('',(-0.999981622503,6.062561787213E-03,0.));
#8367 = ORIENTED_EDGE('',*,*,#8368,.T.);
#8368 = EDGE_CURVE('',#8361,#8369,#8371,.T.);
#8369 = VERTEX_POINT('',#8370);
#8370 = CARTESIAN_POINT('',(96.275714,-54.169819,1.585));
#8371 = CIRCLE('',#8372,7.500006711464E-02);
#8372 = AXIS2_PLACEMENT_3D('',#8373,#8374,#8375);
#8373 = CARTESIAN_POINT('',(96.275713932885,-54.24481906711,1.585));
#8374 = DIRECTION('',(0.,0.,-1.));
#8375 = DIRECTION('',(-0.195092263891,-0.980784894138,-0.));
#8376 = ORIENTED_EDGE('',*,*,#8377,.T.);
#8377 = EDGE_CURVE('',#8369,#8378,#8380,.T.);
#8378 = VERTEX_POINT('',#8379);
#8379 = CARTESIAN_POINT('',(96.358782,-54.169819,1.585));
#8380 = LINE('',#8381,#8382);
#8381 = CARTESIAN_POINT('',(96.275714,-54.169819,1.585));
#8382 = VECTOR('',#8383,1.);
#8383 = DIRECTION('',(1.,0.,0.));
#8384 = ORIENTED_EDGE('',*,*,#8385,.T.);
#8385 = EDGE_CURVE('',#8378,#8386,#8388,.T.);
#8386 = VERTEX_POINT('',#8387);
#8387 = CARTESIAN_POINT('',(96.581666,-53.946934,1.585));
#8388 = CIRCLE('',#8389,0.239437351684);
#8389 = AXIS2_PLACEMENT_3D('',#8390,#8391,#8392);
#8390 = CARTESIAN_POINT('',(96.342764906584,-53.93091797844,1.585));
#8391 = DIRECTION('',(0.,0.,1.));
#8392 = DIRECTION('',(6.689471506019E-02,-0.997760039838,0.));
#8393 = ORIENTED_EDGE('',*,*,#8394,.T.);
#8394 = EDGE_CURVE('',#8386,#8395,#8397,.T.);
#8395 = VERTEX_POINT('',#8396);
#8396 = CARTESIAN_POINT('',(96.583107,-53.230187,1.585));
#8397 = LINE('',#8398,#8399);
#8398 = CARTESIAN_POINT('',(96.581666,-53.946934,1.585));
#8399 = VECTOR('',#8400,1.);
#8400 = DIRECTION('',(2.010468251347E-03,0.999997979007,0.));
#8401 = ORIENTED_EDGE('',*,*,#8402,.T.);
#8402 = EDGE_CURVE('',#8395,#8403,#8405,.T.);
#8403 = VERTEX_POINT('',#8404);
#8404 = CARTESIAN_POINT('',(96.594306,-53.203151,1.585));
#8405 = LINE('',#8406,#8407);
#8406 = CARTESIAN_POINT('',(96.583107,-53.230187,1.585));
#8407 = VECTOR('',#8408,1.);
#8408 = DIRECTION('',(0.38269282806,0.923875640631,0.));
#8409 = ORIENTED_EDGE('',*,*,#8410,.T.);
#8410 = EDGE_CURVE('',#8403,#8333,#8411,.T.);
#8411 = LINE('',#8412,#8413);
#8412 = CARTESIAN_POINT('',(96.594306,-53.203151,1.585));
#8413 = VECTOR('',#8414,1.);
#8414 = DIRECTION('',(0.707106781187,0.707106781187,0.));
#8415 = PLANE('',#8416);
#8416 = AXIS2_PLACEMENT_3D('',#8417,#8418,#8419);
#8417 = CARTESIAN_POINT('',(0.,0.,1.585));
#8418 = DIRECTION('',(0.,0.,1.));
#8419 = DIRECTION('',(1.,0.,-0.));
#8420 = SHELL_BASED_SURFACE_MODEL('',(#8421));
#8421 = OPEN_SHELL('',(#8422));
#8422 = ADVANCED_FACE('',(#8423),#8609,.T.);
#8423 = FACE_BOUND('',#8424,.F.);
#8424 = EDGE_LOOP('',(#8425,#8436,#8444,#8453,#8461,#8469,#8478,#8486,
    #8495,#8503,#8511,#8519,#8528,#8536,#8545,#8553,#8562,#8570,#8578,
    #8586,#8595,#8603));
#8425 = ORIENTED_EDGE('',*,*,#8426,.T.);
#8426 = EDGE_CURVE('',#8427,#8429,#8431,.T.);
#8427 = VERTEX_POINT('',#8428);
#8428 = CARTESIAN_POINT('',(97.022987,-53.318378,1.585));
#8429 = VERTEX_POINT('',#8430);
#8430 = CARTESIAN_POINT('',(97.037619,-53.169819,1.585));
#8431 = CIRCLE('',#8432,7.500006711464E-02);
#8432 = AXIS2_PLACEMENT_3D('',#8433,#8434,#8435);
#8433 = CARTESIAN_POINT('',(97.037618932885,-53.24481906711,1.585));
#8434 = DIRECTION('',(0.,0.,-1.));
#8435 = DIRECTION('',(-0.195092263891,-0.980784894138,-0.));
#8436 = ORIENTED_EDGE('',*,*,#8437,.T.);
#8437 = EDGE_CURVE('',#8429,#8438,#8440,.T.);
#8438 = VERTEX_POINT('',#8439);
#8439 = CARTESIAN_POINT('',(97.664404,-53.170581,1.585));
#8440 = LINE('',#8441,#8442);
#8441 = CARTESIAN_POINT('',(97.037619,-53.169819,1.585));
#8442 = VECTOR('',#8443,1.);
#8443 = DIRECTION('',(0.999999261004,-1.215726982756E-03,0.));
#8444 = ORIENTED_EDGE('',*,*,#8445,.T.);
#8445 = EDGE_CURVE('',#8438,#8446,#8448,.T.);
#8446 = VERTEX_POINT('',#8447);
#8447 = CARTESIAN_POINT('',(97.730225,-53.259451,1.585));
#8448 = CIRCLE('',#8449,7.447391611626E-02);
#8449 = AXIS2_PLACEMENT_3D('',#8450,#8451,#8452);
#8450 = CARTESIAN_POINT('',(97.657224926644,-53.2447080874,1.585));
#8451 = DIRECTION('',(0.,0.,-1.));
#8452 = DIRECTION('',(9.639715124813E-02,0.995342950561,0.));
#8453 = ORIENTED_EDGE('',*,*,#8454,.T.);
#8454 = EDGE_CURVE('',#8446,#8455,#8457,.T.);
#8455 = VERTEX_POINT('',#8456);
#8456 = CARTESIAN_POINT('',(97.713109,-53.294207,1.585));
#8457 = LINE('',#8458,#8459);
#8458 = CARTESIAN_POINT('',(97.730225,-53.259451,1.585));
#8459 = VECTOR('',#8460,1.);
#8460 = DIRECTION('',(-0.441795255027,-0.897115908139,0.));
#8461 = ORIENTED_EDGE('',*,*,#8462,.T.);
#8462 = EDGE_CURVE('',#8455,#8463,#8465,.T.);
#8463 = VERTEX_POINT('',#8464);
#8464 = CARTESIAN_POINT('',(97.486213,-53.553516,1.585));
#8465 = LINE('',#8466,#8467);
#8466 = CARTESIAN_POINT('',(97.713109,-53.294207,1.585));
#8467 = VECTOR('',#8468,1.);
#8468 = DIRECTION('',(-0.658505635208,-0.752575795784,0.));
#8469 = ORIENTED_EDGE('',*,*,#8470,.T.);
#8470 = EDGE_CURVE('',#8463,#8471,#8473,.T.);
#8471 = VERTEX_POINT('',#8472);
#8472 = CARTESIAN_POINT('',(97.730225,-53.801615,1.585));
#8473 = CIRCLE('',#8474,0.348520834816);
#8474 = AXIS2_PLACEMENT_3D('',#8475,#8476,#8477);
#8475 = CARTESIAN_POINT('',(97.3929196174,-53.88931819931,1.585));
#8476 = DIRECTION('',(0.,0.,-1.));
#8477 = DIRECTION('',(0.267683803321,0.963506814423,0.));
#8478 = ORIENTED_EDGE('',*,*,#8479,.T.);
#8479 = EDGE_CURVE('',#8471,#8480,#8482,.T.);
#8480 = VERTEX_POINT('',#8481);
#8481 = CARTESIAN_POINT('',(97.729003,-54.074152,1.585));
#8482 = LINE('',#8483,#8484);
#8483 = CARTESIAN_POINT('',(97.730225,-53.801615,1.585));
#8484 = VECTOR('',#8485,1.);
#8485 = DIRECTION('',(-4.483749789516E-03,-0.999989947943,0.));
#8486 = ORIENTED_EDGE('',*,*,#8487,.T.);
#8487 = EDGE_CURVE('',#8480,#8488,#8490,.T.);
#8488 = VERTEX_POINT('',#8489);
#8489 = CARTESIAN_POINT('',(97.480822,-54.318378,1.585));
#8490 = CIRCLE('',#8491,0.348635327447);
#8491 = AXIS2_PLACEMENT_3D('',#8492,#8493,#8494);
#8492 = CARTESIAN_POINT('',(97.393050481291,-53.98097208415,1.585));
#8493 = DIRECTION('',(0.,0.,-1.));
#8494 = DIRECTION('',(0.963621561732,-0.267270435638,0.));
#8495 = ORIENTED_EDGE('',*,*,#8496,.T.);
#8496 = EDGE_CURVE('',#8488,#8497,#8499,.T.);
#8497 = VERTEX_POINT('',#8498);
#8498 = CARTESIAN_POINT('',(97.160666,-54.317156,1.585));
#8499 = LINE('',#8500,#8501);
#8500 = CARTESIAN_POINT('',(97.480822,-54.318378,1.585));
#8501 = VECTOR('',#8502,1.);
#8502 = DIRECTION('',(-0.999992715758,3.816861463354E-03,0.));
#8503 = ORIENTED_EDGE('',*,*,#8504,.T.);
#8504 = EDGE_CURVE('',#8497,#8505,#8507,.T.);
#8505 = VERTEX_POINT('',#8506);
#8506 = CARTESIAN_POINT('',(97.037953,-54.25495,1.585));
#8507 = LINE('',#8508,#8509);
#8508 = CARTESIAN_POINT('',(97.160666,-54.317156,1.585));
#8509 = VECTOR('',#8510,1.);
#8510 = DIRECTION('',(-0.891943702445,0.452146471476,0.));
#8511 = ORIENTED_EDGE('',*,*,#8512,.T.);
#8512 = EDGE_CURVE('',#8505,#8513,#8515,.T.);
#8513 = VERTEX_POINT('',#8514);
#8514 = CARTESIAN_POINT('',(96.975258,-54.191247,1.585));
#8515 = LINE('',#8516,#8517);
#8516 = CARTESIAN_POINT('',(97.037953,-54.25495,1.585));
#8517 = VECTOR('',#8518,1.);
#8518 = DIRECTION('',(-0.701445434384,0.712723159846,0.));
#8519 = ORIENTED_EDGE('',*,*,#8520,.T.);
#8520 = EDGE_CURVE('',#8513,#8521,#8523,.T.);
#8521 = VERTEX_POINT('',#8522);
#8522 = CARTESIAN_POINT('',(97.090653,-54.096548,1.585));
#8523 = CIRCLE('',#8524,7.50001266804E-02);
#8524 = AXIS2_PLACEMENT_3D('',#8525,#8526,#8527);
#8525 = CARTESIAN_POINT('',(97.037619051994,-54.14958024831,1.585));
#8526 = DIRECTION('',(0.,0.,-1.));
#8527 = DIRECTION('',(-0.831479288827,-0.555555750804,-0.));
#8528 = ORIENTED_EDGE('',*,*,#8529,.T.);
#8529 = EDGE_CURVE('',#8521,#8530,#8532,.T.);
#8530 = VERTEX_POINT('',#8531);
#8531 = CARTESIAN_POINT('',(97.129665,-54.135561,1.585));
#8532 = LINE('',#8533,#8534);
#8533 = CARTESIAN_POINT('',(97.090653,-54.096548,1.585));
#8534 = VECTOR('',#8535,1.);
#8535 = DIRECTION('',(0.707097718562,-0.707115843695,0.));
#8536 = ORIENTED_EDGE('',*,*,#8537,.T.);
#8537 = EDGE_CURVE('',#8530,#8538,#8540,.T.);
#8538 = VERTEX_POINT('',#8539);
#8539 = CARTESIAN_POINT('',(97.517,-54.135561,1.585));
#8540 = CIRCLE('',#8541,0.358502380266);
#8541 = AXIS2_PLACEMENT_3D('',#8542,#8543,#8544);
#8542 = CARTESIAN_POINT('',(97.3233325,-53.833871,1.585));
#8543 = DIRECTION('',(0.,0.,1.));
#8544 = DIRECTION('',(-0.540212591772,-0.841528582813,0.));
#8545 = ORIENTED_EDGE('',*,*,#8546,.T.);
#8546 = EDGE_CURVE('',#8538,#8547,#8549,.T.);
#8547 = VERTEX_POINT('',#8548);
#8548 = CARTESIAN_POINT('',(97.547407,-54.105153,1.585));
#8549 = LINE('',#8550,#8551);
#8550 = CARTESIAN_POINT('',(97.517,-54.135561,1.585));
#8551 = VECTOR('',#8552,1.);
#8552 = DIRECTION('',(0.707095153914,0.707118408268,0.));
#8553 = ORIENTED_EDGE('',*,*,#8554,.T.);
#8554 = EDGE_CURVE('',#8547,#8555,#8557,.T.);
#8555 = VERTEX_POINT('',#8556);
#8556 = CARTESIAN_POINT('',(97.547408,-53.765436,1.585));
#8557 = CIRCLE('',#8558,0.305616146029);
#8558 = AXIS2_PLACEMENT_3D('',#8559,#8560,#8561);
#8559 = CARTESIAN_POINT('',(97.293341920492,-53.93529375212,1.585));
#8560 = DIRECTION('',(0.,-0.,1.));
#8561 = DIRECTION('',(0.831320867071,-0.555792781505,-0.));
#8562 = ORIENTED_EDGE('',*,*,#8563,.T.);
#8563 = EDGE_CURVE('',#8555,#8564,#8566,.T.);
#8564 = VERTEX_POINT('',#8565);
#8565 = CARTESIAN_POINT('',(97.517001,-53.735029,1.585));
#8566 = LINE('',#8567,#8568);
#8567 = CARTESIAN_POINT('',(97.547408,-53.765436,1.585));
#8568 = VECTOR('',#8569,1.);
#8569 = DIRECTION('',(-0.707106781187,0.707106781186,0.));
#8570 = ORIENTED_EDGE('',*,*,#8571,.T.);
#8571 = EDGE_CURVE('',#8564,#8572,#8574,.T.);
#8572 = VERTEX_POINT('',#8573);
#8573 = CARTESIAN_POINT('',(97.448485,-53.700771,1.585));
#8574 = LINE('',#8575,#8576);
#8575 = CARTESIAN_POINT('',(97.517001,-53.735029,1.585));
#8576 = VECTOR('',#8577,1.);
#8577 = DIRECTION('',(-0.894427191,0.4472135955,0.));
#8578 = ORIENTED_EDGE('',*,*,#8579,.T.);
#8579 = EDGE_CURVE('',#8572,#8580,#8582,.T.);
#8580 = VERTEX_POINT('',#8581);
#8581 = CARTESIAN_POINT('',(97.308701,-53.69933,1.585));
#8582 = LINE('',#8583,#8584);
#8583 = CARTESIAN_POINT('',(97.448485,-53.700771,1.585));
#8584 = VECTOR('',#8585,1.);
#8585 = DIRECTION('',(-0.999946868947,1.030821437469E-02,0.));
#8586 = ORIENTED_EDGE('',*,*,#8587,.T.);
#8587 = EDGE_CURVE('',#8580,#8588,#8590,.T.);
#8588 = VERTEX_POINT('',#8589);
#8589 = CARTESIAN_POINT('',(97.26689,-53.576383,1.585));
#8590 = CIRCLE('',#8591,7.500015628756E-02);
#8591 = AXIS2_PLACEMENT_3D('',#8592,#8593,#8594);
#8592 = CARTESIAN_POINT('',(97.323333284325,-53.6257710461,1.585));
#8593 = DIRECTION('',(0.,0.,-1.));
#8594 = DIRECTION('',(-0.195096717785,-0.980784008184,-0.));
#8595 = ORIENTED_EDGE('',*,*,#8596,.T.);
#8596 = EDGE_CURVE('',#8588,#8597,#8599,.T.);
#8597 = VERTEX_POINT('',#8598);
#8598 = CARTESIAN_POINT('',(97.491384,-53.319819,1.585));
#8599 = LINE('',#8600,#8601);
#8600 = CARTESIAN_POINT('',(97.26689,-53.576383,1.585));
#8601 = VECTOR('',#8602,1.);
#8602 = DIRECTION('',(0.658505438534,0.752575967874,0.));
#8603 = ORIENTED_EDGE('',*,*,#8604,.T.);
#8604 = EDGE_CURVE('',#8597,#8427,#8605,.T.);
#8605 = LINE('',#8606,#8607);
#8606 = CARTESIAN_POINT('',(97.491384,-53.319819,1.585));
#8607 = VECTOR('',#8608,1.);
#8608 = DIRECTION('',(-0.999995267761,3.076435546862E-03,0.));
#8609 = PLANE('',#8610);
#8610 = AXIS2_PLACEMENT_3D('',#8611,#8612,#8613);
#8611 = CARTESIAN_POINT('',(0.,0.,1.585));
#8612 = DIRECTION('',(0.,0.,1.));
#8613 = DIRECTION('',(1.,0.,-0.));
#8614 = SHELL_BASED_SURFACE_MODEL('',(#8615));
#8615 = OPEN_SHELL('',(#8616));
#8616 = ADVANCED_FACE('',(#8617),#8686,.T.);
#8617 = FACE_BOUND('',#8618,.F.);
#8618 = EDGE_LOOP('',(#8619,#8630,#8638,#8646,#8655,#8663,#8672,#8680));
#8619 = ORIENTED_EDGE('',*,*,#8620,.T.);
#8620 = EDGE_CURVE('',#8621,#8623,#8625,.T.);
#8621 = VERTEX_POINT('',#8622);
#8622 = CARTESIAN_POINT('',(143.679567,-38.917039,1.585));
#8623 = VERTEX_POINT('',#8624);
#8624 = CARTESIAN_POINT('',(143.795,-38.94,1.585));
#8625 = CIRCLE('',#8626,6.000007318647E-02);
#8626 = AXIS2_PLACEMENT_3D('',#8627,#8628,#8629);
#8627 = CARTESIAN_POINT('',(143.73499992681,-38.93999982331,1.585));
#8628 = DIRECTION('',(0.,0.,-1.));
#8629 = DIRECTION('',(-0.923880986637,0.382679921777,0.));
#8630 = ORIENTED_EDGE('',*,*,#8631,.T.);
#8631 = EDGE_CURVE('',#8623,#8632,#8634,.T.);
#8632 = VERTEX_POINT('',#8633);
#8633 = CARTESIAN_POINT('',(143.795,-52.89,1.585));
#8634 = LINE('',#8635,#8636);
#8635 = CARTESIAN_POINT('',(143.795,-38.94,1.585));
#8636 = VECTOR('',#8637,1.);
#8637 = DIRECTION('',(0.,-1.,0.));
#8638 = ORIENTED_EDGE('',*,*,#8639,.T.);
#8639 = EDGE_CURVE('',#8632,#8640,#8642,.T.);
#8640 = VERTEX_POINT('',#8641);
#8641 = CARTESIAN_POINT('',(145.655,-52.89,1.585));
#8642 = LINE('',#8643,#8644);
#8643 = CARTESIAN_POINT('',(143.795,-52.89,1.585));
#8644 = VECTOR('',#8645,1.);
#8645 = DIRECTION('',(1.,0.,0.));
#8646 = ORIENTED_EDGE('',*,*,#8647,.T.);
#8647 = EDGE_CURVE('',#8640,#8648,#8650,.T.);
#8648 = VERTEX_POINT('',#8649);
#8649 = CARTESIAN_POINT('',(145.655,-53.01,1.585));
#8650 = CIRCLE('',#8651,6.000000000043E-02);
#8651 = AXIS2_PLACEMENT_3D('',#8652,#8653,#8654);
#8652 = CARTESIAN_POINT('',(145.65500022558,-52.95,1.585));
#8653 = DIRECTION('',(0.,0.,-1.));
#8654 = DIRECTION('',(-3.759793779989E-06,0.999999999993,-0.));
#8655 = ORIENTED_EDGE('',*,*,#8656,.T.);
#8656 = EDGE_CURVE('',#8648,#8657,#8659,.T.);
#8657 = VERTEX_POINT('',#8658);
#8658 = CARTESIAN_POINT('',(143.735,-53.01,1.585));
#8659 = LINE('',#8660,#8661);
#8660 = CARTESIAN_POINT('',(145.655,-53.01,1.585));
#8661 = VECTOR('',#8662,1.);
#8662 = DIRECTION('',(-1.,0.,0.));
#8663 = ORIENTED_EDGE('',*,*,#8664,.T.);
#8664 = EDGE_CURVE('',#8657,#8665,#8667,.T.);
#8665 = VERTEX_POINT('',#8666);
#8666 = CARTESIAN_POINT('',(143.675,-52.95,1.585));
#8667 = CIRCLE('',#8668,5.999932016259E-02);
#8668 = AXIS2_PLACEMENT_3D('',#8669,#8670,#8671);
#8669 = CARTESIAN_POINT('',(143.73499932015,-52.95000067984,1.585));
#8670 = DIRECTION('',(0.,0.,-1.));
#8671 = DIRECTION('',(1.133081612142E-05,-0.999999999936,0.));
#8672 = ORIENTED_EDGE('',*,*,#8673,.T.);
#8673 = EDGE_CURVE('',#8665,#8674,#8676,.T.);
#8674 = VERTEX_POINT('',#8675);
#8675 = CARTESIAN_POINT('',(143.675,-38.94,1.585));
#8676 = LINE('',#8677,#8678);
#8677 = CARTESIAN_POINT('',(143.675,-52.95,1.585));
#8678 = VECTOR('',#8679,1.);
#8679 = DIRECTION('',(0.,1.,0.));
#8680 = ORIENTED_EDGE('',*,*,#8681,.T.);
#8681 = EDGE_CURVE('',#8674,#8621,#8682,.T.);
#8682 = LINE('',#8683,#8684);
#8683 = CARTESIAN_POINT('',(143.675,-38.94,1.585));
#8684 = VECTOR('',#8685,1.);
#8685 = DIRECTION('',(0.195081000117,0.980787134598,0.));
#8686 = PLANE('',#8687);
#8687 = AXIS2_PLACEMENT_3D('',#8688,#8689,#8690);
#8688 = CARTESIAN_POINT('',(0.,0.,1.585));
#8689 = DIRECTION('',(0.,0.,1.));
#8690 = DIRECTION('',(1.,0.,-0.));
#8691 = SHELL_BASED_SURFACE_MODEL('',(#8692));
#8692 = OPEN_SHELL('',(#8693));
#8693 = ADVANCED_FACE('',(#8694),#8763,.T.);
#8694 = FACE_BOUND('',#8695,.F.);
#8695 = EDGE_LOOP('',(#8696,#8707,#8715,#8724,#8732,#8741,#8749,#8757));
#8696 = ORIENTED_EDGE('',*,*,#8697,.T.);
#8697 = EDGE_CURVE('',#8698,#8700,#8702,.T.);
#8698 = VERTEX_POINT('',#8699);
#8699 = CARTESIAN_POINT('',(157.649567,-49.317039,1.585));
#8700 = VERTEX_POINT('',#8701);
#8701 = CARTESIAN_POINT('',(157.765,-49.34,1.585));
#8702 = CIRCLE('',#8703,6.000007318647E-02);
#8703 = AXIS2_PLACEMENT_3D('',#8704,#8705,#8706);
#8704 = CARTESIAN_POINT('',(157.70499992681,-49.33999982331,1.585));
#8705 = DIRECTION('',(0.,0.,-1.));
#8706 = DIRECTION('',(-0.923880986637,0.382679921777,0.));
#8707 = ORIENTED_EDGE('',*,*,#8708,.T.);
#8708 = EDGE_CURVE('',#8700,#8709,#8711,.T.);
#8709 = VERTEX_POINT('',#8710);
#8710 = CARTESIAN_POINT('',(157.765,-52.95,1.585));
#8711 = LINE('',#8712,#8713);
#8712 = CARTESIAN_POINT('',(157.765,-49.34,1.585));
#8713 = VECTOR('',#8714,1.);
#8714 = DIRECTION('',(0.,-1.,0.));
#8715 = ORIENTED_EDGE('',*,*,#8716,.T.);
#8716 = EDGE_CURVE('',#8709,#8717,#8719,.T.);
#8717 = VERTEX_POINT('',#8718);
#8718 = CARTESIAN_POINT('',(157.705,-53.01,1.585));
#8719 = CIRCLE('',#8720,5.999932016254E-02);
#8720 = AXIS2_PLACEMENT_3D('',#8721,#8722,#8723);
#8721 = CARTESIAN_POINT('',(157.70500067984,-52.95000067984,1.585));
#8722 = DIRECTION('',(0.,0.,-1.));
#8723 = DIRECTION('',(0.999999999936,1.133081683199E-05,0.));
#8724 = ORIENTED_EDGE('',*,*,#8725,.T.);
#8725 = EDGE_CURVE('',#8717,#8726,#8728,.T.);
#8726 = VERTEX_POINT('',#8727);
#8727 = CARTESIAN_POINT('',(157.255,-53.01,1.585));
#8728 = LINE('',#8729,#8730);
#8729 = CARTESIAN_POINT('',(157.705,-53.01,1.585));
#8730 = VECTOR('',#8731,1.);
#8731 = DIRECTION('',(-1.,0.,0.));
#8732 = ORIENTED_EDGE('',*,*,#8733,.T.);
#8733 = EDGE_CURVE('',#8726,#8734,#8736,.T.);
#8734 = VERTEX_POINT('',#8735);
#8735 = CARTESIAN_POINT('',(157.255,-52.89,1.585));
#8736 = CIRCLE('',#8737,6.000000000042E-02);
#8737 = AXIS2_PLACEMENT_3D('',#8738,#8739,#8740);
#8738 = CARTESIAN_POINT('',(157.25499977441,-52.95,1.585));
#8739 = DIRECTION('',(0.,0.,-1.));
#8740 = DIRECTION('',(3.759794253684E-06,-0.999999999993,0.));
#8741 = ORIENTED_EDGE('',*,*,#8742,.T.);
#8742 = EDGE_CURVE('',#8734,#8743,#8745,.T.);
#8743 = VERTEX_POINT('',#8744);
#8744 = CARTESIAN_POINT('',(157.645,-52.89,1.585));
#8745 = LINE('',#8746,#8747);
#8746 = CARTESIAN_POINT('',(157.255,-52.89,1.585));
#8747 = VECTOR('',#8748,1.);
#8748 = DIRECTION('',(1.,0.,0.));
#8749 = ORIENTED_EDGE('',*,*,#8750,.T.);
#8750 = EDGE_CURVE('',#8743,#8751,#8753,.T.);
#8751 = VERTEX_POINT('',#8752);
#8752 = CARTESIAN_POINT('',(157.645,-49.34,1.585));
#8753 = LINE('',#8754,#8755);
#8754 = CARTESIAN_POINT('',(157.645,-52.89,1.585));
#8755 = VECTOR('',#8756,1.);
#8756 = DIRECTION('',(0.,1.,0.));
#8757 = ORIENTED_EDGE('',*,*,#8758,.T.);
#8758 = EDGE_CURVE('',#8751,#8698,#8759,.T.);
#8759 = LINE('',#8760,#8761);
#8760 = CARTESIAN_POINT('',(157.645,-49.34,1.585));
#8761 = VECTOR('',#8762,1.);
#8762 = DIRECTION('',(0.195081000117,0.980787134598,0.));
#8763 = PLANE('',#8764);
#8764 = AXIS2_PLACEMENT_3D('',#8765,#8766,#8767);
#8765 = CARTESIAN_POINT('',(0.,0.,1.585));
#8766 = DIRECTION('',(0.,0.,1.));
#8767 = DIRECTION('',(1.,0.,-0.));
#8768 = SHELL_BASED_SURFACE_MODEL('',(#8769));
#8769 = OPEN_SHELL('',(#8770));
#8770 = ADVANCED_FACE('',(#8771),#8815,.T.);
#8771 = FACE_BOUND('',#8772,.F.);
#8772 = EDGE_LOOP('',(#8773,#8784,#8792,#8801,#8809));
#8773 = ORIENTED_EDGE('',*,*,#8774,.T.);
#8774 = EDGE_CURVE('',#8775,#8777,#8779,.T.);
#8775 = VERTEX_POINT('',#8776);
#8776 = CARTESIAN_POINT('',(157.649567,-42.917039,1.585));
#8777 = VERTEX_POINT('',#8778);
#8778 = CARTESIAN_POINT('',(157.765,-42.94,1.585));
#8779 = CIRCLE('',#8780,6.000007318647E-02);
#8780 = AXIS2_PLACEMENT_3D('',#8781,#8782,#8783);
#8781 = CARTESIAN_POINT('',(157.70499992681,-42.93999982331,1.585));
#8782 = DIRECTION('',(0.,0.,-1.));
#8783 = DIRECTION('',(-0.923880986637,0.382679921777,0.));
#8784 = ORIENTED_EDGE('',*,*,#8785,.T.);
#8785 = EDGE_CURVE('',#8777,#8786,#8788,.T.);
#8786 = VERTEX_POINT('',#8787);
#8787 = CARTESIAN_POINT('',(157.765,-47.64,1.585));
#8788 = LINE('',#8789,#8790);
#8789 = CARTESIAN_POINT('',(157.765,-42.94,1.585));
#8790 = VECTOR('',#8791,1.);
#8791 = DIRECTION('',(0.,-1.,0.));
#8792 = ORIENTED_EDGE('',*,*,#8793,.T.);
#8793 = EDGE_CURVE('',#8786,#8794,#8796,.T.);
#8794 = VERTEX_POINT('',#8795);
#8795 = CARTESIAN_POINT('',(157.645,-47.64,1.585));
#8796 = CIRCLE('',#8797,6.000000000041E-02);
#8797 = AXIS2_PLACEMENT_3D('',#8798,#8799,#8800);
#8798 = CARTESIAN_POINT('',(157.705,-47.64000022558,1.585));
#8799 = DIRECTION('',(0.,0.,-1.));
#8800 = DIRECTION('',(0.999999999993,3.759794372109E-06,0.));
#8801 = ORIENTED_EDGE('',*,*,#8802,.T.);
#8802 = EDGE_CURVE('',#8794,#8803,#8805,.T.);
#8803 = VERTEX_POINT('',#8804);
#8804 = CARTESIAN_POINT('',(157.645,-42.94,1.585));
#8805 = LINE('',#8806,#8807);
#8806 = CARTESIAN_POINT('',(157.645,-47.64,1.585));
#8807 = VECTOR('',#8808,1.);
#8808 = DIRECTION('',(0.,1.,0.));
#8809 = ORIENTED_EDGE('',*,*,#8810,.T.);
#8810 = EDGE_CURVE('',#8803,#8775,#8811,.T.);
#8811 = LINE('',#8812,#8813);
#8812 = CARTESIAN_POINT('',(157.645,-42.94,1.585));
#8813 = VECTOR('',#8814,1.);
#8814 = DIRECTION('',(0.195081000117,0.980787134598,0.));
#8815 = PLANE('',#8816);
#8816 = AXIS2_PLACEMENT_3D('',#8817,#8818,#8819);
#8817 = CARTESIAN_POINT('',(0.,0.,1.585));
#8818 = DIRECTION('',(0.,0.,1.));
#8819 = DIRECTION('',(1.,0.,-0.));
#8820 = SHELL_BASED_SURFACE_MODEL('',(#8821));
#8821 = OPEN_SHELL('',(#8822));
#8822 = ADVANCED_FACE('',(#8823),#8867,.T.);
#8823 = FACE_BOUND('',#8824,.F.);
#8824 = EDGE_LOOP('',(#8825,#8836,#8844,#8853,#8861));
#8825 = ORIENTED_EDGE('',*,*,#8826,.T.);
#8826 = EDGE_CURVE('',#8827,#8829,#8831,.T.);
#8827 = VERTEX_POINT('',#8828);
#8828 = CARTESIAN_POINT('',(157.649567,-39.817039,1.585));
#8829 = VERTEX_POINT('',#8830);
#8830 = CARTESIAN_POINT('',(157.765,-39.84,1.585));
#8831 = CIRCLE('',#8832,6.000007318647E-02);
#8832 = AXIS2_PLACEMENT_3D('',#8833,#8834,#8835);
#8833 = CARTESIAN_POINT('',(157.70499992681,-39.83999982331,1.585));
#8834 = DIRECTION('',(0.,0.,-1.));
#8835 = DIRECTION('',(-0.923880986637,0.382679921777,0.));
#8836 = ORIENTED_EDGE('',*,*,#8837,.T.);
#8837 = EDGE_CURVE('',#8829,#8838,#8840,.T.);
#8838 = VERTEX_POINT('',#8839);
#8839 = CARTESIAN_POINT('',(157.765,-41.64,1.585));
#8840 = LINE('',#8841,#8842);
#8841 = CARTESIAN_POINT('',(157.765,-39.84,1.585));
#8842 = VECTOR('',#8843,1.);
#8843 = DIRECTION('',(0.,-1.,0.));
#8844 = ORIENTED_EDGE('',*,*,#8845,.T.);
#8845 = EDGE_CURVE('',#8838,#8846,#8848,.T.);
#8846 = VERTEX_POINT('',#8847);
#8847 = CARTESIAN_POINT('',(157.645,-41.64,1.585));
#8848 = CIRCLE('',#8849,6.000000000041E-02);
#8849 = AXIS2_PLACEMENT_3D('',#8850,#8851,#8852);
#8850 = CARTESIAN_POINT('',(157.705,-41.64000022558,1.585));
#8851 = DIRECTION('',(0.,0.,-1.));
#8852 = DIRECTION('',(0.999999999993,3.759794372109E-06,0.));
#8853 = ORIENTED_EDGE('',*,*,#8854,.T.);
#8854 = EDGE_CURVE('',#8846,#8855,#8857,.T.);
#8855 = VERTEX_POINT('',#8856);
#8856 = CARTESIAN_POINT('',(157.645,-39.84,1.585));
#8857 = LINE('',#8858,#8859);
#8858 = CARTESIAN_POINT('',(157.645,-41.64,1.585));
#8859 = VECTOR('',#8860,1.);
#8860 = DIRECTION('',(0.,1.,0.));
#8861 = ORIENTED_EDGE('',*,*,#8862,.T.);
#8862 = EDGE_CURVE('',#8855,#8827,#8863,.T.);
#8863 = LINE('',#8864,#8865);
#8864 = CARTESIAN_POINT('',(157.645,-39.84,1.585));
#8865 = VECTOR('',#8866,1.);
#8866 = DIRECTION('',(0.195081000117,0.980787134598,0.));
#8867 = PLANE('',#8868);
#8868 = AXIS2_PLACEMENT_3D('',#8869,#8870,#8871);
#8869 = CARTESIAN_POINT('',(0.,0.,1.585));
#8870 = DIRECTION('',(0.,0.,1.));
#8871 = DIRECTION('',(1.,0.,-0.));
#8872 = SHELL_BASED_SURFACE_MODEL('',(#8873));
#8873 = OPEN_SHELL('',(#8874));
#8874 = ADVANCED_FACE('',(#8875),#9144,.T.);
#8875 = FACE_BOUND('',#8876,.F.);
#8876 = EDGE_LOOP('',(#8877,#8887,#8895,#8903,#8911,#8919,#8928,#8936,
    #8944,#8952,#8960,#8969,#8977,#8985,#8993,#9001,#9009,#9017,#9025,
    #9033,#9042,#9050,#9058,#9066,#9074,#9082,#9090,#9098,#9106,#9114,
    #9122,#9130,#9138));
#8877 = ORIENTED_EDGE('',*,*,#8878,.T.);
#8878 = EDGE_CURVE('',#8879,#8881,#8883,.T.);
#8879 = VERTEX_POINT('',#8880);
#8880 = CARTESIAN_POINT('',(154.794619,-36.624053,1.585));
#8881 = VERTEX_POINT('',#8882);
#8882 = CARTESIAN_POINT('',(154.815,-36.62,1.585));
#8883 = LINE('',#8884,#8885);
#8884 = CARTESIAN_POINT('',(154.794619,-36.624053,1.585));
#8885 = VECTOR('',#8886,1.);
#8886 = DIRECTION('',(0.980794790664,0.195042504616,0.));
#8887 = ORIENTED_EDGE('',*,*,#8888,.T.);
#8888 = EDGE_CURVE('',#8881,#8889,#8891,.T.);
#8889 = VERTEX_POINT('',#8890);
#8890 = CARTESIAN_POINT('',(156.675,-36.62,1.585));
#8891 = LINE('',#8892,#8893);
#8892 = CARTESIAN_POINT('',(154.815,-36.62,1.585));
#8893 = VECTOR('',#8894,1.);
#8894 = DIRECTION('',(1.,0.,0.));
#8895 = ORIENTED_EDGE('',*,*,#8896,.T.);
#8896 = EDGE_CURVE('',#8889,#8897,#8899,.T.);
#8897 = VERTEX_POINT('',#8898);
#8898 = CARTESIAN_POINT('',(156.697961,-36.624567,1.585));
#8899 = LINE('',#8900,#8901);
#8900 = CARTESIAN_POINT('',(156.675,-36.62,1.585));
#8901 = VECTOR('',#8902,1.);
#8902 = DIRECTION('',(0.980787134598,-0.195081000118,0.));
#8903 = ORIENTED_EDGE('',*,*,#8904,.T.);
#8904 = EDGE_CURVE('',#8897,#8905,#8907,.T.);
#8905 = VERTEX_POINT('',#8906);
#8906 = CARTESIAN_POINT('',(156.717426,-36.637574,1.585));
#8907 = LINE('',#8908,#8909);
#8908 = CARTESIAN_POINT('',(156.697961,-36.624567,1.585));
#8909 = VECTOR('',#8910,1.);
#8910 = DIRECTION('',(0.831451797698,-0.555596893535,0.));
#8911 = ORIENTED_EDGE('',*,*,#8912,.T.);
#8912 = EDGE_CURVE('',#8905,#8913,#8915,.T.);
#8913 = VERTEX_POINT('',#8914);
#8914 = CARTESIAN_POINT('',(156.917427,-36.837574,1.585));
#8915 = LINE('',#8916,#8917);
#8916 = CARTESIAN_POINT('',(156.717426,-36.637574,1.585));
#8917 = VECTOR('',#8918,1.);
#8918 = DIRECTION('',(0.707108548947,-0.707105013422,0.));
#8919 = ORIENTED_EDGE('',*,*,#8920,.T.);
#8920 = EDGE_CURVE('',#8913,#8921,#8923,.T.);
#8921 = VERTEX_POINT('',#8922);
#8922 = CARTESIAN_POINT('',(156.832574,-36.922427,1.585));
#8923 = CIRCLE('',#8924,6.000013170727E-02);
#8924 = AXIS2_PLACEMENT_3D('',#8925,#8926,#8927);
#8925 = CARTESIAN_POINT('',(156.87500005871,-36.88000005871,1.585));
#8926 = DIRECTION('',(0.,0.,-1.));
#8927 = DIRECTION('',(0.707114135956,0.707099426341,0.));
#8928 = ORIENTED_EDGE('',*,*,#8929,.T.);
#8929 = EDGE_CURVE('',#8921,#8930,#8932,.T.);
#8930 = VERTEX_POINT('',#8931);
#8931 = CARTESIAN_POINT('',(156.650148,-36.74,1.585));
#8932 = LINE('',#8933,#8934);
#8933 = CARTESIAN_POINT('',(156.832574,-36.922427,1.585));
#8934 = VECTOR('',#8935,1.);
#8935 = DIRECTION('',(-0.707104843124,0.707108719243,0.));
#8936 = ORIENTED_EDGE('',*,*,#8937,.T.);
#8937 = EDGE_CURVE('',#8930,#8938,#8940,.T.);
#8938 = VERTEX_POINT('',#8939);
#8939 = CARTESIAN_POINT('',(154.838999,-36.74,1.585));
#8940 = LINE('',#8941,#8942);
#8941 = CARTESIAN_POINT('',(156.650148,-36.74,1.585));
#8942 = VECTOR('',#8943,1.);
#8943 = DIRECTION('',(-1.,0.,0.));
#8944 = ORIENTED_EDGE('',*,*,#8945,.T.);
#8945 = EDGE_CURVE('',#8938,#8946,#8948,.T.);
#8946 = VERTEX_POINT('',#8947);
#8947 = CARTESIAN_POINT('',(154.665,-36.905713,1.585));
#8948 = LINE('',#8949,#8950);
#8949 = CARTESIAN_POINT('',(154.838999,-36.74,1.585));
#8950 = VECTOR('',#8951,1.);
#8951 = DIRECTION('',(-0.724138623833,-0.689654444975,0.));
#8952 = ORIENTED_EDGE('',*,*,#8953,.T.);
#8953 = EDGE_CURVE('',#8946,#8954,#8956,.T.);
#8954 = VERTEX_POINT('',#8955);
#8955 = CARTESIAN_POINT('',(154.665,-37.03,1.585));
#8956 = LINE('',#8957,#8958);
#8957 = CARTESIAN_POINT('',(154.665,-36.905713,1.585));
#8958 = VECTOR('',#8959,1.);
#8959 = DIRECTION('',(0.,-1.,0.));
#8960 = ORIENTED_EDGE('',*,*,#8961,.T.);
#8961 = EDGE_CURVE('',#8954,#8962,#8964,.T.);
#8962 = VERTEX_POINT('',#8963);
#8963 = CARTESIAN_POINT('',(154.605,-37.09,1.585));
#8964 = CIRCLE('',#8965,5.999932016253E-02);
#8965 = AXIS2_PLACEMENT_3D('',#8966,#8967,#8968);
#8966 = CARTESIAN_POINT('',(154.60500067984,-37.03000067984,1.585));
#8967 = DIRECTION('',(0.,0.,-1.));
#8968 = DIRECTION('',(0.999999999936,1.133081706884E-05,0.));
#8969 = ORIENTED_EDGE('',*,*,#8970,.T.);
#8970 = EDGE_CURVE('',#8962,#8971,#8973,.T.);
#8971 = VERTEX_POINT('',#8972);
#8972 = CARTESIAN_POINT('',(148.222566,-37.088698,1.585));
#8973 = LINE('',#8974,#8975);
#8974 = CARTESIAN_POINT('',(154.605,-37.09,1.585));
#8975 = VECTOR('',#8976,1.);
#8976 = DIRECTION('',(-0.999999979193,2.039974048946E-04,0.));
#8977 = ORIENTED_EDGE('',*,*,#8978,.T.);
#8978 = EDGE_CURVE('',#8971,#8979,#8981,.T.);
#8979 = VERTEX_POINT('',#8980);
#8980 = CARTESIAN_POINT('',(148.20105,-37.079471,1.585));
#8981 = LINE('',#8982,#8983);
#8982 = CARTESIAN_POINT('',(148.222566,-37.088698,1.585));
#8983 = VECTOR('',#8984,1.);
#8984 = DIRECTION('',(-0.919054420606,0.394130653418,0.));
#8985 = ORIENTED_EDGE('',*,*,#8986,.T.);
#8986 = EDGE_CURVE('',#8979,#8987,#8989,.T.);
#8987 = VERTEX_POINT('',#8988);
#8988 = CARTESIAN_POINT('',(147.706391,-36.74,1.585));
#8989 = LINE('',#8990,#8991);
#8990 = CARTESIAN_POINT('',(148.20105,-37.079471,1.585));
#8991 = VECTOR('',#8992,1.);
#8992 = DIRECTION('',(-0.824514023559,0.565841519292,0.));
#8993 = ORIENTED_EDGE('',*,*,#8994,.T.);
#8994 = EDGE_CURVE('',#8987,#8995,#8997,.T.);
#8995 = VERTEX_POINT('',#8996);
#8996 = CARTESIAN_POINT('',(145.439853,-36.74,1.585));
#8997 = LINE('',#8998,#8999);
#8998 = CARTESIAN_POINT('',(147.706391,-36.74,1.585));
#8999 = VECTOR('',#9000,1.);
#9000 = DIRECTION('',(-1.,0.,0.));
#9001 = ORIENTED_EDGE('',*,*,#9002,.T.);
#9002 = EDGE_CURVE('',#8995,#9003,#9005,.T.);
#9003 = VERTEX_POINT('',#9004);
#9004 = CARTESIAN_POINT('',(145.257426,-36.922426,1.585));
#9005 = LINE('',#9006,#9007);
#9006 = CARTESIAN_POINT('',(145.439853,-36.74,1.585));
#9007 = VECTOR('',#9008,1.);
#9008 = DIRECTION('',(-0.707108719243,-0.707104843125,0.));
#9009 = ORIENTED_EDGE('',*,*,#9010,.T.);
#9010 = EDGE_CURVE('',#9003,#9011,#9013,.T.);
#9011 = VERTEX_POINT('',#9012);
#9012 = CARTESIAN_POINT('',(145.237961,-36.935433,1.585));
#9013 = LINE('',#9014,#9015);
#9014 = CARTESIAN_POINT('',(145.257426,-36.922426,1.585));
#9015 = VECTOR('',#9016,1.);
#9016 = DIRECTION('',(-0.831451797698,-0.555596893535,0.));
#9017 = ORIENTED_EDGE('',*,*,#9018,.T.);
#9018 = EDGE_CURVE('',#9011,#9019,#9021,.T.);
#9019 = VERTEX_POINT('',#9020);
#9020 = CARTESIAN_POINT('',(145.215,-36.94,1.585));
#9021 = LINE('',#9022,#9023);
#9022 = CARTESIAN_POINT('',(145.237961,-36.935433,1.585));
#9023 = VECTOR('',#9024,1.);
#9024 = DIRECTION('',(-0.980787134598,-0.195081000118,0.));
#9025 = ORIENTED_EDGE('',*,*,#9026,.T.);
#9026 = EDGE_CURVE('',#9019,#9027,#9029,.T.);
#9027 = VERTEX_POINT('',#9028);
#9028 = CARTESIAN_POINT('',(144.955,-36.94,1.585));
#9029 = LINE('',#9030,#9031);
#9030 = CARTESIAN_POINT('',(145.215,-36.94,1.585));
#9031 = VECTOR('',#9032,1.);
#9032 = DIRECTION('',(-1.,0.,0.));
#9033 = ORIENTED_EDGE('',*,*,#9034,.T.);
#9034 = EDGE_CURVE('',#9027,#9035,#9037,.T.);
#9035 = VERTEX_POINT('',#9036);
#9036 = CARTESIAN_POINT('',(144.955,-36.82,1.585));
#9037 = CIRCLE('',#9038,6.000000000042E-02);
#9038 = AXIS2_PLACEMENT_3D('',#9039,#9040,#9041);
#9039 = CARTESIAN_POINT('',(144.95499977441,-36.88,1.585));
#9040 = DIRECTION('',(0.,0.,-1.));
#9041 = DIRECTION('',(3.759794727379E-06,-0.999999999993,0.));
#9042 = ORIENTED_EDGE('',*,*,#9043,.T.);
#9043 = EDGE_CURVE('',#9035,#9044,#9046,.T.);
#9044 = VERTEX_POINT('',#9045);
#9045 = CARTESIAN_POINT('',(145.190148,-36.82,1.585));
#9046 = LINE('',#9047,#9048);
#9047 = CARTESIAN_POINT('',(144.955,-36.82,1.585));
#9048 = VECTOR('',#9049,1.);
#9049 = DIRECTION('',(1.,0.,0.));
#9050 = ORIENTED_EDGE('',*,*,#9051,.T.);
#9051 = EDGE_CURVE('',#9044,#9052,#9054,.T.);
#9052 = VERTEX_POINT('',#9053);
#9053 = CARTESIAN_POINT('',(145.372574,-36.637573,1.585));
#9054 = LINE('',#9055,#9056);
#9055 = CARTESIAN_POINT('',(145.190148,-36.82,1.585));
#9056 = VECTOR('',#9057,1.);
#9057 = DIRECTION('',(0.707104843124,0.707108719243,0.));
#9058 = ORIENTED_EDGE('',*,*,#9059,.T.);
#9059 = EDGE_CURVE('',#9052,#9060,#9062,.T.);
#9060 = VERTEX_POINT('',#9061);
#9061 = CARTESIAN_POINT('',(145.392039,-36.624567,1.585));
#9062 = LINE('',#9063,#9064);
#9063 = CARTESIAN_POINT('',(145.372574,-36.637573,1.585));
#9064 = VECTOR('',#9065,1.);
#9065 = DIRECTION('',(0.831471530026,0.555567362934,0.));
#9066 = ORIENTED_EDGE('',*,*,#9067,.T.);
#9067 = EDGE_CURVE('',#9060,#9068,#9070,.T.);
#9068 = VERTEX_POINT('',#9069);
#9069 = CARTESIAN_POINT('',(145.415,-36.62,1.585));
#9070 = LINE('',#9071,#9072);
#9071 = CARTESIAN_POINT('',(145.392039,-36.624567,1.585));
#9072 = VECTOR('',#9073,1.);
#9073 = DIRECTION('',(0.980787134598,0.195081000118,0.));
#9074 = ORIENTED_EDGE('',*,*,#9075,.T.);
#9075 = EDGE_CURVE('',#9068,#9076,#9078,.T.);
#9076 = VERTEX_POINT('',#9077);
#9077 = CARTESIAN_POINT('',(147.734392,-36.621868,1.585));
#9078 = LINE('',#9079,#9080);
#9079 = CARTESIAN_POINT('',(145.415,-36.62,1.585));
#9080 = VECTOR('',#9081,1.);
#9081 = DIRECTION('',(0.999999675679,-8.053832186064E-04,0.));
#9082 = ORIENTED_EDGE('',*,*,#9083,.T.);
#9083 = EDGE_CURVE('',#9076,#9084,#9086,.T.);
#9084 = VERTEX_POINT('',#9085);
#9085 = CARTESIAN_POINT('',(147.758951,-36.630529,1.585));
#9086 = LINE('',#9087,#9088);
#9087 = CARTESIAN_POINT('',(147.734392,-36.621868,1.585));
#9088 = VECTOR('',#9089,1.);
#9089 = DIRECTION('',(0.943073248971,-0.332585097494,0.));
#9090 = ORIENTED_EDGE('',*,*,#9091,.T.);
#9091 = EDGE_CURVE('',#9084,#9092,#9094,.T.);
#9092 = VERTEX_POINT('',#9093);
#9093 = CARTESIAN_POINT('',(148.253609,-36.97,1.585));
#9094 = LINE('',#9095,#9096);
#9095 = CARTESIAN_POINT('',(147.758951,-36.630529,1.585));
#9096 = VECTOR('',#9097,1.);
#9097 = DIRECTION('',(0.824513489877,-0.565842296944,0.));
#9098 = ORIENTED_EDGE('',*,*,#9099,.T.);
#9099 = EDGE_CURVE('',#9092,#9100,#9102,.T.);
#9100 = VERTEX_POINT('',#9101);
#9101 = CARTESIAN_POINT('',(154.545,-36.97,1.585));
#9102 = LINE('',#9103,#9104);
#9103 = CARTESIAN_POINT('',(148.253609,-36.97,1.585));
#9104 = VECTOR('',#9105,1.);
#9105 = DIRECTION('',(1.,0.,0.));
#9106 = ORIENTED_EDGE('',*,*,#9107,.T.);
#9107 = EDGE_CURVE('',#9100,#9108,#9110,.T.);
#9108 = VERTEX_POINT('',#9109);
#9109 = CARTESIAN_POINT('',(154.545,-36.88,1.585));
#9110 = LINE('',#9111,#9112);
#9111 = CARTESIAN_POINT('',(154.545,-36.97,1.585));
#9112 = VECTOR('',#9113,1.);
#9113 = DIRECTION('',(0.,1.,0.));
#9114 = ORIENTED_EDGE('',*,*,#9115,.T.);
#9115 = EDGE_CURVE('',#9108,#9116,#9118,.T.);
#9116 = VERTEX_POINT('',#9117);
#9117 = CARTESIAN_POINT('',(154.550143,-36.855694,1.585));
#9118 = LINE('',#9119,#9120);
#9119 = CARTESIAN_POINT('',(154.545,-36.88,1.585));
#9120 = VECTOR('',#9121,1.);
#9121 = DIRECTION('',(0.207010453879,0.978338730699,0.));
#9122 = ORIENTED_EDGE('',*,*,#9123,.T.);
#9123 = EDGE_CURVE('',#9116,#9124,#9126,.T.);
#9124 = VERTEX_POINT('',#9125);
#9125 = CARTESIAN_POINT('',(154.563621,-36.836552,1.585));
#9126 = LINE('',#9127,#9128);
#9127 = CARTESIAN_POINT('',(154.550143,-36.855694,1.585));
#9128 = VECTOR('',#9129,1.);
#9129 = DIRECTION('',(0.575713465823,0.817651518234,0.));
#9130 = ORIENTED_EDGE('',*,*,#9131,.T.);
#9131 = EDGE_CURVE('',#9124,#9132,#9134,.T.);
#9132 = VERTEX_POINT('',#9133);
#9133 = CARTESIAN_POINT('',(154.773621,-36.636552,1.585));
#9134 = LINE('',#9135,#9136);
#9135 = CARTESIAN_POINT('',(154.563621,-36.836552,1.585));
#9136 = VECTOR('',#9137,1.);
#9137 = DIRECTION('',(0.724137931034,0.689655172414,0.));
#9138 = ORIENTED_EDGE('',*,*,#9139,.T.);
#9139 = EDGE_CURVE('',#9132,#8879,#9140,.T.);
#9140 = LINE('',#9141,#9142);
#9141 = CARTESIAN_POINT('',(154.773621,-36.636552,1.585));
#9142 = VECTOR('',#9143,1.);
#9143 = DIRECTION('',(0.859289458485,0.511489615277,0.));
#9144 = PLANE('',#9145);
#9145 = AXIS2_PLACEMENT_3D('',#9146,#9147,#9148);
#9146 = CARTESIAN_POINT('',(0.,0.,1.585));
#9147 = DIRECTION('',(0.,0.,1.));
#9148 = DIRECTION('',(1.,0.,-0.));
#9149 = ( GEOMETRIC_REPRESENTATION_CONTEXT(3) 
GLOBAL_UNCERTAINTY_ASSIGNED_CONTEXT((#9153)) 
GLOBAL_UNIT_ASSIGNED_CONTEXT((#9150,#9151,#9152)) REPRESENTATION_CONTEXT
('Context #1','3D Context with UNIT and UNCERTAINTY') );
#9150 = ( LENGTH_UNIT() NAMED_UNIT(*) SI_UNIT(.MILLI.,.METRE.) );
#9151 = ( NAMED_UNIT(*) PLANE_ANGLE_UNIT() SI_UNIT($,.RADIAN.) );
#9152 = ( NAMED_UNIT(*) SI_UNIT($,.STERADIAN.) SOLID_ANGLE_UNIT() );
#9153 = UNCERTAINTY_MEASURE_WITH_UNIT(LENGTH_MEASURE(1.E-07),#9150,
  'distance_accuracy_value','confusion accuracy');
#9154 = CONTEXT_DEPENDENT_SHAPE_REPRESENTATION(#9155,#9157);
#9155 = ( REPRESENTATION_RELATIONSHIP('','',#36,#10) 
REPRESENTATION_RELATIONSHIP_WITH_TRANSFORMATION(#9156) 
SHAPE_REPRESENTATION_RELATIONSHIP() );
#9156 = ITEM_DEFINED_TRANSFORMATION('','',#11,#15);
#9157 = PRODUCT_DEFINITION_SHAPE('Placement','Placement of an item',
  #9158);
#9158 = NEXT_ASSEMBLY_USAGE_OCCURRENCE('1','=>[0:1:1:2]','',#5,#31,$);
#9159 = PRODUCT_RELATED_PRODUCT_CATEGORY('part',$,(#33));
#9160 = SHAPE_DEFINITION_REPRESENTATION(#9161,#9167);
#9161 = PRODUCT_DEFINITION_SHAPE('','',#9162);
#9162 = PRODUCT_DEFINITION('design','',#9163,#9166);
#9163 = PRODUCT_DEFINITION_FORMATION('','',#9164);
#9164 = PRODUCT('hiro_PCB','hiro_PCB','',(#9165));
#9165 = PRODUCT_CONTEXT('',#2,'mechanical');
#9166 = PRODUCT_DEFINITION_CONTEXT('part definition',#2,'design');
#9167 = ADVANCED_BREP_SHAPE_REPRESENTATION('',(#11,#9168),#12494);
#9168 = MANIFOLD_SOLID_BREP('',#9169);
#9169 = CLOSED_SHELL('',(#9170,#9212,#9243,#9274,#10113,#10952,#10969,
    #10986,#11003,#11020,#11037,#11054,#11071,#11088,#11105,#11122,
    #11139,#11156,#11168,#11185,#11202,#11219,#11236,#11253,#11270,
    #11287,#11304,#11321,#11338,#11360,#11377,#11394,#11411,#11428,
    #11445,#11462,#11479,#11496,#11513,#11530,#11547,#11564,#11576,
    #11593,#11610,#11627,#11644,#11661,#11678,#11695,#11712,#11734,
    #11751,#11768,#11785,#11802,#11819,#11836,#11853,#11870,#11887,
    #11904,#11921,#11938,#11950,#11967,#11989,#12006,#12023,#12040,
    #12057,#12074,#12091,#12108,#12125,#12142,#12159,#12176,#12193,
    #12205,#12222,#12239,#12261,#12278,#12295,#12312,#12329,#12346,
    #12363,#12380,#12397,#12414,#12431,#12448,#12465,#12477));
#9170 = ADVANCED_FACE('',(#9171),#9207,.T.);
#9171 = FACE_BOUND('',#9172,.T.);
#9172 = EDGE_LOOP('',(#9173,#9183,#9192,#9200));
#9173 = ORIENTED_EDGE('',*,*,#9174,.T.);
#9174 = EDGE_CURVE('',#9175,#9177,#9179,.T.);
#9175 = VERTEX_POINT('',#9176);
#9176 = CARTESIAN_POINT('',(166.004935,-35.6,0.));
#9177 = VERTEX_POINT('',#9178);
#9178 = CARTESIAN_POINT('',(166.004935,-35.6,1.51));
#9179 = LINE('',#9180,#9181);
#9180 = CARTESIAN_POINT('',(166.004935,-35.6,0.));
#9181 = VECTOR('',#9182,1.);
#9182 = DIRECTION('',(0.,0.,1.));
#9183 = ORIENTED_EDGE('',*,*,#9184,.T.);
#9184 = EDGE_CURVE('',#9177,#9185,#9187,.T.);
#9185 = VERTEX_POINT('',#9186);
#9186 = CARTESIAN_POINT('',(170.504935,-40.1,1.51));
#9187 = CIRCLE('',#9188,4.499998345266);
#9188 = AXIS2_PLACEMENT_3D('',#9189,#9190,#9191);
#9189 = CARTESIAN_POINT('',(166.00493665473,-40.09999834526,1.51));
#9190 = DIRECTION('',(0.,0.,-1.));
#9191 = DIRECTION('',(-3.677187717943E-07,1.,0.));
#9192 = ORIENTED_EDGE('',*,*,#9193,.F.);
#9193 = EDGE_CURVE('',#9194,#9185,#9196,.T.);
#9194 = VERTEX_POINT('',#9195);
#9195 = CARTESIAN_POINT('',(170.504935,-40.1,0.));
#9196 = LINE('',#9197,#9198);
#9197 = CARTESIAN_POINT('',(170.504935,-40.1,0.));
#9198 = VECTOR('',#9199,1.);
#9199 = DIRECTION('',(0.,0.,1.));
#9200 = ORIENTED_EDGE('',*,*,#9201,.F.);
#9201 = EDGE_CURVE('',#9175,#9194,#9202,.T.);
#9202 = CIRCLE('',#9203,4.499998345266);
#9203 = AXIS2_PLACEMENT_3D('',#9204,#9205,#9206);
#9204 = CARTESIAN_POINT('',(166.00493665473,-40.09999834526,0.));
#9205 = DIRECTION('',(0.,0.,-1.));
#9206 = DIRECTION('',(-3.677187717943E-07,1.,0.));
#9207 = CYLINDRICAL_SURFACE('',#9208,4.499998345266);
#9208 = AXIS2_PLACEMENT_3D('',#9209,#9210,#9211);
#9209 = CARTESIAN_POINT('',(166.00493665473,-40.09999834526,0.));
#9210 = DIRECTION('',(0.,0.,-1.));
#9211 = DIRECTION('',(-3.677187717943E-07,1.,0.));
#9212 = ADVANCED_FACE('',(#9213),#9238,.T.);
#9213 = FACE_BOUND('',#9214,.T.);
#9214 = EDGE_LOOP('',(#9215,#9225,#9231,#9232));
#9215 = ORIENTED_EDGE('',*,*,#9216,.T.);
#9216 = EDGE_CURVE('',#9217,#9219,#9221,.T.);
#9217 = VERTEX_POINT('',#9218);
#9218 = CARTESIAN_POINT('',(94.95,-35.6,0.));
#9219 = VERTEX_POINT('',#9220);
#9220 = CARTESIAN_POINT('',(94.95,-35.6,1.51));
#9221 = LINE('',#9222,#9223);
#9222 = CARTESIAN_POINT('',(94.95,-35.6,0.));
#9223 = VECTOR('',#9224,1.);
#9224 = DIRECTION('',(0.,0.,1.));
#9225 = ORIENTED_EDGE('',*,*,#9226,.T.);
#9226 = EDGE_CURVE('',#9219,#9177,#9227,.T.);
#9227 = LINE('',#9228,#9229);
#9228 = CARTESIAN_POINT('',(94.95,-35.6,1.51));
#9229 = VECTOR('',#9230,1.);
#9230 = DIRECTION('',(1.,0.,0.));
#9231 = ORIENTED_EDGE('',*,*,#9174,.F.);
#9232 = ORIENTED_EDGE('',*,*,#9233,.F.);
#9233 = EDGE_CURVE('',#9217,#9175,#9234,.T.);
#9234 = LINE('',#9235,#9236);
#9235 = CARTESIAN_POINT('',(94.95,-35.6,0.));
#9236 = VECTOR('',#9237,1.);
#9237 = DIRECTION('',(1.,0.,0.));
#9238 = PLANE('',#9239);
#9239 = AXIS2_PLACEMENT_3D('',#9240,#9241,#9242);
#9240 = CARTESIAN_POINT('',(94.95,-35.6,0.));
#9241 = DIRECTION('',(0.,1.,0.));
#9242 = DIRECTION('',(1.,0.,0.));
#9243 = ADVANCED_FACE('',(#9244),#9269,.T.);
#9244 = FACE_BOUND('',#9245,.T.);
#9245 = EDGE_LOOP('',(#9246,#9247,#9255,#9263));
#9246 = ORIENTED_EDGE('',*,*,#9193,.T.);
#9247 = ORIENTED_EDGE('',*,*,#9248,.T.);
#9248 = EDGE_CURVE('',#9185,#9249,#9251,.T.);
#9249 = VERTEX_POINT('',#9250);
#9250 = CARTESIAN_POINT('',(170.504935,-60.236455,1.51));
#9251 = LINE('',#9252,#9253);
#9252 = CARTESIAN_POINT('',(170.504935,-40.1,1.51));
#9253 = VECTOR('',#9254,1.);
#9254 = DIRECTION('',(0.,-1.,0.));
#9255 = ORIENTED_EDGE('',*,*,#9256,.F.);
#9256 = EDGE_CURVE('',#9257,#9249,#9259,.T.);
#9257 = VERTEX_POINT('',#9258);
#9258 = CARTESIAN_POINT('',(170.504935,-60.236455,0.));
#9259 = LINE('',#9260,#9261);
#9260 = CARTESIAN_POINT('',(170.504935,-60.236455,0.));
#9261 = VECTOR('',#9262,1.);
#9262 = DIRECTION('',(0.,0.,1.));
#9263 = ORIENTED_EDGE('',*,*,#9264,.F.);
#9264 = EDGE_CURVE('',#9194,#9257,#9265,.T.);
#9265 = LINE('',#9266,#9267);
#9266 = CARTESIAN_POINT('',(170.504935,-40.1,0.));
#9267 = VECTOR('',#9268,1.);
#9268 = DIRECTION('',(0.,-1.,0.));
#9269 = PLANE('',#9270);
#9270 = AXIS2_PLACEMENT_3D('',#9271,#9272,#9273);
#9271 = CARTESIAN_POINT('',(170.504935,-40.1,0.));
#9272 = DIRECTION('',(1.,0.,-0.));
#9273 = DIRECTION('',(0.,-1.,0.));
#9274 = ADVANCED_FACE('',(#9275,#9386,#9397,#9408,#9419,#9430,#9441,
    #9452,#9463,#9474,#9485,#9496,#9616,#9627,#9638,#9649,#9660,#9671,
    #9682,#9693,#9704,#9824,#9835,#9955,#9966,#9977,#10097),#10108,.F.);
#9275 = FACE_BOUND('',#9276,.F.);
#9276 = EDGE_LOOP('',(#9277,#9278,#9279,#9288,#9296,#9305,#9313,#9322,
    #9330,#9339,#9347,#9355,#9363,#9371,#9379,#9385));
#9277 = ORIENTED_EDGE('',*,*,#9201,.F.);
#9278 = ORIENTED_EDGE('',*,*,#9233,.F.);
#9279 = ORIENTED_EDGE('',*,*,#9280,.F.);
#9280 = EDGE_CURVE('',#9281,#9217,#9283,.T.);
#9281 = VERTEX_POINT('',#9282);
#9282 = CARTESIAN_POINT('',(90.45,-40.1,0.));
#9283 = CIRCLE('',#9284,4.50000175948);
#9284 = AXIS2_PLACEMENT_3D('',#9285,#9286,#9287);
#9285 = CARTESIAN_POINT('',(94.95000175948,-40.10000175948,0.));
#9286 = DIRECTION('',(0.,0.,-1.));
#9287 = DIRECTION('',(-1.,3.909953631854E-07,0.));
#9288 = ORIENTED_EDGE('',*,*,#9289,.F.);
#9289 = EDGE_CURVE('',#9290,#9281,#9292,.T.);
#9290 = VERTEX_POINT('',#9291);
#9291 = CARTESIAN_POINT('',(90.45,-138.182663,0.));
#9292 = LINE('',#9293,#9294);
#9293 = CARTESIAN_POINT('',(90.45,-138.182663,0.));
#9294 = VECTOR('',#9295,1.);
#9295 = DIRECTION('',(0.,1.,0.));
#9296 = ORIENTED_EDGE('',*,*,#9297,.F.);
#9297 = EDGE_CURVE('',#9298,#9290,#9300,.T.);
#9298 = VERTEX_POINT('',#9299);
#9299 = CARTESIAN_POINT('',(94.95,-142.682663,0.));
#9300 = CIRCLE('',#9301,4.499994931061);
#9301 = AXIS2_PLACEMENT_3D('',#9302,#9303,#9304);
#9302 = CARTESIAN_POINT('',(94.949994931058,-138.1826680689,0.));
#9303 = DIRECTION('',(0.,0.,-1.));
#9304 = DIRECTION('',(1.126432780668E-06,-0.999999999999,0.));
#9305 = ORIENTED_EDGE('',*,*,#9306,.F.);
#9306 = EDGE_CURVE('',#9307,#9298,#9309,.T.);
#9307 = VERTEX_POINT('',#9308);
#9308 = CARTESIAN_POINT('',(154.983954,-142.682663,0.));
#9309 = LINE('',#9310,#9311);
#9310 = CARTESIAN_POINT('',(154.983954,-142.682663,0.));
#9311 = VECTOR('',#9312,1.);
#9312 = DIRECTION('',(-1.,0.,0.));
#9313 = ORIENTED_EDGE('',*,*,#9314,.F.);
#9314 = EDGE_CURVE('',#9315,#9307,#9317,.T.);
#9315 = VERTEX_POINT('',#9316);
#9316 = CARTESIAN_POINT('',(158.429573,-141.07709,0.));
#9317 = CIRCLE('',#9318,4.499984789109);
#9318 = AXIS2_PLACEMENT_3D('',#9319,#9320,#9321);
#9319 = CARTESIAN_POINT('',(154.98396079063,-138.1826782108,0.));
#9320 = DIRECTION('',(0.,0.,-1.));
#9321 = DIRECTION('',(0.765694190279,-0.64320479396,0.));
#9322 = ORIENTED_EDGE('',*,*,#9323,.F.);
#9323 = EDGE_CURVE('',#9324,#9315,#9326,.T.);
#9324 = VERTEX_POINT('',#9325);
#9325 = CARTESIAN_POINT('',(169.450554,-127.957364,0.));
#9326 = LINE('',#9327,#9328);
#9327 = CARTESIAN_POINT('',(169.450554,-127.957364,0.));
#9328 = VECTOR('',#9329,1.);
#9329 = DIRECTION('',(-0.643206155327,-0.76569304669,0.));
#9330 = ORIENTED_EDGE('',*,*,#9331,.F.);
#9331 = EDGE_CURVE('',#9332,#9324,#9334,.T.);
#9332 = VERTEX_POINT('',#9333);
#9333 = CARTESIAN_POINT('',(170.504935,-125.062936,0.));
#9334 = CIRCLE('',#9335,4.499861351648);
#9335 = AXIS2_PLACEMENT_3D('',#9336,#9337,#9338);
#9336 = CARTESIAN_POINT('',(166.00507364864,-125.0629871529,0.));
#9337 = DIRECTION('',(0.,0.,-1.));
#9338 = DIRECTION('',(0.999999999935,1.136768295825E-05,0.));
#9339 = ORIENTED_EDGE('',*,*,#9340,.F.);
#9340 = EDGE_CURVE('',#9341,#9332,#9343,.T.);
#9341 = VERTEX_POINT('',#9342);
#9342 = CARTESIAN_POINT('',(170.504935,-118.236455,0.));
#9343 = LINE('',#9344,#9345);
#9344 = CARTESIAN_POINT('',(170.504935,-118.236455,0.));
#9345 = VECTOR('',#9346,1.);
#9346 = DIRECTION('',(0.,-1.,0.));
#9347 = ORIENTED_EDGE('',*,*,#9348,.F.);
#9348 = EDGE_CURVE('',#9349,#9341,#9351,.T.);
#9349 = VERTEX_POINT('',#9350);
#9350 = CARTESIAN_POINT('',(170.504935,-101.236455,0.));
#9351 = LINE('',#9352,#9353);
#9352 = CARTESIAN_POINT('',(170.504935,-101.236455,0.));
#9353 = VECTOR('',#9354,1.);
#9354 = DIRECTION('',(0.,-1.,0.));
#9355 = ORIENTED_EDGE('',*,*,#9356,.F.);
#9356 = EDGE_CURVE('',#9357,#9349,#9359,.T.);
#9357 = VERTEX_POINT('',#9358);
#9358 = CARTESIAN_POINT('',(170.504935,-93.382236,0.));
#9359 = LINE('',#9360,#9361);
#9360 = CARTESIAN_POINT('',(170.504935,-93.382236,0.));
#9361 = VECTOR('',#9362,1.);
#9362 = DIRECTION('',(0.,-1.,0.));
#9363 = ORIENTED_EDGE('',*,*,#9364,.F.);
#9364 = EDGE_CURVE('',#9365,#9357,#9367,.T.);
#9365 = VERTEX_POINT('',#9366);
#9366 = CARTESIAN_POINT('',(170.504935,-85.090674,0.));
#9367 = LINE('',#9368,#9369);
#9368 = CARTESIAN_POINT('',(170.504935,-85.090674,0.));
#9369 = VECTOR('',#9370,1.);
#9370 = DIRECTION('',(0.,-1.,0.));
#9371 = ORIENTED_EDGE('',*,*,#9372,.F.);
#9372 = EDGE_CURVE('',#9373,#9365,#9375,.T.);
#9373 = VERTEX_POINT('',#9374);
#9374 = CARTESIAN_POINT('',(170.504935,-77.236455,0.));
#9375 = LINE('',#9376,#9377);
#9376 = CARTESIAN_POINT('',(170.504935,-77.236455,0.));
#9377 = VECTOR('',#9378,1.);
#9378 = DIRECTION('',(0.,-1.,0.));
#9379 = ORIENTED_EDGE('',*,*,#9380,.F.);
#9380 = EDGE_CURVE('',#9257,#9373,#9381,.T.);
#9381 = LINE('',#9382,#9383);
#9382 = CARTESIAN_POINT('',(170.504935,-60.236455,0.));
#9383 = VECTOR('',#9384,1.);
#9384 = DIRECTION('',(0.,-1.,0.));
#9385 = ORIENTED_EDGE('',*,*,#9264,.F.);
#9386 = FACE_BOUND('',#9387,.F.);
#9387 = EDGE_LOOP('',(#9388));
#9388 = ORIENTED_EDGE('',*,*,#9389,.F.);
#9389 = EDGE_CURVE('',#9390,#9390,#9392,.T.);
#9390 = VERTEX_POINT('',#9391);
#9391 = CARTESIAN_POINT('',(96.45,-138.182663,0.));
#9392 = CIRCLE('',#9393,1.5);
#9393 = AXIS2_PLACEMENT_3D('',#9394,#9395,#9396);
#9394 = CARTESIAN_POINT('',(94.95,-138.182663,0.));
#9395 = DIRECTION('',(0.,0.,1.));
#9396 = DIRECTION('',(1.,0.,-0.));
#9397 = FACE_BOUND('',#9398,.F.);
#9398 = EDGE_LOOP('',(#9399));
#9399 = ORIENTED_EDGE('',*,*,#9400,.T.);
#9400 = EDGE_CURVE('',#9401,#9401,#9403,.T.);
#9401 = VERTEX_POINT('',#9402);
#9402 = CARTESIAN_POINT('',(102.,-137.35,0.));
#9403 = CIRCLE('',#9404,0.85);
#9404 = AXIS2_PLACEMENT_3D('',#9405,#9406,#9407);
#9405 = CARTESIAN_POINT('',(102.,-136.5,0.));
#9406 = DIRECTION('',(-0.,0.,-1.));
#9407 = DIRECTION('',(-0.,-1.,0.));
#9408 = FACE_BOUND('',#9409,.F.);
#9409 = EDGE_LOOP('',(#9410));
#9410 = ORIENTED_EDGE('',*,*,#9411,.T.);
#9411 = EDGE_CURVE('',#9412,#9412,#9414,.T.);
#9412 = VERTEX_POINT('',#9413);
#9413 = CARTESIAN_POINT('',(102.,-130.35,0.));
#9414 = CIRCLE('',#9415,0.85);
#9415 = AXIS2_PLACEMENT_3D('',#9416,#9417,#9418);
#9416 = CARTESIAN_POINT('',(102.,-129.5,0.));
#9417 = DIRECTION('',(-0.,0.,-1.));
#9418 = DIRECTION('',(-0.,-1.,0.));
#9419 = FACE_BOUND('',#9420,.F.);
#9420 = EDGE_LOOP('',(#9421));
#9421 = ORIENTED_EDGE('',*,*,#9422,.T.);
#9422 = EDGE_CURVE('',#9423,#9423,#9425,.T.);
#9423 = VERTEX_POINT('',#9424);
#9424 = CARTESIAN_POINT('',(97.7,-100.5,0.));
#9425 = CIRCLE('',#9426,0.5);
#9426 = AXIS2_PLACEMENT_3D('',#9427,#9428,#9429);
#9427 = CARTESIAN_POINT('',(97.7,-100.,0.));
#9428 = DIRECTION('',(-0.,0.,-1.));
#9429 = DIRECTION('',(-0.,-1.,0.));
#9430 = FACE_BOUND('',#9431,.F.);
#9431 = EDGE_LOOP('',(#9432));
#9432 = ORIENTED_EDGE('',*,*,#9433,.T.);
#9433 = EDGE_CURVE('',#9434,#9434,#9436,.T.);
#9434 = VERTEX_POINT('',#9435);
#9435 = CARTESIAN_POINT('',(105.3,-100.5,0.));
#9436 = CIRCLE('',#9437,0.5);
#9437 = AXIS2_PLACEMENT_3D('',#9438,#9439,#9440);
#9438 = CARTESIAN_POINT('',(105.3,-100.,0.));
#9439 = DIRECTION('',(-0.,0.,-1.));
#9440 = DIRECTION('',(-0.,-1.,0.));
#9441 = FACE_BOUND('',#9442,.F.);
#9442 = EDGE_LOOP('',(#9443));
#9443 = ORIENTED_EDGE('',*,*,#9444,.T.);
#9444 = EDGE_CURVE('',#9445,#9445,#9447,.T.);
#9445 = VERTEX_POINT('',#9446);
#9446 = CARTESIAN_POINT('',(144.55,-129.575,0.));
#9447 = CIRCLE('',#9448,0.375);
#9448 = AXIS2_PLACEMENT_3D('',#9449,#9450,#9451);
#9449 = CARTESIAN_POINT('',(144.55,-129.2,0.));
#9450 = DIRECTION('',(-0.,0.,-1.));
#9451 = DIRECTION('',(-0.,-1.,0.));
#9452 = FACE_BOUND('',#9453,.F.);
#9453 = EDGE_LOOP('',(#9454));
#9454 = ORIENTED_EDGE('',*,*,#9455,.T.);
#9455 = EDGE_CURVE('',#9456,#9456,#9458,.T.);
#9456 = VERTEX_POINT('',#9457);
#9457 = CARTESIAN_POINT('',(146.55,-129.575,0.));
#9458 = CIRCLE('',#9459,0.375);
#9459 = AXIS2_PLACEMENT_3D('',#9460,#9461,#9462);
#9460 = CARTESIAN_POINT('',(146.55,-129.2,0.));
#9461 = DIRECTION('',(-0.,0.,-1.));
#9462 = DIRECTION('',(-0.,-1.,0.));
#9463 = FACE_BOUND('',#9464,.F.);
#9464 = EDGE_LOOP('',(#9465));
#9465 = ORIENTED_EDGE('',*,*,#9466,.T.);
#9466 = EDGE_CURVE('',#9467,#9467,#9469,.T.);
#9467 = VERTEX_POINT('',#9468);
#9468 = CARTESIAN_POINT('',(166.504935,-92.136455,0.));
#9469 = CIRCLE('',#9470,0.4);
#9470 = AXIS2_PLACEMENT_3D('',#9471,#9472,#9473);
#9471 = CARTESIAN_POINT('',(166.504935,-91.736455,0.));
#9472 = DIRECTION('',(-0.,0.,-1.));
#9473 = DIRECTION('',(-0.,-1.,0.));
#9474 = FACE_BOUND('',#9475,.F.);
#9475 = EDGE_LOOP('',(#9476));
#9476 = ORIENTED_EDGE('',*,*,#9477,.T.);
#9477 = EDGE_CURVE('',#9478,#9478,#9480,.T.);
#9478 = VERTEX_POINT('',#9479);
#9479 = CARTESIAN_POINT('',(169.004935,-92.136455,0.));
#9480 = CIRCLE('',#9481,0.4);
#9481 = AXIS2_PLACEMENT_3D('',#9482,#9483,#9484);
#9482 = CARTESIAN_POINT('',(169.004935,-91.736455,0.));
#9483 = DIRECTION('',(-0.,0.,-1.));
#9484 = DIRECTION('',(-0.,-1.,0.));
#9485 = FACE_BOUND('',#9486,.F.);
#9486 = EDGE_LOOP('',(#9487));
#9487 = ORIENTED_EDGE('',*,*,#9488,.T.);
#9488 = EDGE_CURVE('',#9489,#9489,#9491,.T.);
#9489 = VERTEX_POINT('',#9490);
#9490 = CARTESIAN_POINT('',(169.004935,-89.636455,0.));
#9491 = CIRCLE('',#9492,0.4);
#9492 = AXIS2_PLACEMENT_3D('',#9493,#9494,#9495);
#9493 = CARTESIAN_POINT('',(169.004935,-89.236455,0.));
#9494 = DIRECTION('',(-0.,0.,-1.));
#9495 = DIRECTION('',(-0.,-1.,0.));
#9496 = FACE_BOUND('',#9497,.F.);
#9497 = EDGE_LOOP('',(#9498,#9509,#9517,#9526,#9534,#9543,#9551,#9560,
    #9568,#9576,#9585,#9593,#9601,#9610));
#9498 = ORIENTED_EDGE('',*,*,#9499,.F.);
#9499 = EDGE_CURVE('',#9500,#9502,#9504,.T.);
#9500 = VERTEX_POINT('',#9501);
#9501 = CARTESIAN_POINT('',(95.489555,-81.656256,0.));
#9502 = VERTEX_POINT('',#9503);
#9503 = CARTESIAN_POINT('',(94.489555,-82.656256,0.));
#9504 = CIRCLE('',#9505,0.999999252925);
#9505 = AXIS2_PLACEMENT_3D('',#9506,#9507,#9508);
#9506 = CARTESIAN_POINT('',(95.489554252925,-82.65625525292,0.));
#9507 = DIRECTION('',(0.,0.,1.));
#9508 = DIRECTION('',(7.47075720743E-07,1.,-0.));
#9509 = ORIENTED_EDGE('',*,*,#9510,.F.);
#9510 = EDGE_CURVE('',#9511,#9500,#9513,.T.);
#9511 = VERTEX_POINT('',#9512);
#9512 = CARTESIAN_POINT('',(98.489555,-81.656256,0.));
#9513 = LINE('',#9514,#9515);
#9514 = CARTESIAN_POINT('',(98.489555,-81.656256,0.));
#9515 = VECTOR('',#9516,1.);
#9516 = DIRECTION('',(-1.,0.,0.));
#9517 = ORIENTED_EDGE('',*,*,#9518,.F.);
#9518 = EDGE_CURVE('',#9519,#9511,#9521,.T.);
#9519 = VERTEX_POINT('',#9520);
#9520 = CARTESIAN_POINT('',(99.489555,-82.656256,0.));
#9521 = CIRCLE('',#9522,1.00000266715);
#9522 = AXIS2_PLACEMENT_3D('',#9523,#9524,#9525);
#9523 = CARTESIAN_POINT('',(98.489552332854,-82.65625866714,0.));
#9524 = DIRECTION('',(0.,0.,1.));
#9525 = DIRECTION('',(0.999999999996,2.667139176832E-06,-0.));
#9526 = ORIENTED_EDGE('',*,*,#9527,.F.);
#9527 = EDGE_CURVE('',#9528,#9519,#9530,.T.);
#9528 = VERTEX_POINT('',#9529);
#9529 = CARTESIAN_POINT('',(99.489555,-85.656256,0.));
#9530 = LINE('',#9531,#9532);
#9531 = CARTESIAN_POINT('',(99.489555,-85.656256,0.));
#9532 = VECTOR('',#9533,1.);
#9533 = DIRECTION('',(0.,1.,0.));
#9534 = ORIENTED_EDGE('',*,*,#9535,.F.);
#9535 = EDGE_CURVE('',#9536,#9528,#9538,.T.);
#9536 = VERTEX_POINT('',#9537);
#9537 = CARTESIAN_POINT('',(98.489555,-86.656256,0.));
#9538 = CIRCLE('',#9539,1.00000266715);
#9539 = AXIS2_PLACEMENT_3D('',#9540,#9541,#9542);
#9540 = CARTESIAN_POINT('',(98.489552332854,-85.65625333285,0.));
#9541 = DIRECTION('',(0.,0.,1.));
#9542 = DIRECTION('',(2.667139162621E-06,-0.999999999996,0.));
#9543 = ORIENTED_EDGE('',*,*,#9544,.F.);
#9544 = EDGE_CURVE('',#9545,#9536,#9547,.T.);
#9545 = VERTEX_POINT('',#9546);
#9546 = CARTESIAN_POINT('',(97.289555,-86.656256,0.));
#9547 = LINE('',#9548,#9549);
#9548 = CARTESIAN_POINT('',(97.289555,-86.656256,0.));
#9549 = VECTOR('',#9550,1.);
#9550 = DIRECTION('',(1.,0.,0.));
#9551 = ORIENTED_EDGE('',*,*,#9552,.F.);
#9552 = EDGE_CURVE('',#9553,#9545,#9555,.T.);
#9553 = VERTEX_POINT('',#9554);
#9554 = CARTESIAN_POINT('',(96.989555,-86.640138,0.));
#9555 = CIRCLE('',#9556,2.799701698357);
#9556 = AXIS2_PLACEMENT_3D('',#9557,#9558,#9559);
#9557 = CARTESIAN_POINT('',(97.289540656705,-83.85655430168,0.));
#9558 = DIRECTION('',(0.,0.,1.));
#9559 = DIRECTION('',(-0.107149149812,-0.994242958081,0.));
#9560 = ORIENTED_EDGE('',*,*,#9561,.F.);
#9561 = EDGE_CURVE('',#9562,#9553,#9564,.T.);
#9562 = VERTEX_POINT('',#9563);
#9563 = CARTESIAN_POINT('',(96.989555,-86.656256,0.));
#9564 = LINE('',#9565,#9566);
#9565 = CARTESIAN_POINT('',(96.989555,-86.656256,0.));
#9566 = VECTOR('',#9567,1.);
#9567 = DIRECTION('',(0.,1.,0.));
#9568 = ORIENTED_EDGE('',*,*,#9569,.F.);
#9569 = EDGE_CURVE('',#9570,#9562,#9572,.T.);
#9570 = VERTEX_POINT('',#9571);
#9571 = CARTESIAN_POINT('',(95.489555,-86.656256,0.));
#9572 = LINE('',#9573,#9574);
#9573 = CARTESIAN_POINT('',(95.489555,-86.656256,0.));
#9574 = VECTOR('',#9575,1.);
#9575 = DIRECTION('',(1.,0.,0.));
#9576 = ORIENTED_EDGE('',*,*,#9577,.F.);
#9577 = EDGE_CURVE('',#9578,#9570,#9580,.T.);
#9578 = VERTEX_POINT('',#9579);
#9579 = CARTESIAN_POINT('',(94.489555,-85.656256,0.));
#9580 = CIRCLE('',#9581,0.999999252925);
#9581 = AXIS2_PLACEMENT_3D('',#9582,#9583,#9584);
#9582 = CARTESIAN_POINT('',(95.489554252925,-85.65625674707,0.));
#9583 = DIRECTION('',(0.,0.,1.));
#9584 = DIRECTION('',(-1.,7.470757491648E-07,0.));
#9585 = ORIENTED_EDGE('',*,*,#9586,.F.);
#9586 = EDGE_CURVE('',#9587,#9578,#9589,.T.);
#9587 = VERTEX_POINT('',#9588);
#9588 = CARTESIAN_POINT('',(94.489555,-84.156256,0.));
#9589 = LINE('',#9590,#9591);
#9590 = CARTESIAN_POINT('',(94.489555,-84.156256,0.));
#9591 = VECTOR('',#9592,1.);
#9592 = DIRECTION('',(0.,-1.,0.));
#9593 = ORIENTED_EDGE('',*,*,#9594,.F.);
#9594 = EDGE_CURVE('',#9595,#9587,#9597,.T.);
#9595 = VERTEX_POINT('',#9596);
#9596 = CARTESIAN_POINT('',(94.505673,-84.156256,0.));
#9597 = LINE('',#9598,#9599);
#9598 = CARTESIAN_POINT('',(94.505673,-84.156256,0.));
#9599 = VECTOR('',#9600,1.);
#9600 = DIRECTION('',(-1.,0.,0.));
#9601 = ORIENTED_EDGE('',*,*,#9602,.F.);
#9602 = EDGE_CURVE('',#9603,#9595,#9605,.T.);
#9603 = VERTEX_POINT('',#9604);
#9604 = CARTESIAN_POINT('',(94.489555,-83.856256,0.));
#9605 = CIRCLE('',#9606,2.799701698366);
#9606 = AXIS2_PLACEMENT_3D('',#9607,#9608,#9609);
#9607 = CARTESIAN_POINT('',(97.289256698329,-83.85627034329,0.));
#9608 = DIRECTION('',(0.,0.,1.));
#9609 = DIRECTION('',(-0.999999999987,5.123150942878E-06,0.));
#9610 = ORIENTED_EDGE('',*,*,#9611,.F.);
#9611 = EDGE_CURVE('',#9502,#9603,#9612,.T.);
#9612 = LINE('',#9613,#9614);
#9613 = CARTESIAN_POINT('',(94.489555,-82.656256,0.));
#9614 = VECTOR('',#9615,1.);
#9615 = DIRECTION('',(0.,-1.,0.));
#9616 = FACE_BOUND('',#9617,.F.);
#9617 = EDGE_LOOP('',(#9618));
#9618 = ORIENTED_EDGE('',*,*,#9619,.T.);
#9619 = EDGE_CURVE('',#9620,#9620,#9622,.T.);
#9620 = VERTEX_POINT('',#9621);
#9621 = CARTESIAN_POINT('',(96.99,-74.45,0.));
#9622 = CIRCLE('',#9623,0.5);
#9623 = AXIS2_PLACEMENT_3D('',#9624,#9625,#9626);
#9624 = CARTESIAN_POINT('',(96.99,-73.95,0.));
#9625 = DIRECTION('',(-0.,0.,-1.));
#9626 = DIRECTION('',(-0.,-1.,0.));
#9627 = FACE_BOUND('',#9628,.F.);
#9628 = EDGE_LOOP('',(#9629));
#9629 = ORIENTED_EDGE('',*,*,#9630,.T.);
#9630 = EDGE_CURVE('',#9631,#9631,#9633,.T.);
#9631 = VERTEX_POINT('',#9632);
#9632 = CARTESIAN_POINT('',(96.99,-71.91,0.));
#9633 = CIRCLE('',#9634,0.5);
#9634 = AXIS2_PLACEMENT_3D('',#9635,#9636,#9637);
#9635 = CARTESIAN_POINT('',(96.99,-71.41,0.));
#9636 = DIRECTION('',(-0.,0.,-1.));
#9637 = DIRECTION('',(-0.,-1.,0.));
#9638 = FACE_BOUND('',#9639,.F.);
#9639 = EDGE_LOOP('',(#9640));
#9640 = ORIENTED_EDGE('',*,*,#9641,.T.);
#9641 = EDGE_CURVE('',#9642,#9642,#9644,.T.);
#9642 = VERTEX_POINT('',#9643);
#9643 = CARTESIAN_POINT('',(96.99,-69.37,0.));
#9644 = CIRCLE('',#9645,0.5);
#9645 = AXIS2_PLACEMENT_3D('',#9646,#9647,#9648);
#9646 = CARTESIAN_POINT('',(96.99,-68.87,0.));
#9647 = DIRECTION('',(-0.,0.,-1.));
#9648 = DIRECTION('',(-0.,-1.,0.));
#9649 = FACE_BOUND('',#9650,.F.);
#9650 = EDGE_LOOP('',(#9651));
#9651 = ORIENTED_EDGE('',*,*,#9652,.T.);
#9652 = EDGE_CURVE('',#9653,#9653,#9655,.T.);
#9653 = VERTEX_POINT('',#9654);
#9654 = CARTESIAN_POINT('',(96.99,-66.83,0.));
#9655 = CIRCLE('',#9656,0.5);
#9656 = AXIS2_PLACEMENT_3D('',#9657,#9658,#9659);
#9657 = CARTESIAN_POINT('',(96.99,-66.33,0.));
#9658 = DIRECTION('',(-0.,0.,-1.));
#9659 = DIRECTION('',(-0.,-1.,0.));
#9660 = FACE_BOUND('',#9661,.F.);
#9661 = EDGE_LOOP('',(#9662));
#9662 = ORIENTED_EDGE('',*,*,#9663,.T.);
#9663 = EDGE_CURVE('',#9664,#9664,#9666,.T.);
#9664 = VERTEX_POINT('',#9665);
#9665 = CARTESIAN_POINT('',(96.99,-64.29,0.));
#9666 = CIRCLE('',#9667,0.5);
#9667 = AXIS2_PLACEMENT_3D('',#9668,#9669,#9670);
#9668 = CARTESIAN_POINT('',(96.99,-63.79,0.));
#9669 = DIRECTION('',(-0.,0.,-1.));
#9670 = DIRECTION('',(-0.,-1.,0.));
#9671 = FACE_BOUND('',#9672,.F.);
#9672 = EDGE_LOOP('',(#9673));
#9673 = ORIENTED_EDGE('',*,*,#9674,.T.);
#9674 = EDGE_CURVE('',#9675,#9675,#9677,.T.);
#9675 = VERTEX_POINT('',#9676);
#9676 = CARTESIAN_POINT('',(96.99,-61.75,0.));
#9677 = CIRCLE('',#9678,0.5);
#9678 = AXIS2_PLACEMENT_3D('',#9679,#9680,#9681);
#9679 = CARTESIAN_POINT('',(96.99,-61.25,0.));
#9680 = DIRECTION('',(-0.,0.,-1.));
#9681 = DIRECTION('',(-0.,-1.,0.));
#9682 = FACE_BOUND('',#9683,.F.);
#9683 = EDGE_LOOP('',(#9684));
#9684 = ORIENTED_EDGE('',*,*,#9685,.T.);
#9685 = EDGE_CURVE('',#9686,#9686,#9688,.T.);
#9686 = VERTEX_POINT('',#9687);
#9687 = CARTESIAN_POINT('',(96.99,-59.21,0.));
#9688 = CIRCLE('',#9689,0.5);
#9689 = AXIS2_PLACEMENT_3D('',#9690,#9691,#9692);
#9690 = CARTESIAN_POINT('',(96.99,-58.71,0.));
#9691 = DIRECTION('',(-0.,0.,-1.));
#9692 = DIRECTION('',(-0.,-1.,0.));
#9693 = FACE_BOUND('',#9694,.F.);
#9694 = EDGE_LOOP('',(#9695));
#9695 = ORIENTED_EDGE('',*,*,#9696,.T.);
#9696 = EDGE_CURVE('',#9697,#9697,#9699,.T.);
#9697 = VERTEX_POINT('',#9698);
#9698 = CARTESIAN_POINT('',(96.99,-56.67,0.));
#9699 = CIRCLE('',#9700,0.5);
#9700 = AXIS2_PLACEMENT_3D('',#9701,#9702,#9703);
#9701 = CARTESIAN_POINT('',(96.99,-56.17,0.));
#9702 = DIRECTION('',(-0.,0.,-1.));
#9703 = DIRECTION('',(-0.,-1.,0.));
#9704 = FACE_BOUND('',#9705,.F.);
#9705 = EDGE_LOOP('',(#9706,#9717,#9725,#9733,#9742,#9750,#9759,#9767,
    #9776,#9784,#9793,#9801,#9810,#9818));
#9706 = ORIENTED_EDGE('',*,*,#9707,.F.);
#9707 = EDGE_CURVE('',#9708,#9710,#9712,.T.);
#9708 = VERTEX_POINT('',#9709);
#9709 = CARTESIAN_POINT('',(95.489555,-43.356256,0.));
#9710 = VERTEX_POINT('',#9711);
#9711 = CARTESIAN_POINT('',(94.489555,-44.356256,0.));
#9712 = CIRCLE('',#9713,0.999999252925);
#9713 = AXIS2_PLACEMENT_3D('',#9714,#9715,#9716);
#9714 = CARTESIAN_POINT('',(95.489554252925,-44.35625525292,0.));
#9715 = DIRECTION('',(0.,0.,1.));
#9716 = DIRECTION('',(7.470757349539E-07,1.,-0.));
#9717 = ORIENTED_EDGE('',*,*,#9718,.F.);
#9718 = EDGE_CURVE('',#9719,#9708,#9721,.T.);
#9719 = VERTEX_POINT('',#9720);
#9720 = CARTESIAN_POINT('',(96.989555,-43.356256,0.));
#9721 = LINE('',#9722,#9723);
#9722 = CARTESIAN_POINT('',(96.989555,-43.356256,0.));
#9723 = VECTOR('',#9724,1.);
#9724 = DIRECTION('',(-1.,0.,0.));
#9725 = ORIENTED_EDGE('',*,*,#9726,.F.);
#9726 = EDGE_CURVE('',#9727,#9719,#9729,.T.);
#9727 = VERTEX_POINT('',#9728);
#9728 = CARTESIAN_POINT('',(96.989555,-43.372374,0.));
#9729 = LINE('',#9730,#9731);
#9730 = CARTESIAN_POINT('',(96.989555,-43.372374,0.));
#9731 = VECTOR('',#9732,1.);
#9732 = DIRECTION('',(0.,1.,0.));
#9733 = ORIENTED_EDGE('',*,*,#9734,.F.);
#9734 = EDGE_CURVE('',#9735,#9727,#9737,.T.);
#9735 = VERTEX_POINT('',#9736);
#9736 = CARTESIAN_POINT('',(97.289555,-43.356256,0.));
#9737 = CIRCLE('',#9738,2.799701698359);
#9738 = AXIS2_PLACEMENT_3D('',#9739,#9740,#9741);
#9739 = CARTESIAN_POINT('',(97.289540656705,-46.15595769832,0.));
#9740 = DIRECTION('',(0.,0.,1.));
#9741 = DIRECTION('',(5.123151095166E-06,0.999999999987,-0.));
#9742 = ORIENTED_EDGE('',*,*,#9743,.F.);
#9743 = EDGE_CURVE('',#9744,#9735,#9746,.T.);
#9744 = VERTEX_POINT('',#9745);
#9745 = CARTESIAN_POINT('',(98.489555,-43.356256,0.));
#9746 = LINE('',#9747,#9748);
#9747 = CARTESIAN_POINT('',(98.489555,-43.356256,0.));
#9748 = VECTOR('',#9749,1.);
#9749 = DIRECTION('',(-1.,0.,0.));
#9750 = ORIENTED_EDGE('',*,*,#9751,.F.);
#9751 = EDGE_CURVE('',#9752,#9744,#9754,.T.);
#9752 = VERTEX_POINT('',#9753);
#9753 = CARTESIAN_POINT('',(99.489555,-44.356256,0.));
#9754 = CIRCLE('',#9755,1.00000266715);
#9755 = AXIS2_PLACEMENT_3D('',#9756,#9757,#9758);
#9756 = CARTESIAN_POINT('',(98.489552332854,-44.35625866714,0.));
#9757 = DIRECTION('',(0.,0.,1.));
#9758 = DIRECTION('',(0.999999999996,2.667139155515E-06,-0.));
#9759 = ORIENTED_EDGE('',*,*,#9760,.F.);
#9760 = EDGE_CURVE('',#9761,#9752,#9763,.T.);
#9761 = VERTEX_POINT('',#9762);
#9762 = CARTESIAN_POINT('',(99.489555,-47.356256,0.));
#9763 = LINE('',#9764,#9765);
#9764 = CARTESIAN_POINT('',(99.489555,-47.356256,0.));
#9765 = VECTOR('',#9766,1.);
#9766 = DIRECTION('',(0.,1.,0.));
#9767 = ORIENTED_EDGE('',*,*,#9768,.F.);
#9768 = EDGE_CURVE('',#9769,#9761,#9771,.T.);
#9769 = VERTEX_POINT('',#9770);
#9770 = CARTESIAN_POINT('',(98.489555,-48.356256,0.));
#9771 = CIRCLE('',#9772,1.00000266715);
#9772 = AXIS2_PLACEMENT_3D('',#9773,#9774,#9775);
#9773 = CARTESIAN_POINT('',(98.489552332854,-47.35625333285,0.));
#9774 = DIRECTION('',(0.,0.,1.));
#9775 = DIRECTION('',(2.667139162621E-06,-0.999999999996,0.));
#9776 = ORIENTED_EDGE('',*,*,#9777,.F.);
#9777 = EDGE_CURVE('',#9778,#9769,#9780,.T.);
#9778 = VERTEX_POINT('',#9779);
#9779 = CARTESIAN_POINT('',(95.489555,-48.356256,0.));
#9780 = LINE('',#9781,#9782);
#9781 = CARTESIAN_POINT('',(95.489555,-48.356256,0.));
#9782 = VECTOR('',#9783,1.);
#9783 = DIRECTION('',(1.,0.,0.));
#9784 = ORIENTED_EDGE('',*,*,#9785,.F.);
#9785 = EDGE_CURVE('',#9786,#9778,#9788,.T.);
#9786 = VERTEX_POINT('',#9787);
#9787 = CARTESIAN_POINT('',(94.489555,-47.356256,0.));
#9788 = CIRCLE('',#9789,0.999999252925);
#9789 = AXIS2_PLACEMENT_3D('',#9790,#9791,#9792);
#9790 = CARTESIAN_POINT('',(95.489554252925,-47.35625674707,0.));
#9791 = DIRECTION('',(0.,0.,1.));
#9792 = DIRECTION('',(-1.,7.470757349539E-07,0.));
#9793 = ORIENTED_EDGE('',*,*,#9794,.F.);
#9794 = EDGE_CURVE('',#9795,#9786,#9797,.T.);
#9795 = VERTEX_POINT('',#9796);
#9796 = CARTESIAN_POINT('',(94.489555,-46.156256,0.));
#9797 = LINE('',#9798,#9799);
#9798 = CARTESIAN_POINT('',(94.489555,-46.156256,0.));
#9799 = VECTOR('',#9800,1.);
#9800 = DIRECTION('',(0.,-1.,0.));
#9801 = ORIENTED_EDGE('',*,*,#9802,.F.);
#9802 = EDGE_CURVE('',#9803,#9795,#9805,.T.);
#9803 = VERTEX_POINT('',#9804);
#9804 = CARTESIAN_POINT('',(94.505673,-45.856256,0.));
#9805 = CIRCLE('',#9806,2.799701698365);
#9806 = AXIS2_PLACEMENT_3D('',#9807,#9808,#9809);
#9807 = CARTESIAN_POINT('',(97.289256698329,-46.1562416567,0.));
#9808 = DIRECTION('',(0.,0.,1.));
#9809 = DIRECTION('',(-0.994242958082,0.107149149811,0.));
#9810 = ORIENTED_EDGE('',*,*,#9811,.F.);
#9811 = EDGE_CURVE('',#9812,#9803,#9814,.T.);
#9812 = VERTEX_POINT('',#9813);
#9813 = CARTESIAN_POINT('',(94.489555,-45.856256,0.));
#9814 = LINE('',#9815,#9816);
#9815 = CARTESIAN_POINT('',(94.489555,-45.856256,0.));
#9816 = VECTOR('',#9817,1.);
#9817 = DIRECTION('',(1.,0.,0.));
#9818 = ORIENTED_EDGE('',*,*,#9819,.F.);
#9819 = EDGE_CURVE('',#9710,#9812,#9820,.T.);
#9820 = LINE('',#9821,#9822);
#9821 = CARTESIAN_POINT('',(94.489555,-44.356256,0.));
#9822 = VECTOR('',#9823,1.);
#9823 = DIRECTION('',(0.,-1.,0.));
#9824 = FACE_BOUND('',#9825,.F.);
#9825 = EDGE_LOOP('',(#9826));
#9826 = ORIENTED_EDGE('',*,*,#9827,.F.);
#9827 = EDGE_CURVE('',#9828,#9828,#9830,.T.);
#9828 = VERTEX_POINT('',#9829);
#9829 = CARTESIAN_POINT('',(96.45,-40.1,0.));
#9830 = CIRCLE('',#9831,1.5);
#9831 = AXIS2_PLACEMENT_3D('',#9832,#9833,#9834);
#9832 = CARTESIAN_POINT('',(94.95,-40.1,0.));
#9833 = DIRECTION('',(0.,0.,1.));
#9834 = DIRECTION('',(1.,0.,-0.));
#9835 = FACE_BOUND('',#9836,.F.);
#9836 = EDGE_LOOP('',(#9837,#9848,#9856,#9865,#9873,#9882,#9890,#9898,
    #9907,#9915,#9923,#9932,#9940,#9949));
#9837 = ORIENTED_EDGE('',*,*,#9838,.F.);
#9838 = EDGE_CURVE('',#9839,#9841,#9843,.T.);
#9839 = VERTEX_POINT('',#9840);
#9840 = CARTESIAN_POINT('',(160.989555,-81.656256,0.));
#9841 = VERTEX_POINT('',#9842);
#9842 = CARTESIAN_POINT('',(159.989555,-82.656256,0.));
#9843 = CIRCLE('',#9844,0.999999252925);
#9844 = AXIS2_PLACEMENT_3D('',#9845,#9846,#9847);
#9845 = CARTESIAN_POINT('',(160.98955425292,-82.65625525292,0.));
#9846 = DIRECTION('',(0.,0.,1.));
#9847 = DIRECTION('',(7.470757349539E-07,1.,-0.));
#9848 = ORIENTED_EDGE('',*,*,#9849,.F.);
#9849 = EDGE_CURVE('',#9850,#9839,#9852,.T.);
#9850 = VERTEX_POINT('',#9851);
#9851 = CARTESIAN_POINT('',(163.989555,-81.656256,0.));
#9852 = LINE('',#9853,#9854);
#9853 = CARTESIAN_POINT('',(163.989555,-81.656256,0.));
#9854 = VECTOR('',#9855,1.);
#9855 = DIRECTION('',(-1.,0.,0.));
#9856 = ORIENTED_EDGE('',*,*,#9857,.F.);
#9857 = EDGE_CURVE('',#9858,#9850,#9860,.T.);
#9858 = VERTEX_POINT('',#9859);
#9859 = CARTESIAN_POINT('',(164.989555,-82.656256,0.));
#9860 = CIRCLE('',#9861,1.00000266715);
#9861 = AXIS2_PLACEMENT_3D('',#9862,#9863,#9864);
#9862 = CARTESIAN_POINT('',(163.98955233285,-82.65625866714,0.));
#9863 = DIRECTION('',(0.,0.,1.));
#9864 = DIRECTION('',(0.999999999996,2.667139176832E-06,-0.));
#9865 = ORIENTED_EDGE('',*,*,#9866,.F.);
#9866 = EDGE_CURVE('',#9867,#9858,#9869,.T.);
#9867 = VERTEX_POINT('',#9868);
#9868 = CARTESIAN_POINT('',(164.989555,-83.856256,0.));
#9869 = LINE('',#9870,#9871);
#9870 = CARTESIAN_POINT('',(164.989555,-83.856256,0.));
#9871 = VECTOR('',#9872,1.);
#9872 = DIRECTION('',(0.,1.,0.));
#9873 = ORIENTED_EDGE('',*,*,#9874,.F.);
#9874 = EDGE_CURVE('',#9875,#9867,#9877,.T.);
#9875 = VERTEX_POINT('',#9876);
#9876 = CARTESIAN_POINT('',(164.973437,-84.156256,0.));
#9877 = CIRCLE('',#9878,2.800394106218);
#9878 = AXIS2_PLACEMENT_3D('',#9879,#9880,#9881);
#9879 = CARTESIAN_POINT('',(162.18916089387,-83.85623314253,0.));
#9880 = DIRECTION('',(0.,0.,1.));
#9881 = DIRECTION('',(0.994244381511,-0.107135940903,0.));
#9882 = ORIENTED_EDGE('',*,*,#9883,.F.);
#9883 = EDGE_CURVE('',#9884,#9875,#9886,.T.);
#9884 = VERTEX_POINT('',#9885);
#9885 = CARTESIAN_POINT('',(164.989555,-84.156256,0.));
#9886 = LINE('',#9887,#9888);
#9887 = CARTESIAN_POINT('',(164.989555,-84.156256,0.));
#9888 = VECTOR('',#9889,1.);
#9889 = DIRECTION('',(-1.,0.,0.));
#9890 = ORIENTED_EDGE('',*,*,#9891,.F.);
#9891 = EDGE_CURVE('',#9892,#9884,#9894,.T.);
#9892 = VERTEX_POINT('',#9893);
#9893 = CARTESIAN_POINT('',(164.989555,-85.656256,0.));
#9894 = LINE('',#9895,#9896);
#9895 = CARTESIAN_POINT('',(164.989555,-85.656256,0.));
#9896 = VECTOR('',#9897,1.);
#9897 = DIRECTION('',(0.,1.,0.));
#9898 = ORIENTED_EDGE('',*,*,#9899,.F.);
#9899 = EDGE_CURVE('',#9900,#9892,#9902,.T.);
#9900 = VERTEX_POINT('',#9901);
#9901 = CARTESIAN_POINT('',(163.989555,-86.656256,0.));
#9902 = CIRCLE('',#9903,1.00000266715);
#9903 = AXIS2_PLACEMENT_3D('',#9904,#9905,#9906);
#9904 = CARTESIAN_POINT('',(163.98955233285,-85.65625333285,0.));
#9905 = DIRECTION('',(0.,0.,1.));
#9906 = DIRECTION('',(2.667139162621E-06,-0.999999999996,0.));
#9907 = ORIENTED_EDGE('',*,*,#9908,.F.);
#9908 = EDGE_CURVE('',#9909,#9900,#9911,.T.);
#9909 = VERTEX_POINT('',#9910);
#9910 = CARTESIAN_POINT('',(162.489555,-86.656256,0.));
#9911 = LINE('',#9912,#9913);
#9912 = CARTESIAN_POINT('',(162.489555,-86.656256,0.));
#9913 = VECTOR('',#9914,1.);
#9914 = DIRECTION('',(1.,0.,0.));
#9915 = ORIENTED_EDGE('',*,*,#9916,.F.);
#9916 = EDGE_CURVE('',#9917,#9909,#9919,.T.);
#9917 = VERTEX_POINT('',#9918);
#9918 = CARTESIAN_POINT('',(162.489555,-86.640138,0.));
#9919 = LINE('',#9920,#9921);
#9920 = CARTESIAN_POINT('',(162.489555,-86.640138,0.));
#9921 = VECTOR('',#9922,1.);
#9922 = DIRECTION('',(0.,-1.,0.));
#9923 = ORIENTED_EDGE('',*,*,#9924,.F.);
#9924 = EDGE_CURVE('',#9925,#9917,#9927,.T.);
#9925 = VERTEX_POINT('',#9926);
#9926 = CARTESIAN_POINT('',(162.189555,-86.656256,0.));
#9927 = CIRCLE('',#9928,2.799701698356);
#9928 = AXIS2_PLACEMENT_3D('',#9929,#9930,#9931);
#9929 = CARTESIAN_POINT('',(162.18956934329,-83.85655430168,0.));
#9930 = DIRECTION('',(0.,0.,1.));
#9931 = DIRECTION('',(-5.123151125626E-06,-0.999999999987,0.));
#9932 = ORIENTED_EDGE('',*,*,#9933,.F.);
#9933 = EDGE_CURVE('',#9934,#9925,#9936,.T.);
#9934 = VERTEX_POINT('',#9935);
#9935 = CARTESIAN_POINT('',(160.989555,-86.656256,0.));
#9936 = LINE('',#9937,#9938);
#9937 = CARTESIAN_POINT('',(160.989555,-86.656256,0.));
#9938 = VECTOR('',#9939,1.);
#9939 = DIRECTION('',(1.,0.,0.));
#9940 = ORIENTED_EDGE('',*,*,#9941,.F.);
#9941 = EDGE_CURVE('',#9942,#9934,#9944,.T.);
#9942 = VERTEX_POINT('',#9943);
#9943 = CARTESIAN_POINT('',(159.989555,-85.656256,0.));
#9944 = CIRCLE('',#9945,0.999999252925);
#9945 = AXIS2_PLACEMENT_3D('',#9946,#9947,#9948);
#9946 = CARTESIAN_POINT('',(160.98955425292,-85.65625674707,0.));
#9947 = DIRECTION('',(0.,0.,1.));
#9948 = DIRECTION('',(-1.,7.470757633756E-07,0.));
#9949 = ORIENTED_EDGE('',*,*,#9950,.F.);
#9950 = EDGE_CURVE('',#9841,#9942,#9951,.T.);
#9951 = LINE('',#9952,#9953);
#9952 = CARTESIAN_POINT('',(159.989555,-82.656256,0.));
#9953 = VECTOR('',#9954,1.);
#9954 = DIRECTION('',(0.,-1.,0.));
#9955 = FACE_BOUND('',#9956,.F.);
#9956 = EDGE_LOOP('',(#9957));
#9957 = ORIENTED_EDGE('',*,*,#9958,.T.);
#9958 = EDGE_CURVE('',#9959,#9959,#9961,.T.);
#9959 = VERTEX_POINT('',#9960);
#9960 = CARTESIAN_POINT('',(166.504935,-87.136455,0.));
#9961 = CIRCLE('',#9962,0.4);
#9962 = AXIS2_PLACEMENT_3D('',#9963,#9964,#9965);
#9963 = CARTESIAN_POINT('',(166.504935,-86.736455,0.));
#9964 = DIRECTION('',(-0.,0.,-1.));
#9965 = DIRECTION('',(-0.,-1.,0.));
#9966 = FACE_BOUND('',#9967,.F.);
#9967 = EDGE_LOOP('',(#9968));
#9968 = ORIENTED_EDGE('',*,*,#9969,.T.);
#9969 = EDGE_CURVE('',#9970,#9970,#9972,.T.);
#9970 = VERTEX_POINT('',#9971);
#9971 = CARTESIAN_POINT('',(169.004935,-87.136455,0.));
#9972 = CIRCLE('',#9973,0.4);
#9973 = AXIS2_PLACEMENT_3D('',#9974,#9975,#9976);
#9974 = CARTESIAN_POINT('',(169.004935,-86.736455,0.));
#9975 = DIRECTION('',(-0.,0.,-1.));
#9976 = DIRECTION('',(-0.,-1.,0.));
#9977 = FACE_BOUND('',#9978,.F.);
#9978 = EDGE_LOOP('',(#9979,#9990,#9998,#10007,#10015,#10023,#10032,
    #10040,#10048,#10057,#10065,#10074,#10082,#10091));
#9979 = ORIENTED_EDGE('',*,*,#9980,.F.);
#9980 = EDGE_CURVE('',#9981,#9983,#9985,.T.);
#9981 = VERTEX_POINT('',#9982);
#9982 = CARTESIAN_POINT('',(160.989555,-43.356256,0.));
#9983 = VERTEX_POINT('',#9984);
#9984 = CARTESIAN_POINT('',(159.989555,-44.356256,0.));
#9985 = CIRCLE('',#9986,0.999999252925);
#9986 = AXIS2_PLACEMENT_3D('',#9987,#9988,#9989);
#9987 = CARTESIAN_POINT('',(160.98955425292,-44.35625525292,0.));
#9988 = DIRECTION('',(0.,0.,1.));
#9989 = DIRECTION('',(7.470757633756E-07,1.,-0.));
#9990 = ORIENTED_EDGE('',*,*,#9991,.F.);
#9991 = EDGE_CURVE('',#9992,#9981,#9994,.T.);
#9992 = VERTEX_POINT('',#9993);
#9993 = CARTESIAN_POINT('',(162.189555,-43.356256,0.));
#9994 = LINE('',#9995,#9996);
#9995 = CARTESIAN_POINT('',(162.189555,-43.356256,0.));
#9996 = VECTOR('',#9997,1.);
#9997 = DIRECTION('',(-1.,0.,0.));
#9998 = ORIENTED_EDGE('',*,*,#9999,.F.);
#9999 = EDGE_CURVE('',#10000,#9992,#10002,.T.);
#10000 = VERTEX_POINT('',#10001);
#10001 = CARTESIAN_POINT('',(162.489555,-43.372374,0.));
#10002 = CIRCLE('',#10003,2.799701698358);
#10003 = AXIS2_PLACEMENT_3D('',#10004,#10005,#10006);
#10004 = CARTESIAN_POINT('',(162.18956934329,-46.15595769832,0.));
#10005 = DIRECTION('',(0.,0.,1.));
#10006 = DIRECTION('',(0.107149149812,0.994242958082,-0.));
#10007 = ORIENTED_EDGE('',*,*,#10008,.F.);
#10008 = EDGE_CURVE('',#10009,#10000,#10011,.T.);
#10009 = VERTEX_POINT('',#10010);
#10010 = CARTESIAN_POINT('',(162.489555,-43.356256,0.));
#10011 = LINE('',#10012,#10013);
#10012 = CARTESIAN_POINT('',(162.489555,-43.356256,0.));
#10013 = VECTOR('',#10014,1.);
#10014 = DIRECTION('',(0.,-1.,0.));
#10015 = ORIENTED_EDGE('',*,*,#10016,.F.);
#10016 = EDGE_CURVE('',#10017,#10009,#10019,.T.);
#10017 = VERTEX_POINT('',#10018);
#10018 = CARTESIAN_POINT('',(163.989555,-43.356256,0.));
#10019 = LINE('',#10020,#10021);
#10020 = CARTESIAN_POINT('',(163.989555,-43.356256,0.));
#10021 = VECTOR('',#10022,1.);
#10022 = DIRECTION('',(-1.,0.,0.));
#10023 = ORIENTED_EDGE('',*,*,#10024,.F.);
#10024 = EDGE_CURVE('',#10025,#10017,#10027,.T.);
#10025 = VERTEX_POINT('',#10026);
#10026 = CARTESIAN_POINT('',(164.989555,-44.356256,0.));
#10027 = CIRCLE('',#10028,1.00000266715);
#10028 = AXIS2_PLACEMENT_3D('',#10029,#10030,#10031);
#10029 = CARTESIAN_POINT('',(163.98955233285,-44.35625866714,0.));
#10030 = DIRECTION('',(0.,0.,1.));
#10031 = DIRECTION('',(0.999999999996,2.667139155515E-06,-0.));
#10032 = ORIENTED_EDGE('',*,*,#10033,.F.);
#10033 = EDGE_CURVE('',#10034,#10025,#10036,.T.);
#10034 = VERTEX_POINT('',#10035);
#10035 = CARTESIAN_POINT('',(164.989555,-45.856256,0.));
#10036 = LINE('',#10037,#10038);
#10037 = CARTESIAN_POINT('',(164.989555,-45.856256,0.));
#10038 = VECTOR('',#10039,1.);
#10039 = DIRECTION('',(0.,1.,0.));
#10040 = ORIENTED_EDGE('',*,*,#10041,.F.);
#10041 = EDGE_CURVE('',#10042,#10034,#10044,.T.);
#10042 = VERTEX_POINT('',#10043);
#10043 = CARTESIAN_POINT('',(164.973437,-45.856256,0.));
#10044 = LINE('',#10045,#10046);
#10045 = CARTESIAN_POINT('',(164.973437,-45.856256,0.));
#10046 = VECTOR('',#10047,1.);
#10047 = DIRECTION('',(1.,0.,0.));
#10048 = ORIENTED_EDGE('',*,*,#10049,.F.);
#10049 = EDGE_CURVE('',#10050,#10042,#10052,.T.);
#10050 = VERTEX_POINT('',#10051);
#10051 = CARTESIAN_POINT('',(164.989555,-46.156256,0.));
#10052 = CIRCLE('',#10053,2.800394106218);
#10053 = AXIS2_PLACEMENT_3D('',#10054,#10055,#10056);
#10054 = CARTESIAN_POINT('',(162.18916089387,-46.15627885746,0.));
#10055 = DIRECTION('',(0.,0.,1.));
#10056 = DIRECTION('',(0.999999999967,8.162232737374E-06,-0.));
#10057 = ORIENTED_EDGE('',*,*,#10058,.F.);
#10058 = EDGE_CURVE('',#10059,#10050,#10061,.T.);
#10059 = VERTEX_POINT('',#10060);
#10060 = CARTESIAN_POINT('',(164.989555,-47.356256,0.));
#10061 = LINE('',#10062,#10063);
#10062 = CARTESIAN_POINT('',(164.989555,-47.356256,0.));
#10063 = VECTOR('',#10064,1.);
#10064 = DIRECTION('',(0.,1.,0.));
#10065 = ORIENTED_EDGE('',*,*,#10066,.F.);
#10066 = EDGE_CURVE('',#10067,#10059,#10069,.T.);
#10067 = VERTEX_POINT('',#10068);
#10068 = CARTESIAN_POINT('',(163.989555,-48.356256,0.));
#10069 = CIRCLE('',#10070,1.00000266715);
#10070 = AXIS2_PLACEMENT_3D('',#10071,#10072,#10073);
#10071 = CARTESIAN_POINT('',(163.98955233285,-47.35625333285,0.));
#10072 = DIRECTION('',(0.,0.,1.));
#10073 = DIRECTION('',(2.667139162621E-06,-0.999999999996,0.));
#10074 = ORIENTED_EDGE('',*,*,#10075,.F.);
#10075 = EDGE_CURVE('',#10076,#10067,#10078,.T.);
#10076 = VERTEX_POINT('',#10077);
#10077 = CARTESIAN_POINT('',(160.989555,-48.356256,0.));
#10078 = LINE('',#10079,#10080);
#10079 = CARTESIAN_POINT('',(160.989555,-48.356256,0.));
#10080 = VECTOR('',#10081,1.);
#10081 = DIRECTION('',(1.,0.,0.));
#10082 = ORIENTED_EDGE('',*,*,#10083,.F.);
#10083 = EDGE_CURVE('',#10084,#10076,#10086,.T.);
#10084 = VERTEX_POINT('',#10085);
#10085 = CARTESIAN_POINT('',(159.989555,-47.356256,0.));
#10086 = CIRCLE('',#10087,0.999999252925);
#10087 = AXIS2_PLACEMENT_3D('',#10088,#10089,#10090);
#10088 = CARTESIAN_POINT('',(160.98955425292,-47.35625674707,0.));
#10089 = DIRECTION('',(0.,0.,1.));
#10090 = DIRECTION('',(-1.,7.470757562702E-07,0.));
#10091 = ORIENTED_EDGE('',*,*,#10092,.F.);
#10092 = EDGE_CURVE('',#9983,#10084,#10093,.T.);
#10093 = LINE('',#10094,#10095);
#10094 = CARTESIAN_POINT('',(159.989555,-44.356256,0.));
#10095 = VECTOR('',#10096,1.);
#10096 = DIRECTION('',(0.,-1.,0.));
#10097 = FACE_BOUND('',#10098,.F.);
#10098 = EDGE_LOOP('',(#10099));
#10099 = ORIENTED_EDGE('',*,*,#10100,.F.);
#10100 = EDGE_CURVE('',#10101,#10101,#10103,.T.);
#10101 = VERTEX_POINT('',#10102);
#10102 = CARTESIAN_POINT('',(167.504935,-40.1,0.));
#10103 = CIRCLE('',#10104,1.5);
#10104 = AXIS2_PLACEMENT_3D('',#10105,#10106,#10107);
#10105 = CARTESIAN_POINT('',(166.004935,-40.1,0.));
#10106 = DIRECTION('',(0.,0.,1.));
#10107 = DIRECTION('',(1.,0.,-0.));
#10108 = PLANE('',#10109);
#10109 = AXIS2_PLACEMENT_3D('',#10110,#10111,#10112);
#10110 = CARTESIAN_POINT('',(0.,0.,0.));
#10111 = DIRECTION('',(0.,0.,1.));
#10112 = DIRECTION('',(1.,0.,-0.));
#10113 = ADVANCED_FACE('',(#10114,#10225,#10236,#10247,#10258,#10269,
    #10280,#10291,#10302,#10313,#10324,#10335,#10455,#10466,#10477,
    #10488,#10499,#10510,#10521,#10532,#10543,#10663,#10674,#10794,
    #10805,#10816,#10936),#10947,.T.);
#10114 = FACE_BOUND('',#10115,.T.);
#10115 = EDGE_LOOP('',(#10116,#10117,#10118,#10127,#10135,#10144,#10152,
    #10161,#10169,#10178,#10186,#10194,#10202,#10210,#10218,#10224));
#10116 = ORIENTED_EDGE('',*,*,#9184,.F.);
#10117 = ORIENTED_EDGE('',*,*,#9226,.F.);
#10118 = ORIENTED_EDGE('',*,*,#10119,.F.);
#10119 = EDGE_CURVE('',#10120,#9219,#10122,.T.);
#10120 = VERTEX_POINT('',#10121);
#10121 = CARTESIAN_POINT('',(90.45,-40.1,1.51));
#10122 = CIRCLE('',#10123,4.50000175948);
#10123 = AXIS2_PLACEMENT_3D('',#10124,#10125,#10126);
#10124 = CARTESIAN_POINT('',(94.95000175948,-40.10000175948,1.51));
#10125 = DIRECTION('',(0.,0.,-1.));
#10126 = DIRECTION('',(-1.,3.909953631854E-07,0.));
#10127 = ORIENTED_EDGE('',*,*,#10128,.F.);
#10128 = EDGE_CURVE('',#10129,#10120,#10131,.T.);
#10129 = VERTEX_POINT('',#10130);
#10130 = CARTESIAN_POINT('',(90.45,-138.182663,1.51));
#10131 = LINE('',#10132,#10133);
#10132 = CARTESIAN_POINT('',(90.45,-138.182663,1.51));
#10133 = VECTOR('',#10134,1.);
#10134 = DIRECTION('',(0.,1.,0.));
#10135 = ORIENTED_EDGE('',*,*,#10136,.F.);
#10136 = EDGE_CURVE('',#10137,#10129,#10139,.T.);
#10137 = VERTEX_POINT('',#10138);
#10138 = CARTESIAN_POINT('',(94.95,-142.682663,1.51));
#10139 = CIRCLE('',#10140,4.499994931061);
#10140 = AXIS2_PLACEMENT_3D('',#10141,#10142,#10143);
#10141 = CARTESIAN_POINT('',(94.949994931058,-138.1826680689,1.51));
#10142 = DIRECTION('',(0.,0.,-1.));
#10143 = DIRECTION('',(1.126432780668E-06,-0.999999999999,0.));
#10144 = ORIENTED_EDGE('',*,*,#10145,.F.);
#10145 = EDGE_CURVE('',#10146,#10137,#10148,.T.);
#10146 = VERTEX_POINT('',#10147);
#10147 = CARTESIAN_POINT('',(154.983954,-142.682663,1.51));
#10148 = LINE('',#10149,#10150);
#10149 = CARTESIAN_POINT('',(154.983954,-142.682663,1.51));
#10150 = VECTOR('',#10151,1.);
#10151 = DIRECTION('',(-1.,0.,0.));
#10152 = ORIENTED_EDGE('',*,*,#10153,.F.);
#10153 = EDGE_CURVE('',#10154,#10146,#10156,.T.);
#10154 = VERTEX_POINT('',#10155);
#10155 = CARTESIAN_POINT('',(158.429573,-141.07709,1.51));
#10156 = CIRCLE('',#10157,4.499984789109);
#10157 = AXIS2_PLACEMENT_3D('',#10158,#10159,#10160);
#10158 = CARTESIAN_POINT('',(154.98396079063,-138.1826782108,1.51));
#10159 = DIRECTION('',(0.,0.,-1.));
#10160 = DIRECTION('',(0.765694190279,-0.64320479396,0.));
#10161 = ORIENTED_EDGE('',*,*,#10162,.F.);
#10162 = EDGE_CURVE('',#10163,#10154,#10165,.T.);
#10163 = VERTEX_POINT('',#10164);
#10164 = CARTESIAN_POINT('',(169.450554,-127.957364,1.51));
#10165 = LINE('',#10166,#10167);
#10166 = CARTESIAN_POINT('',(169.450554,-127.957364,1.51));
#10167 = VECTOR('',#10168,1.);
#10168 = DIRECTION('',(-0.643206155327,-0.76569304669,0.));
#10169 = ORIENTED_EDGE('',*,*,#10170,.F.);
#10170 = EDGE_CURVE('',#10171,#10163,#10173,.T.);
#10171 = VERTEX_POINT('',#10172);
#10172 = CARTESIAN_POINT('',(170.504935,-125.062936,1.51));
#10173 = CIRCLE('',#10174,4.499861351648);
#10174 = AXIS2_PLACEMENT_3D('',#10175,#10176,#10177);
#10175 = CARTESIAN_POINT('',(166.00507364864,-125.0629871529,1.51));
#10176 = DIRECTION('',(0.,0.,-1.));
#10177 = DIRECTION('',(0.999999999935,1.136768295825E-05,0.));
#10178 = ORIENTED_EDGE('',*,*,#10179,.F.);
#10179 = EDGE_CURVE('',#10180,#10171,#10182,.T.);
#10180 = VERTEX_POINT('',#10181);
#10181 = CARTESIAN_POINT('',(170.504935,-118.236455,1.51));
#10182 = LINE('',#10183,#10184);
#10183 = CARTESIAN_POINT('',(170.504935,-118.236455,1.51));
#10184 = VECTOR('',#10185,1.);
#10185 = DIRECTION('',(0.,-1.,0.));
#10186 = ORIENTED_EDGE('',*,*,#10187,.F.);
#10187 = EDGE_CURVE('',#10188,#10180,#10190,.T.);
#10188 = VERTEX_POINT('',#10189);
#10189 = CARTESIAN_POINT('',(170.504935,-101.236455,1.51));
#10190 = LINE('',#10191,#10192);
#10191 = CARTESIAN_POINT('',(170.504935,-101.236455,1.51));
#10192 = VECTOR('',#10193,1.);
#10193 = DIRECTION('',(0.,-1.,0.));
#10194 = ORIENTED_EDGE('',*,*,#10195,.F.);
#10195 = EDGE_CURVE('',#10196,#10188,#10198,.T.);
#10196 = VERTEX_POINT('',#10197);
#10197 = CARTESIAN_POINT('',(170.504935,-93.382236,1.51));
#10198 = LINE('',#10199,#10200);
#10199 = CARTESIAN_POINT('',(170.504935,-93.382236,1.51));
#10200 = VECTOR('',#10201,1.);
#10201 = DIRECTION('',(0.,-1.,0.));
#10202 = ORIENTED_EDGE('',*,*,#10203,.F.);
#10203 = EDGE_CURVE('',#10204,#10196,#10206,.T.);
#10204 = VERTEX_POINT('',#10205);
#10205 = CARTESIAN_POINT('',(170.504935,-85.090674,1.51));
#10206 = LINE('',#10207,#10208);
#10207 = CARTESIAN_POINT('',(170.504935,-85.090674,1.51));
#10208 = VECTOR('',#10209,1.);
#10209 = DIRECTION('',(0.,-1.,0.));
#10210 = ORIENTED_EDGE('',*,*,#10211,.F.);
#10211 = EDGE_CURVE('',#10212,#10204,#10214,.T.);
#10212 = VERTEX_POINT('',#10213);
#10213 = CARTESIAN_POINT('',(170.504935,-77.236455,1.51));
#10214 = LINE('',#10215,#10216);
#10215 = CARTESIAN_POINT('',(170.504935,-77.236455,1.51));
#10216 = VECTOR('',#10217,1.);
#10217 = DIRECTION('',(0.,-1.,0.));
#10218 = ORIENTED_EDGE('',*,*,#10219,.F.);
#10219 = EDGE_CURVE('',#9249,#10212,#10220,.T.);
#10220 = LINE('',#10221,#10222);
#10221 = CARTESIAN_POINT('',(170.504935,-60.236455,1.51));
#10222 = VECTOR('',#10223,1.);
#10223 = DIRECTION('',(0.,-1.,0.));
#10224 = ORIENTED_EDGE('',*,*,#9248,.F.);
#10225 = FACE_BOUND('',#10226,.T.);
#10226 = EDGE_LOOP('',(#10227));
#10227 = ORIENTED_EDGE('',*,*,#10228,.F.);
#10228 = EDGE_CURVE('',#10229,#10229,#10231,.T.);
#10229 = VERTEX_POINT('',#10230);
#10230 = CARTESIAN_POINT('',(96.45,-138.182663,1.51));
#10231 = CIRCLE('',#10232,1.5);
#10232 = AXIS2_PLACEMENT_3D('',#10233,#10234,#10235);
#10233 = CARTESIAN_POINT('',(94.95,-138.182663,1.51));
#10234 = DIRECTION('',(0.,0.,1.));
#10235 = DIRECTION('',(1.,0.,-0.));
#10236 = FACE_BOUND('',#10237,.T.);
#10237 = EDGE_LOOP('',(#10238));
#10238 = ORIENTED_EDGE('',*,*,#10239,.T.);
#10239 = EDGE_CURVE('',#10240,#10240,#10242,.T.);
#10240 = VERTEX_POINT('',#10241);
#10241 = CARTESIAN_POINT('',(102.,-137.35,1.51));
#10242 = CIRCLE('',#10243,0.85);
#10243 = AXIS2_PLACEMENT_3D('',#10244,#10245,#10246);
#10244 = CARTESIAN_POINT('',(102.,-136.5,1.51));
#10245 = DIRECTION('',(-0.,0.,-1.));
#10246 = DIRECTION('',(-0.,-1.,0.));
#10247 = FACE_BOUND('',#10248,.T.);
#10248 = EDGE_LOOP('',(#10249));
#10249 = ORIENTED_EDGE('',*,*,#10250,.T.);
#10250 = EDGE_CURVE('',#10251,#10251,#10253,.T.);
#10251 = VERTEX_POINT('',#10252);
#10252 = CARTESIAN_POINT('',(102.,-130.35,1.51));
#10253 = CIRCLE('',#10254,0.85);
#10254 = AXIS2_PLACEMENT_3D('',#10255,#10256,#10257);
#10255 = CARTESIAN_POINT('',(102.,-129.5,1.51));
#10256 = DIRECTION('',(-0.,0.,-1.));
#10257 = DIRECTION('',(-0.,-1.,0.));
#10258 = FACE_BOUND('',#10259,.T.);
#10259 = EDGE_LOOP('',(#10260));
#10260 = ORIENTED_EDGE('',*,*,#10261,.T.);
#10261 = EDGE_CURVE('',#10262,#10262,#10264,.T.);
#10262 = VERTEX_POINT('',#10263);
#10263 = CARTESIAN_POINT('',(97.7,-100.5,1.51));
#10264 = CIRCLE('',#10265,0.5);
#10265 = AXIS2_PLACEMENT_3D('',#10266,#10267,#10268);
#10266 = CARTESIAN_POINT('',(97.7,-100.,1.51));
#10267 = DIRECTION('',(-0.,0.,-1.));
#10268 = DIRECTION('',(-0.,-1.,0.));
#10269 = FACE_BOUND('',#10270,.T.);
#10270 = EDGE_LOOP('',(#10271));
#10271 = ORIENTED_EDGE('',*,*,#10272,.T.);
#10272 = EDGE_CURVE('',#10273,#10273,#10275,.T.);
#10273 = VERTEX_POINT('',#10274);
#10274 = CARTESIAN_POINT('',(105.3,-100.5,1.51));
#10275 = CIRCLE('',#10276,0.5);
#10276 = AXIS2_PLACEMENT_3D('',#10277,#10278,#10279);
#10277 = CARTESIAN_POINT('',(105.3,-100.,1.51));
#10278 = DIRECTION('',(-0.,0.,-1.));
#10279 = DIRECTION('',(-0.,-1.,0.));
#10280 = FACE_BOUND('',#10281,.T.);
#10281 = EDGE_LOOP('',(#10282));
#10282 = ORIENTED_EDGE('',*,*,#10283,.T.);
#10283 = EDGE_CURVE('',#10284,#10284,#10286,.T.);
#10284 = VERTEX_POINT('',#10285);
#10285 = CARTESIAN_POINT('',(144.55,-129.575,1.51));
#10286 = CIRCLE('',#10287,0.375);
#10287 = AXIS2_PLACEMENT_3D('',#10288,#10289,#10290);
#10288 = CARTESIAN_POINT('',(144.55,-129.2,1.51));
#10289 = DIRECTION('',(-0.,0.,-1.));
#10290 = DIRECTION('',(-0.,-1.,0.));
#10291 = FACE_BOUND('',#10292,.T.);
#10292 = EDGE_LOOP('',(#10293));
#10293 = ORIENTED_EDGE('',*,*,#10294,.T.);
#10294 = EDGE_CURVE('',#10295,#10295,#10297,.T.);
#10295 = VERTEX_POINT('',#10296);
#10296 = CARTESIAN_POINT('',(146.55,-129.575,1.51));
#10297 = CIRCLE('',#10298,0.375);
#10298 = AXIS2_PLACEMENT_3D('',#10299,#10300,#10301);
#10299 = CARTESIAN_POINT('',(146.55,-129.2,1.51));
#10300 = DIRECTION('',(-0.,0.,-1.));
#10301 = DIRECTION('',(-0.,-1.,0.));
#10302 = FACE_BOUND('',#10303,.T.);
#10303 = EDGE_LOOP('',(#10304));
#10304 = ORIENTED_EDGE('',*,*,#10305,.T.);
#10305 = EDGE_CURVE('',#10306,#10306,#10308,.T.);
#10306 = VERTEX_POINT('',#10307);
#10307 = CARTESIAN_POINT('',(166.504935,-92.136455,1.51));
#10308 = CIRCLE('',#10309,0.4);
#10309 = AXIS2_PLACEMENT_3D('',#10310,#10311,#10312);
#10310 = CARTESIAN_POINT('',(166.504935,-91.736455,1.51));
#10311 = DIRECTION('',(-0.,0.,-1.));
#10312 = DIRECTION('',(-0.,-1.,0.));
#10313 = FACE_BOUND('',#10314,.T.);
#10314 = EDGE_LOOP('',(#10315));
#10315 = ORIENTED_EDGE('',*,*,#10316,.T.);
#10316 = EDGE_CURVE('',#10317,#10317,#10319,.T.);
#10317 = VERTEX_POINT('',#10318);
#10318 = CARTESIAN_POINT('',(169.004935,-92.136455,1.51));
#10319 = CIRCLE('',#10320,0.4);
#10320 = AXIS2_PLACEMENT_3D('',#10321,#10322,#10323);
#10321 = CARTESIAN_POINT('',(169.004935,-91.736455,1.51));
#10322 = DIRECTION('',(-0.,0.,-1.));
#10323 = DIRECTION('',(-0.,-1.,0.));
#10324 = FACE_BOUND('',#10325,.T.);
#10325 = EDGE_LOOP('',(#10326));
#10326 = ORIENTED_EDGE('',*,*,#10327,.T.);
#10327 = EDGE_CURVE('',#10328,#10328,#10330,.T.);
#10328 = VERTEX_POINT('',#10329);
#10329 = CARTESIAN_POINT('',(169.004935,-89.636455,1.51));
#10330 = CIRCLE('',#10331,0.4);
#10331 = AXIS2_PLACEMENT_3D('',#10332,#10333,#10334);
#10332 = CARTESIAN_POINT('',(169.004935,-89.236455,1.51));
#10333 = DIRECTION('',(-0.,0.,-1.));
#10334 = DIRECTION('',(-0.,-1.,0.));
#10335 = FACE_BOUND('',#10336,.T.);
#10336 = EDGE_LOOP('',(#10337,#10348,#10356,#10365,#10373,#10382,#10390,
    #10399,#10407,#10415,#10424,#10432,#10440,#10449));
#10337 = ORIENTED_EDGE('',*,*,#10338,.F.);
#10338 = EDGE_CURVE('',#10339,#10341,#10343,.T.);
#10339 = VERTEX_POINT('',#10340);
#10340 = CARTESIAN_POINT('',(95.489555,-81.656256,1.51));
#10341 = VERTEX_POINT('',#10342);
#10342 = CARTESIAN_POINT('',(94.489555,-82.656256,1.51));
#10343 = CIRCLE('',#10344,0.999999252925);
#10344 = AXIS2_PLACEMENT_3D('',#10345,#10346,#10347);
#10345 = CARTESIAN_POINT('',(95.489554252925,-82.65625525292,1.51));
#10346 = DIRECTION('',(0.,0.,1.));
#10347 = DIRECTION('',(7.47075720743E-07,1.,-0.));
#10348 = ORIENTED_EDGE('',*,*,#10349,.F.);
#10349 = EDGE_CURVE('',#10350,#10339,#10352,.T.);
#10350 = VERTEX_POINT('',#10351);
#10351 = CARTESIAN_POINT('',(98.489555,-81.656256,1.51));
#10352 = LINE('',#10353,#10354);
#10353 = CARTESIAN_POINT('',(98.489555,-81.656256,1.51));
#10354 = VECTOR('',#10355,1.);
#10355 = DIRECTION('',(-1.,0.,0.));
#10356 = ORIENTED_EDGE('',*,*,#10357,.F.);
#10357 = EDGE_CURVE('',#10358,#10350,#10360,.T.);
#10358 = VERTEX_POINT('',#10359);
#10359 = CARTESIAN_POINT('',(99.489555,-82.656256,1.51));
#10360 = CIRCLE('',#10361,1.00000266715);
#10361 = AXIS2_PLACEMENT_3D('',#10362,#10363,#10364);
#10362 = CARTESIAN_POINT('',(98.489552332854,-82.65625866714,1.51));
#10363 = DIRECTION('',(0.,0.,1.));
#10364 = DIRECTION('',(0.999999999996,2.667139176832E-06,-0.));
#10365 = ORIENTED_EDGE('',*,*,#10366,.F.);
#10366 = EDGE_CURVE('',#10367,#10358,#10369,.T.);
#10367 = VERTEX_POINT('',#10368);
#10368 = CARTESIAN_POINT('',(99.489555,-85.656256,1.51));
#10369 = LINE('',#10370,#10371);
#10370 = CARTESIAN_POINT('',(99.489555,-85.656256,1.51));
#10371 = VECTOR('',#10372,1.);
#10372 = DIRECTION('',(0.,1.,0.));
#10373 = ORIENTED_EDGE('',*,*,#10374,.F.);
#10374 = EDGE_CURVE('',#10375,#10367,#10377,.T.);
#10375 = VERTEX_POINT('',#10376);
#10376 = CARTESIAN_POINT('',(98.489555,-86.656256,1.51));
#10377 = CIRCLE('',#10378,1.00000266715);
#10378 = AXIS2_PLACEMENT_3D('',#10379,#10380,#10381);
#10379 = CARTESIAN_POINT('',(98.489552332854,-85.65625333285,1.51));
#10380 = DIRECTION('',(0.,0.,1.));
#10381 = DIRECTION('',(2.667139162621E-06,-0.999999999996,0.));
#10382 = ORIENTED_EDGE('',*,*,#10383,.F.);
#10383 = EDGE_CURVE('',#10384,#10375,#10386,.T.);
#10384 = VERTEX_POINT('',#10385);
#10385 = CARTESIAN_POINT('',(97.289555,-86.656256,1.51));
#10386 = LINE('',#10387,#10388);
#10387 = CARTESIAN_POINT('',(97.289555,-86.656256,1.51));
#10388 = VECTOR('',#10389,1.);
#10389 = DIRECTION('',(1.,0.,0.));
#10390 = ORIENTED_EDGE('',*,*,#10391,.F.);
#10391 = EDGE_CURVE('',#10392,#10384,#10394,.T.);
#10392 = VERTEX_POINT('',#10393);
#10393 = CARTESIAN_POINT('',(96.989555,-86.640138,1.51));
#10394 = CIRCLE('',#10395,2.799701698357);
#10395 = AXIS2_PLACEMENT_3D('',#10396,#10397,#10398);
#10396 = CARTESIAN_POINT('',(97.289540656705,-83.85655430168,1.51));
#10397 = DIRECTION('',(0.,0.,1.));
#10398 = DIRECTION('',(-0.107149149812,-0.994242958081,0.));
#10399 = ORIENTED_EDGE('',*,*,#10400,.F.);
#10400 = EDGE_CURVE('',#10401,#10392,#10403,.T.);
#10401 = VERTEX_POINT('',#10402);
#10402 = CARTESIAN_POINT('',(96.989555,-86.656256,1.51));
#10403 = LINE('',#10404,#10405);
#10404 = CARTESIAN_POINT('',(96.989555,-86.656256,1.51));
#10405 = VECTOR('',#10406,1.);
#10406 = DIRECTION('',(0.,1.,0.));
#10407 = ORIENTED_EDGE('',*,*,#10408,.F.);
#10408 = EDGE_CURVE('',#10409,#10401,#10411,.T.);
#10409 = VERTEX_POINT('',#10410);
#10410 = CARTESIAN_POINT('',(95.489555,-86.656256,1.51));
#10411 = LINE('',#10412,#10413);
#10412 = CARTESIAN_POINT('',(95.489555,-86.656256,1.51));
#10413 = VECTOR('',#10414,1.);
#10414 = DIRECTION('',(1.,0.,0.));
#10415 = ORIENTED_EDGE('',*,*,#10416,.F.);
#10416 = EDGE_CURVE('',#10417,#10409,#10419,.T.);
#10417 = VERTEX_POINT('',#10418);
#10418 = CARTESIAN_POINT('',(94.489555,-85.656256,1.51));
#10419 = CIRCLE('',#10420,0.999999252925);
#10420 = AXIS2_PLACEMENT_3D('',#10421,#10422,#10423);
#10421 = CARTESIAN_POINT('',(95.489554252925,-85.65625674707,1.51));
#10422 = DIRECTION('',(0.,0.,1.));
#10423 = DIRECTION('',(-1.,7.470757491648E-07,0.));
#10424 = ORIENTED_EDGE('',*,*,#10425,.F.);
#10425 = EDGE_CURVE('',#10426,#10417,#10428,.T.);
#10426 = VERTEX_POINT('',#10427);
#10427 = CARTESIAN_POINT('',(94.489555,-84.156256,1.51));
#10428 = LINE('',#10429,#10430);
#10429 = CARTESIAN_POINT('',(94.489555,-84.156256,1.51));
#10430 = VECTOR('',#10431,1.);
#10431 = DIRECTION('',(0.,-1.,0.));
#10432 = ORIENTED_EDGE('',*,*,#10433,.F.);
#10433 = EDGE_CURVE('',#10434,#10426,#10436,.T.);
#10434 = VERTEX_POINT('',#10435);
#10435 = CARTESIAN_POINT('',(94.505673,-84.156256,1.51));
#10436 = LINE('',#10437,#10438);
#10437 = CARTESIAN_POINT('',(94.505673,-84.156256,1.51));
#10438 = VECTOR('',#10439,1.);
#10439 = DIRECTION('',(-1.,0.,0.));
#10440 = ORIENTED_EDGE('',*,*,#10441,.F.);
#10441 = EDGE_CURVE('',#10442,#10434,#10444,.T.);
#10442 = VERTEX_POINT('',#10443);
#10443 = CARTESIAN_POINT('',(94.489555,-83.856256,1.51));
#10444 = CIRCLE('',#10445,2.799701698366);
#10445 = AXIS2_PLACEMENT_3D('',#10446,#10447,#10448);
#10446 = CARTESIAN_POINT('',(97.289256698329,-83.85627034329,1.51));
#10447 = DIRECTION('',(0.,0.,1.));
#10448 = DIRECTION('',(-0.999999999987,5.123150942878E-06,0.));
#10449 = ORIENTED_EDGE('',*,*,#10450,.F.);
#10450 = EDGE_CURVE('',#10341,#10442,#10451,.T.);
#10451 = LINE('',#10452,#10453);
#10452 = CARTESIAN_POINT('',(94.489555,-82.656256,1.51));
#10453 = VECTOR('',#10454,1.);
#10454 = DIRECTION('',(0.,-1.,0.));
#10455 = FACE_BOUND('',#10456,.T.);
#10456 = EDGE_LOOP('',(#10457));
#10457 = ORIENTED_EDGE('',*,*,#10458,.T.);
#10458 = EDGE_CURVE('',#10459,#10459,#10461,.T.);
#10459 = VERTEX_POINT('',#10460);
#10460 = CARTESIAN_POINT('',(96.99,-74.45,1.51));
#10461 = CIRCLE('',#10462,0.5);
#10462 = AXIS2_PLACEMENT_3D('',#10463,#10464,#10465);
#10463 = CARTESIAN_POINT('',(96.99,-73.95,1.51));
#10464 = DIRECTION('',(-0.,0.,-1.));
#10465 = DIRECTION('',(-0.,-1.,0.));
#10466 = FACE_BOUND('',#10467,.T.);
#10467 = EDGE_LOOP('',(#10468));
#10468 = ORIENTED_EDGE('',*,*,#10469,.T.);
#10469 = EDGE_CURVE('',#10470,#10470,#10472,.T.);
#10470 = VERTEX_POINT('',#10471);
#10471 = CARTESIAN_POINT('',(96.99,-71.91,1.51));
#10472 = CIRCLE('',#10473,0.5);
#10473 = AXIS2_PLACEMENT_3D('',#10474,#10475,#10476);
#10474 = CARTESIAN_POINT('',(96.99,-71.41,1.51));
#10475 = DIRECTION('',(-0.,0.,-1.));
#10476 = DIRECTION('',(-0.,-1.,0.));
#10477 = FACE_BOUND('',#10478,.T.);
#10478 = EDGE_LOOP('',(#10479));
#10479 = ORIENTED_EDGE('',*,*,#10480,.T.);
#10480 = EDGE_CURVE('',#10481,#10481,#10483,.T.);
#10481 = VERTEX_POINT('',#10482);
#10482 = CARTESIAN_POINT('',(96.99,-69.37,1.51));
#10483 = CIRCLE('',#10484,0.5);
#10484 = AXIS2_PLACEMENT_3D('',#10485,#10486,#10487);
#10485 = CARTESIAN_POINT('',(96.99,-68.87,1.51));
#10486 = DIRECTION('',(-0.,0.,-1.));
#10487 = DIRECTION('',(-0.,-1.,0.));
#10488 = FACE_BOUND('',#10489,.T.);
#10489 = EDGE_LOOP('',(#10490));
#10490 = ORIENTED_EDGE('',*,*,#10491,.T.);
#10491 = EDGE_CURVE('',#10492,#10492,#10494,.T.);
#10492 = VERTEX_POINT('',#10493);
#10493 = CARTESIAN_POINT('',(96.99,-66.83,1.51));
#10494 = CIRCLE('',#10495,0.5);
#10495 = AXIS2_PLACEMENT_3D('',#10496,#10497,#10498);
#10496 = CARTESIAN_POINT('',(96.99,-66.33,1.51));
#10497 = DIRECTION('',(-0.,0.,-1.));
#10498 = DIRECTION('',(-0.,-1.,0.));
#10499 = FACE_BOUND('',#10500,.T.);
#10500 = EDGE_LOOP('',(#10501));
#10501 = ORIENTED_EDGE('',*,*,#10502,.T.);
#10502 = EDGE_CURVE('',#10503,#10503,#10505,.T.);
#10503 = VERTEX_POINT('',#10504);
#10504 = CARTESIAN_POINT('',(96.99,-64.29,1.51));
#10505 = CIRCLE('',#10506,0.5);
#10506 = AXIS2_PLACEMENT_3D('',#10507,#10508,#10509);
#10507 = CARTESIAN_POINT('',(96.99,-63.79,1.51));
#10508 = DIRECTION('',(-0.,0.,-1.));
#10509 = DIRECTION('',(-0.,-1.,0.));
#10510 = FACE_BOUND('',#10511,.T.);
#10511 = EDGE_LOOP('',(#10512));
#10512 = ORIENTED_EDGE('',*,*,#10513,.T.);
#10513 = EDGE_CURVE('',#10514,#10514,#10516,.T.);
#10514 = VERTEX_POINT('',#10515);
#10515 = CARTESIAN_POINT('',(96.99,-61.75,1.51));
#10516 = CIRCLE('',#10517,0.5);
#10517 = AXIS2_PLACEMENT_3D('',#10518,#10519,#10520);
#10518 = CARTESIAN_POINT('',(96.99,-61.25,1.51));
#10519 = DIRECTION('',(-0.,0.,-1.));
#10520 = DIRECTION('',(-0.,-1.,0.));
#10521 = FACE_BOUND('',#10522,.T.);
#10522 = EDGE_LOOP('',(#10523));
#10523 = ORIENTED_EDGE('',*,*,#10524,.T.);
#10524 = EDGE_CURVE('',#10525,#10525,#10527,.T.);
#10525 = VERTEX_POINT('',#10526);
#10526 = CARTESIAN_POINT('',(96.99,-59.21,1.51));
#10527 = CIRCLE('',#10528,0.5);
#10528 = AXIS2_PLACEMENT_3D('',#10529,#10530,#10531);
#10529 = CARTESIAN_POINT('',(96.99,-58.71,1.51));
#10530 = DIRECTION('',(-0.,0.,-1.));
#10531 = DIRECTION('',(-0.,-1.,0.));
#10532 = FACE_BOUND('',#10533,.T.);
#10533 = EDGE_LOOP('',(#10534));
#10534 = ORIENTED_EDGE('',*,*,#10535,.T.);
#10535 = EDGE_CURVE('',#10536,#10536,#10538,.T.);
#10536 = VERTEX_POINT('',#10537);
#10537 = CARTESIAN_POINT('',(96.99,-56.67,1.51));
#10538 = CIRCLE('',#10539,0.5);
#10539 = AXIS2_PLACEMENT_3D('',#10540,#10541,#10542);
#10540 = CARTESIAN_POINT('',(96.99,-56.17,1.51));
#10541 = DIRECTION('',(-0.,0.,-1.));
#10542 = DIRECTION('',(-0.,-1.,0.));
#10543 = FACE_BOUND('',#10544,.T.);
#10544 = EDGE_LOOP('',(#10545,#10556,#10564,#10572,#10581,#10589,#10598,
    #10606,#10615,#10623,#10632,#10640,#10649,#10657));
#10545 = ORIENTED_EDGE('',*,*,#10546,.F.);
#10546 = EDGE_CURVE('',#10547,#10549,#10551,.T.);
#10547 = VERTEX_POINT('',#10548);
#10548 = CARTESIAN_POINT('',(95.489555,-43.356256,1.51));
#10549 = VERTEX_POINT('',#10550);
#10550 = CARTESIAN_POINT('',(94.489555,-44.356256,1.51));
#10551 = CIRCLE('',#10552,0.999999252925);
#10552 = AXIS2_PLACEMENT_3D('',#10553,#10554,#10555);
#10553 = CARTESIAN_POINT('',(95.489554252925,-44.35625525292,1.51));
#10554 = DIRECTION('',(0.,0.,1.));
#10555 = DIRECTION('',(7.470757349539E-07,1.,-0.));
#10556 = ORIENTED_EDGE('',*,*,#10557,.F.);
#10557 = EDGE_CURVE('',#10558,#10547,#10560,.T.);
#10558 = VERTEX_POINT('',#10559);
#10559 = CARTESIAN_POINT('',(96.989555,-43.356256,1.51));
#10560 = LINE('',#10561,#10562);
#10561 = CARTESIAN_POINT('',(96.989555,-43.356256,1.51));
#10562 = VECTOR('',#10563,1.);
#10563 = DIRECTION('',(-1.,0.,0.));
#10564 = ORIENTED_EDGE('',*,*,#10565,.F.);
#10565 = EDGE_CURVE('',#10566,#10558,#10568,.T.);
#10566 = VERTEX_POINT('',#10567);
#10567 = CARTESIAN_POINT('',(96.989555,-43.372374,1.51));
#10568 = LINE('',#10569,#10570);
#10569 = CARTESIAN_POINT('',(96.989555,-43.372374,1.51));
#10570 = VECTOR('',#10571,1.);
#10571 = DIRECTION('',(0.,1.,0.));
#10572 = ORIENTED_EDGE('',*,*,#10573,.F.);
#10573 = EDGE_CURVE('',#10574,#10566,#10576,.T.);
#10574 = VERTEX_POINT('',#10575);
#10575 = CARTESIAN_POINT('',(97.289555,-43.356256,1.51));
#10576 = CIRCLE('',#10577,2.799701698359);
#10577 = AXIS2_PLACEMENT_3D('',#10578,#10579,#10580);
#10578 = CARTESIAN_POINT('',(97.289540656705,-46.15595769832,1.51));
#10579 = DIRECTION('',(0.,0.,1.));
#10580 = DIRECTION('',(5.123151095166E-06,0.999999999987,-0.));
#10581 = ORIENTED_EDGE('',*,*,#10582,.F.);
#10582 = EDGE_CURVE('',#10583,#10574,#10585,.T.);
#10583 = VERTEX_POINT('',#10584);
#10584 = CARTESIAN_POINT('',(98.489555,-43.356256,1.51));
#10585 = LINE('',#10586,#10587);
#10586 = CARTESIAN_POINT('',(98.489555,-43.356256,1.51));
#10587 = VECTOR('',#10588,1.);
#10588 = DIRECTION('',(-1.,0.,0.));
#10589 = ORIENTED_EDGE('',*,*,#10590,.F.);
#10590 = EDGE_CURVE('',#10591,#10583,#10593,.T.);
#10591 = VERTEX_POINT('',#10592);
#10592 = CARTESIAN_POINT('',(99.489555,-44.356256,1.51));
#10593 = CIRCLE('',#10594,1.00000266715);
#10594 = AXIS2_PLACEMENT_3D('',#10595,#10596,#10597);
#10595 = CARTESIAN_POINT('',(98.489552332854,-44.35625866714,1.51));
#10596 = DIRECTION('',(0.,0.,1.));
#10597 = DIRECTION('',(0.999999999996,2.667139155515E-06,-0.));
#10598 = ORIENTED_EDGE('',*,*,#10599,.F.);
#10599 = EDGE_CURVE('',#10600,#10591,#10602,.T.);
#10600 = VERTEX_POINT('',#10601);
#10601 = CARTESIAN_POINT('',(99.489555,-47.356256,1.51));
#10602 = LINE('',#10603,#10604);
#10603 = CARTESIAN_POINT('',(99.489555,-47.356256,1.51));
#10604 = VECTOR('',#10605,1.);
#10605 = DIRECTION('',(0.,1.,0.));
#10606 = ORIENTED_EDGE('',*,*,#10607,.F.);
#10607 = EDGE_CURVE('',#10608,#10600,#10610,.T.);
#10608 = VERTEX_POINT('',#10609);
#10609 = CARTESIAN_POINT('',(98.489555,-48.356256,1.51));
#10610 = CIRCLE('',#10611,1.00000266715);
#10611 = AXIS2_PLACEMENT_3D('',#10612,#10613,#10614);
#10612 = CARTESIAN_POINT('',(98.489552332854,-47.35625333285,1.51));
#10613 = DIRECTION('',(0.,0.,1.));
#10614 = DIRECTION('',(2.667139162621E-06,-0.999999999996,0.));
#10615 = ORIENTED_EDGE('',*,*,#10616,.F.);
#10616 = EDGE_CURVE('',#10617,#10608,#10619,.T.);
#10617 = VERTEX_POINT('',#10618);
#10618 = CARTESIAN_POINT('',(95.489555,-48.356256,1.51));
#10619 = LINE('',#10620,#10621);
#10620 = CARTESIAN_POINT('',(95.489555,-48.356256,1.51));
#10621 = VECTOR('',#10622,1.);
#10622 = DIRECTION('',(1.,0.,0.));
#10623 = ORIENTED_EDGE('',*,*,#10624,.F.);
#10624 = EDGE_CURVE('',#10625,#10617,#10627,.T.);
#10625 = VERTEX_POINT('',#10626);
#10626 = CARTESIAN_POINT('',(94.489555,-47.356256,1.51));
#10627 = CIRCLE('',#10628,0.999999252925);
#10628 = AXIS2_PLACEMENT_3D('',#10629,#10630,#10631);
#10629 = CARTESIAN_POINT('',(95.489554252925,-47.35625674707,1.51));
#10630 = DIRECTION('',(0.,0.,1.));
#10631 = DIRECTION('',(-1.,7.470757349539E-07,0.));
#10632 = ORIENTED_EDGE('',*,*,#10633,.F.);
#10633 = EDGE_CURVE('',#10634,#10625,#10636,.T.);
#10634 = VERTEX_POINT('',#10635);
#10635 = CARTESIAN_POINT('',(94.489555,-46.156256,1.51));
#10636 = LINE('',#10637,#10638);
#10637 = CARTESIAN_POINT('',(94.489555,-46.156256,1.51));
#10638 = VECTOR('',#10639,1.);
#10639 = DIRECTION('',(0.,-1.,0.));
#10640 = ORIENTED_EDGE('',*,*,#10641,.F.);
#10641 = EDGE_CURVE('',#10642,#10634,#10644,.T.);
#10642 = VERTEX_POINT('',#10643);
#10643 = CARTESIAN_POINT('',(94.505673,-45.856256,1.51));
#10644 = CIRCLE('',#10645,2.799701698365);
#10645 = AXIS2_PLACEMENT_3D('',#10646,#10647,#10648);
#10646 = CARTESIAN_POINT('',(97.289256698329,-46.1562416567,1.51));
#10647 = DIRECTION('',(0.,0.,1.));
#10648 = DIRECTION('',(-0.994242958082,0.107149149811,0.));
#10649 = ORIENTED_EDGE('',*,*,#10650,.F.);
#10650 = EDGE_CURVE('',#10651,#10642,#10653,.T.);
#10651 = VERTEX_POINT('',#10652);
#10652 = CARTESIAN_POINT('',(94.489555,-45.856256,1.51));
#10653 = LINE('',#10654,#10655);
#10654 = CARTESIAN_POINT('',(94.489555,-45.856256,1.51));
#10655 = VECTOR('',#10656,1.);
#10656 = DIRECTION('',(1.,0.,0.));
#10657 = ORIENTED_EDGE('',*,*,#10658,.F.);
#10658 = EDGE_CURVE('',#10549,#10651,#10659,.T.);
#10659 = LINE('',#10660,#10661);
#10660 = CARTESIAN_POINT('',(94.489555,-44.356256,1.51));
#10661 = VECTOR('',#10662,1.);
#10662 = DIRECTION('',(0.,-1.,0.));
#10663 = FACE_BOUND('',#10664,.T.);
#10664 = EDGE_LOOP('',(#10665));
#10665 = ORIENTED_EDGE('',*,*,#10666,.F.);
#10666 = EDGE_CURVE('',#10667,#10667,#10669,.T.);
#10667 = VERTEX_POINT('',#10668);
#10668 = CARTESIAN_POINT('',(96.45,-40.1,1.51));
#10669 = CIRCLE('',#10670,1.5);
#10670 = AXIS2_PLACEMENT_3D('',#10671,#10672,#10673);
#10671 = CARTESIAN_POINT('',(94.95,-40.1,1.51));
#10672 = DIRECTION('',(0.,0.,1.));
#10673 = DIRECTION('',(1.,0.,-0.));
#10674 = FACE_BOUND('',#10675,.T.);
#10675 = EDGE_LOOP('',(#10676,#10687,#10695,#10704,#10712,#10721,#10729,
    #10737,#10746,#10754,#10762,#10771,#10779,#10788));
#10676 = ORIENTED_EDGE('',*,*,#10677,.F.);
#10677 = EDGE_CURVE('',#10678,#10680,#10682,.T.);
#10678 = VERTEX_POINT('',#10679);
#10679 = CARTESIAN_POINT('',(160.989555,-81.656256,1.51));
#10680 = VERTEX_POINT('',#10681);
#10681 = CARTESIAN_POINT('',(159.989555,-82.656256,1.51));
#10682 = CIRCLE('',#10683,0.999999252925);
#10683 = AXIS2_PLACEMENT_3D('',#10684,#10685,#10686);
#10684 = CARTESIAN_POINT('',(160.98955425292,-82.65625525292,1.51));
#10685 = DIRECTION('',(0.,0.,1.));
#10686 = DIRECTION('',(7.470757349539E-07,1.,-0.));
#10687 = ORIENTED_EDGE('',*,*,#10688,.F.);
#10688 = EDGE_CURVE('',#10689,#10678,#10691,.T.);
#10689 = VERTEX_POINT('',#10690);
#10690 = CARTESIAN_POINT('',(163.989555,-81.656256,1.51));
#10691 = LINE('',#10692,#10693);
#10692 = CARTESIAN_POINT('',(163.989555,-81.656256,1.51));
#10693 = VECTOR('',#10694,1.);
#10694 = DIRECTION('',(-1.,0.,0.));
#10695 = ORIENTED_EDGE('',*,*,#10696,.F.);
#10696 = EDGE_CURVE('',#10697,#10689,#10699,.T.);
#10697 = VERTEX_POINT('',#10698);
#10698 = CARTESIAN_POINT('',(164.989555,-82.656256,1.51));
#10699 = CIRCLE('',#10700,1.00000266715);
#10700 = AXIS2_PLACEMENT_3D('',#10701,#10702,#10703);
#10701 = CARTESIAN_POINT('',(163.98955233285,-82.65625866714,1.51));
#10702 = DIRECTION('',(0.,0.,1.));
#10703 = DIRECTION('',(0.999999999996,2.667139176832E-06,-0.));
#10704 = ORIENTED_EDGE('',*,*,#10705,.F.);
#10705 = EDGE_CURVE('',#10706,#10697,#10708,.T.);
#10706 = VERTEX_POINT('',#10707);
#10707 = CARTESIAN_POINT('',(164.989555,-83.856256,1.51));
#10708 = LINE('',#10709,#10710);
#10709 = CARTESIAN_POINT('',(164.989555,-83.856256,1.51));
#10710 = VECTOR('',#10711,1.);
#10711 = DIRECTION('',(0.,1.,0.));
#10712 = ORIENTED_EDGE('',*,*,#10713,.F.);
#10713 = EDGE_CURVE('',#10714,#10706,#10716,.T.);
#10714 = VERTEX_POINT('',#10715);
#10715 = CARTESIAN_POINT('',(164.973437,-84.156256,1.51));
#10716 = CIRCLE('',#10717,2.800394106218);
#10717 = AXIS2_PLACEMENT_3D('',#10718,#10719,#10720);
#10718 = CARTESIAN_POINT('',(162.18916089387,-83.85623314253,1.51));
#10719 = DIRECTION('',(0.,0.,1.));
#10720 = DIRECTION('',(0.994244381511,-0.107135940903,0.));
#10721 = ORIENTED_EDGE('',*,*,#10722,.F.);
#10722 = EDGE_CURVE('',#10723,#10714,#10725,.T.);
#10723 = VERTEX_POINT('',#10724);
#10724 = CARTESIAN_POINT('',(164.989555,-84.156256,1.51));
#10725 = LINE('',#10726,#10727);
#10726 = CARTESIAN_POINT('',(164.989555,-84.156256,1.51));
#10727 = VECTOR('',#10728,1.);
#10728 = DIRECTION('',(-1.,0.,0.));
#10729 = ORIENTED_EDGE('',*,*,#10730,.F.);
#10730 = EDGE_CURVE('',#10731,#10723,#10733,.T.);
#10731 = VERTEX_POINT('',#10732);
#10732 = CARTESIAN_POINT('',(164.989555,-85.656256,1.51));
#10733 = LINE('',#10734,#10735);
#10734 = CARTESIAN_POINT('',(164.989555,-85.656256,1.51));
#10735 = VECTOR('',#10736,1.);
#10736 = DIRECTION('',(0.,1.,0.));
#10737 = ORIENTED_EDGE('',*,*,#10738,.F.);
#10738 = EDGE_CURVE('',#10739,#10731,#10741,.T.);
#10739 = VERTEX_POINT('',#10740);
#10740 = CARTESIAN_POINT('',(163.989555,-86.656256,1.51));
#10741 = CIRCLE('',#10742,1.00000266715);
#10742 = AXIS2_PLACEMENT_3D('',#10743,#10744,#10745);
#10743 = CARTESIAN_POINT('',(163.98955233285,-85.65625333285,1.51));
#10744 = DIRECTION('',(0.,0.,1.));
#10745 = DIRECTION('',(2.667139162621E-06,-0.999999999996,0.));
#10746 = ORIENTED_EDGE('',*,*,#10747,.F.);
#10747 = EDGE_CURVE('',#10748,#10739,#10750,.T.);
#10748 = VERTEX_POINT('',#10749);
#10749 = CARTESIAN_POINT('',(162.489555,-86.656256,1.51));
#10750 = LINE('',#10751,#10752);
#10751 = CARTESIAN_POINT('',(162.489555,-86.656256,1.51));
#10752 = VECTOR('',#10753,1.);
#10753 = DIRECTION('',(1.,0.,0.));
#10754 = ORIENTED_EDGE('',*,*,#10755,.F.);
#10755 = EDGE_CURVE('',#10756,#10748,#10758,.T.);
#10756 = VERTEX_POINT('',#10757);
#10757 = CARTESIAN_POINT('',(162.489555,-86.640138,1.51));
#10758 = LINE('',#10759,#10760);
#10759 = CARTESIAN_POINT('',(162.489555,-86.640138,1.51));
#10760 = VECTOR('',#10761,1.);
#10761 = DIRECTION('',(0.,-1.,0.));
#10762 = ORIENTED_EDGE('',*,*,#10763,.F.);
#10763 = EDGE_CURVE('',#10764,#10756,#10766,.T.);
#10764 = VERTEX_POINT('',#10765);
#10765 = CARTESIAN_POINT('',(162.189555,-86.656256,1.51));
#10766 = CIRCLE('',#10767,2.799701698356);
#10767 = AXIS2_PLACEMENT_3D('',#10768,#10769,#10770);
#10768 = CARTESIAN_POINT('',(162.18956934329,-83.85655430168,1.51));
#10769 = DIRECTION('',(0.,0.,1.));
#10770 = DIRECTION('',(-5.123151125626E-06,-0.999999999987,0.));
#10771 = ORIENTED_EDGE('',*,*,#10772,.F.);
#10772 = EDGE_CURVE('',#10773,#10764,#10775,.T.);
#10773 = VERTEX_POINT('',#10774);
#10774 = CARTESIAN_POINT('',(160.989555,-86.656256,1.51));
#10775 = LINE('',#10776,#10777);
#10776 = CARTESIAN_POINT('',(160.989555,-86.656256,1.51));
#10777 = VECTOR('',#10778,1.);
#10778 = DIRECTION('',(1.,0.,0.));
#10779 = ORIENTED_EDGE('',*,*,#10780,.F.);
#10780 = EDGE_CURVE('',#10781,#10773,#10783,.T.);
#10781 = VERTEX_POINT('',#10782);
#10782 = CARTESIAN_POINT('',(159.989555,-85.656256,1.51));
#10783 = CIRCLE('',#10784,0.999999252925);
#10784 = AXIS2_PLACEMENT_3D('',#10785,#10786,#10787);
#10785 = CARTESIAN_POINT('',(160.98955425292,-85.65625674707,1.51));
#10786 = DIRECTION('',(0.,0.,1.));
#10787 = DIRECTION('',(-1.,7.470757633756E-07,0.));
#10788 = ORIENTED_EDGE('',*,*,#10789,.F.);
#10789 = EDGE_CURVE('',#10680,#10781,#10790,.T.);
#10790 = LINE('',#10791,#10792);
#10791 = CARTESIAN_POINT('',(159.989555,-82.656256,1.51));
#10792 = VECTOR('',#10793,1.);
#10793 = DIRECTION('',(0.,-1.,0.));
#10794 = FACE_BOUND('',#10795,.T.);
#10795 = EDGE_LOOP('',(#10796));
#10796 = ORIENTED_EDGE('',*,*,#10797,.T.);
#10797 = EDGE_CURVE('',#10798,#10798,#10800,.T.);
#10798 = VERTEX_POINT('',#10799);
#10799 = CARTESIAN_POINT('',(166.504935,-87.136455,1.51));
#10800 = CIRCLE('',#10801,0.4);
#10801 = AXIS2_PLACEMENT_3D('',#10802,#10803,#10804);
#10802 = CARTESIAN_POINT('',(166.504935,-86.736455,1.51));
#10803 = DIRECTION('',(-0.,0.,-1.));
#10804 = DIRECTION('',(-0.,-1.,0.));
#10805 = FACE_BOUND('',#10806,.T.);
#10806 = EDGE_LOOP('',(#10807));
#10807 = ORIENTED_EDGE('',*,*,#10808,.T.);
#10808 = EDGE_CURVE('',#10809,#10809,#10811,.T.);
#10809 = VERTEX_POINT('',#10810);
#10810 = CARTESIAN_POINT('',(169.004935,-87.136455,1.51));
#10811 = CIRCLE('',#10812,0.4);
#10812 = AXIS2_PLACEMENT_3D('',#10813,#10814,#10815);
#10813 = CARTESIAN_POINT('',(169.004935,-86.736455,1.51));
#10814 = DIRECTION('',(-0.,0.,-1.));
#10815 = DIRECTION('',(-0.,-1.,0.));
#10816 = FACE_BOUND('',#10817,.T.);
#10817 = EDGE_LOOP('',(#10818,#10829,#10837,#10846,#10854,#10862,#10871,
    #10879,#10887,#10896,#10904,#10913,#10921,#10930));
#10818 = ORIENTED_EDGE('',*,*,#10819,.F.);
#10819 = EDGE_CURVE('',#10820,#10822,#10824,.T.);
#10820 = VERTEX_POINT('',#10821);
#10821 = CARTESIAN_POINT('',(160.989555,-43.356256,1.51));
#10822 = VERTEX_POINT('',#10823);
#10823 = CARTESIAN_POINT('',(159.989555,-44.356256,1.51));
#10824 = CIRCLE('',#10825,0.999999252925);
#10825 = AXIS2_PLACEMENT_3D('',#10826,#10827,#10828);
#10826 = CARTESIAN_POINT('',(160.98955425292,-44.35625525292,1.51));
#10827 = DIRECTION('',(0.,0.,1.));
#10828 = DIRECTION('',(7.470757633756E-07,1.,-0.));
#10829 = ORIENTED_EDGE('',*,*,#10830,.F.);
#10830 = EDGE_CURVE('',#10831,#10820,#10833,.T.);
#10831 = VERTEX_POINT('',#10832);
#10832 = CARTESIAN_POINT('',(162.189555,-43.356256,1.51));
#10833 = LINE('',#10834,#10835);
#10834 = CARTESIAN_POINT('',(162.189555,-43.356256,1.51));
#10835 = VECTOR('',#10836,1.);
#10836 = DIRECTION('',(-1.,0.,0.));
#10837 = ORIENTED_EDGE('',*,*,#10838,.F.);
#10838 = EDGE_CURVE('',#10839,#10831,#10841,.T.);
#10839 = VERTEX_POINT('',#10840);
#10840 = CARTESIAN_POINT('',(162.489555,-43.372374,1.51));
#10841 = CIRCLE('',#10842,2.799701698358);
#10842 = AXIS2_PLACEMENT_3D('',#10843,#10844,#10845);
#10843 = CARTESIAN_POINT('',(162.18956934329,-46.15595769832,1.51));
#10844 = DIRECTION('',(0.,0.,1.));
#10845 = DIRECTION('',(0.107149149812,0.994242958082,-0.));
#10846 = ORIENTED_EDGE('',*,*,#10847,.F.);
#10847 = EDGE_CURVE('',#10848,#10839,#10850,.T.);
#10848 = VERTEX_POINT('',#10849);
#10849 = CARTESIAN_POINT('',(162.489555,-43.356256,1.51));
#10850 = LINE('',#10851,#10852);
#10851 = CARTESIAN_POINT('',(162.489555,-43.356256,1.51));
#10852 = VECTOR('',#10853,1.);
#10853 = DIRECTION('',(0.,-1.,0.));
#10854 = ORIENTED_EDGE('',*,*,#10855,.F.);
#10855 = EDGE_CURVE('',#10856,#10848,#10858,.T.);
#10856 = VERTEX_POINT('',#10857);
#10857 = CARTESIAN_POINT('',(163.989555,-43.356256,1.51));
#10858 = LINE('',#10859,#10860);
#10859 = CARTESIAN_POINT('',(163.989555,-43.356256,1.51));
#10860 = VECTOR('',#10861,1.);
#10861 = DIRECTION('',(-1.,0.,0.));
#10862 = ORIENTED_EDGE('',*,*,#10863,.F.);
#10863 = EDGE_CURVE('',#10864,#10856,#10866,.T.);
#10864 = VERTEX_POINT('',#10865);
#10865 = CARTESIAN_POINT('',(164.989555,-44.356256,1.51));
#10866 = CIRCLE('',#10867,1.00000266715);
#10867 = AXIS2_PLACEMENT_3D('',#10868,#10869,#10870);
#10868 = CARTESIAN_POINT('',(163.98955233285,-44.35625866714,1.51));
#10869 = DIRECTION('',(0.,0.,1.));
#10870 = DIRECTION('',(0.999999999996,2.667139155515E-06,-0.));
#10871 = ORIENTED_EDGE('',*,*,#10872,.F.);
#10872 = EDGE_CURVE('',#10873,#10864,#10875,.T.);
#10873 = VERTEX_POINT('',#10874);
#10874 = CARTESIAN_POINT('',(164.989555,-45.856256,1.51));
#10875 = LINE('',#10876,#10877);
#10876 = CARTESIAN_POINT('',(164.989555,-45.856256,1.51));
#10877 = VECTOR('',#10878,1.);
#10878 = DIRECTION('',(0.,1.,0.));
#10879 = ORIENTED_EDGE('',*,*,#10880,.F.);
#10880 = EDGE_CURVE('',#10881,#10873,#10883,.T.);
#10881 = VERTEX_POINT('',#10882);
#10882 = CARTESIAN_POINT('',(164.973437,-45.856256,1.51));
#10883 = LINE('',#10884,#10885);
#10884 = CARTESIAN_POINT('',(164.973437,-45.856256,1.51));
#10885 = VECTOR('',#10886,1.);
#10886 = DIRECTION('',(1.,0.,0.));
#10887 = ORIENTED_EDGE('',*,*,#10888,.F.);
#10888 = EDGE_CURVE('',#10889,#10881,#10891,.T.);
#10889 = VERTEX_POINT('',#10890);
#10890 = CARTESIAN_POINT('',(164.989555,-46.156256,1.51));
#10891 = CIRCLE('',#10892,2.800394106218);
#10892 = AXIS2_PLACEMENT_3D('',#10893,#10894,#10895);
#10893 = CARTESIAN_POINT('',(162.18916089387,-46.15627885746,1.51));
#10894 = DIRECTION('',(0.,0.,1.));
#10895 = DIRECTION('',(0.999999999967,8.162232737374E-06,-0.));
#10896 = ORIENTED_EDGE('',*,*,#10897,.F.);
#10897 = EDGE_CURVE('',#10898,#10889,#10900,.T.);
#10898 = VERTEX_POINT('',#10899);
#10899 = CARTESIAN_POINT('',(164.989555,-47.356256,1.51));
#10900 = LINE('',#10901,#10902);
#10901 = CARTESIAN_POINT('',(164.989555,-47.356256,1.51));
#10902 = VECTOR('',#10903,1.);
#10903 = DIRECTION('',(0.,1.,0.));
#10904 = ORIENTED_EDGE('',*,*,#10905,.F.);
#10905 = EDGE_CURVE('',#10906,#10898,#10908,.T.);
#10906 = VERTEX_POINT('',#10907);
#10907 = CARTESIAN_POINT('',(163.989555,-48.356256,1.51));
#10908 = CIRCLE('',#10909,1.00000266715);
#10909 = AXIS2_PLACEMENT_3D('',#10910,#10911,#10912);
#10910 = CARTESIAN_POINT('',(163.98955233285,-47.35625333285,1.51));
#10911 = DIRECTION('',(0.,0.,1.));
#10912 = DIRECTION('',(2.667139162621E-06,-0.999999999996,0.));
#10913 = ORIENTED_EDGE('',*,*,#10914,.F.);
#10914 = EDGE_CURVE('',#10915,#10906,#10917,.T.);
#10915 = VERTEX_POINT('',#10916);
#10916 = CARTESIAN_POINT('',(160.989555,-48.356256,1.51));
#10917 = LINE('',#10918,#10919);
#10918 = CARTESIAN_POINT('',(160.989555,-48.356256,1.51));
#10919 = VECTOR('',#10920,1.);
#10920 = DIRECTION('',(1.,0.,0.));
#10921 = ORIENTED_EDGE('',*,*,#10922,.F.);
#10922 = EDGE_CURVE('',#10923,#10915,#10925,.T.);
#10923 = VERTEX_POINT('',#10924);
#10924 = CARTESIAN_POINT('',(159.989555,-47.356256,1.51));
#10925 = CIRCLE('',#10926,0.999999252925);
#10926 = AXIS2_PLACEMENT_3D('',#10927,#10928,#10929);
#10927 = CARTESIAN_POINT('',(160.98955425292,-47.35625674707,1.51));
#10928 = DIRECTION('',(0.,0.,1.));
#10929 = DIRECTION('',(-1.,7.470757562702E-07,0.));
#10930 = ORIENTED_EDGE('',*,*,#10931,.F.);
#10931 = EDGE_CURVE('',#10822,#10923,#10932,.T.);
#10932 = LINE('',#10933,#10934);
#10933 = CARTESIAN_POINT('',(159.989555,-44.356256,1.51));
#10934 = VECTOR('',#10935,1.);
#10935 = DIRECTION('',(0.,-1.,0.));
#10936 = FACE_BOUND('',#10937,.T.);
#10937 = EDGE_LOOP('',(#10938));
#10938 = ORIENTED_EDGE('',*,*,#10939,.F.);
#10939 = EDGE_CURVE('',#10940,#10940,#10942,.T.);
#10940 = VERTEX_POINT('',#10941);
#10941 = CARTESIAN_POINT('',(167.504935,-40.1,1.51));
#10942 = CIRCLE('',#10943,1.5);
#10943 = AXIS2_PLACEMENT_3D('',#10944,#10945,#10946);
#10944 = CARTESIAN_POINT('',(166.004935,-40.1,1.51));
#10945 = DIRECTION('',(0.,0.,1.));
#10946 = DIRECTION('',(1.,0.,-0.));
#10947 = PLANE('',#10948);
#10948 = AXIS2_PLACEMENT_3D('',#10949,#10950,#10951);
#10949 = CARTESIAN_POINT('',(0.,0.,1.51));
#10950 = DIRECTION('',(0.,0.,1.));
#10951 = DIRECTION('',(1.,0.,-0.));
#10952 = ADVANCED_FACE('',(#10953),#10964,.T.);
#10953 = FACE_BOUND('',#10954,.T.);
#10954 = EDGE_LOOP('',(#10955,#10961,#10962,#10963));
#10955 = ORIENTED_EDGE('',*,*,#10956,.T.);
#10956 = EDGE_CURVE('',#9281,#10120,#10957,.T.);
#10957 = LINE('',#10958,#10959);
#10958 = CARTESIAN_POINT('',(90.45,-40.1,0.));
#10959 = VECTOR('',#10960,1.);
#10960 = DIRECTION('',(0.,0.,1.));
#10961 = ORIENTED_EDGE('',*,*,#10119,.T.);
#10962 = ORIENTED_EDGE('',*,*,#9216,.F.);
#10963 = ORIENTED_EDGE('',*,*,#9280,.F.);
#10964 = CYLINDRICAL_SURFACE('',#10965,4.50000175948);
#10965 = AXIS2_PLACEMENT_3D('',#10966,#10967,#10968);
#10966 = CARTESIAN_POINT('',(94.95000175948,-40.10000175948,0.));
#10967 = DIRECTION('',(0.,0.,-1.));
#10968 = DIRECTION('',(-1.,3.909953631854E-07,0.));
#10969 = ADVANCED_FACE('',(#10970),#10981,.T.);
#10970 = FACE_BOUND('',#10971,.T.);
#10971 = EDGE_LOOP('',(#10972,#10973,#10974,#10980));
#10972 = ORIENTED_EDGE('',*,*,#9256,.T.);
#10973 = ORIENTED_EDGE('',*,*,#10219,.T.);
#10974 = ORIENTED_EDGE('',*,*,#10975,.F.);
#10975 = EDGE_CURVE('',#9373,#10212,#10976,.T.);
#10976 = LINE('',#10977,#10978);
#10977 = CARTESIAN_POINT('',(170.504935,-77.236455,0.));
#10978 = VECTOR('',#10979,1.);
#10979 = DIRECTION('',(0.,0.,1.));
#10980 = ORIENTED_EDGE('',*,*,#9380,.F.);
#10981 = PLANE('',#10982);
#10982 = AXIS2_PLACEMENT_3D('',#10983,#10984,#10985);
#10983 = CARTESIAN_POINT('',(170.504935,-60.236455,0.));
#10984 = DIRECTION('',(1.,0.,-0.));
#10985 = DIRECTION('',(0.,-1.,0.));
#10986 = ADVANCED_FACE('',(#10987),#10998,.T.);
#10987 = FACE_BOUND('',#10988,.T.);
#10988 = EDGE_LOOP('',(#10989,#10995,#10996,#10997));
#10989 = ORIENTED_EDGE('',*,*,#10990,.T.);
#10990 = EDGE_CURVE('',#9290,#10129,#10991,.T.);
#10991 = LINE('',#10992,#10993);
#10992 = CARTESIAN_POINT('',(90.45,-138.182663,0.));
#10993 = VECTOR('',#10994,1.);
#10994 = DIRECTION('',(0.,0.,1.));
#10995 = ORIENTED_EDGE('',*,*,#10128,.T.);
#10996 = ORIENTED_EDGE('',*,*,#10956,.F.);
#10997 = ORIENTED_EDGE('',*,*,#9289,.F.);
#10998 = PLANE('',#10999);
#10999 = AXIS2_PLACEMENT_3D('',#11000,#11001,#11002);
#11000 = CARTESIAN_POINT('',(90.45,-138.182663,0.));
#11001 = DIRECTION('',(-1.,0.,0.));
#11002 = DIRECTION('',(0.,1.,0.));
#11003 = ADVANCED_FACE('',(#11004),#11015,.T.);
#11004 = FACE_BOUND('',#11005,.T.);
#11005 = EDGE_LOOP('',(#11006,#11007,#11008,#11014));
#11006 = ORIENTED_EDGE('',*,*,#10975,.T.);
#11007 = ORIENTED_EDGE('',*,*,#10211,.T.);
#11008 = ORIENTED_EDGE('',*,*,#11009,.F.);
#11009 = EDGE_CURVE('',#9365,#10204,#11010,.T.);
#11010 = LINE('',#11011,#11012);
#11011 = CARTESIAN_POINT('',(170.504935,-85.090674,0.));
#11012 = VECTOR('',#11013,1.);
#11013 = DIRECTION('',(0.,0.,1.));
#11014 = ORIENTED_EDGE('',*,*,#9372,.F.);
#11015 = PLANE('',#11016);
#11016 = AXIS2_PLACEMENT_3D('',#11017,#11018,#11019);
#11017 = CARTESIAN_POINT('',(170.504935,-77.236455,0.));
#11018 = DIRECTION('',(1.,0.,-0.));
#11019 = DIRECTION('',(0.,-1.,0.));
#11020 = ADVANCED_FACE('',(#11021),#11032,.T.);
#11021 = FACE_BOUND('',#11022,.T.);
#11022 = EDGE_LOOP('',(#11023,#11029,#11030,#11031));
#11023 = ORIENTED_EDGE('',*,*,#11024,.T.);
#11024 = EDGE_CURVE('',#9298,#10137,#11025,.T.);
#11025 = LINE('',#11026,#11027);
#11026 = CARTESIAN_POINT('',(94.95,-142.682663,0.));
#11027 = VECTOR('',#11028,1.);
#11028 = DIRECTION('',(0.,0.,1.));
#11029 = ORIENTED_EDGE('',*,*,#10136,.T.);
#11030 = ORIENTED_EDGE('',*,*,#10990,.F.);
#11031 = ORIENTED_EDGE('',*,*,#9297,.F.);
#11032 = CYLINDRICAL_SURFACE('',#11033,4.499994931061);
#11033 = AXIS2_PLACEMENT_3D('',#11034,#11035,#11036);
#11034 = CARTESIAN_POINT('',(94.949994931058,-138.1826680689,0.));
#11035 = DIRECTION('',(0.,0.,-1.));
#11036 = DIRECTION('',(1.126432780668E-06,-0.999999999999,0.));
#11037 = ADVANCED_FACE('',(#11038),#11049,.T.);
#11038 = FACE_BOUND('',#11039,.T.);
#11039 = EDGE_LOOP('',(#11040,#11041,#11042,#11048));
#11040 = ORIENTED_EDGE('',*,*,#11009,.T.);
#11041 = ORIENTED_EDGE('',*,*,#10203,.T.);
#11042 = ORIENTED_EDGE('',*,*,#11043,.F.);
#11043 = EDGE_CURVE('',#9357,#10196,#11044,.T.);
#11044 = LINE('',#11045,#11046);
#11045 = CARTESIAN_POINT('',(170.504935,-93.382236,0.));
#11046 = VECTOR('',#11047,1.);
#11047 = DIRECTION('',(0.,0.,1.));
#11048 = ORIENTED_EDGE('',*,*,#9364,.F.);
#11049 = PLANE('',#11050);
#11050 = AXIS2_PLACEMENT_3D('',#11051,#11052,#11053);
#11051 = CARTESIAN_POINT('',(170.504935,-85.090674,0.));
#11052 = DIRECTION('',(1.,0.,-0.));
#11053 = DIRECTION('',(0.,-1.,0.));
#11054 = ADVANCED_FACE('',(#11055),#11066,.T.);
#11055 = FACE_BOUND('',#11056,.T.);
#11056 = EDGE_LOOP('',(#11057,#11063,#11064,#11065));
#11057 = ORIENTED_EDGE('',*,*,#11058,.T.);
#11058 = EDGE_CURVE('',#9307,#10146,#11059,.T.);
#11059 = LINE('',#11060,#11061);
#11060 = CARTESIAN_POINT('',(154.983954,-142.682663,0.));
#11061 = VECTOR('',#11062,1.);
#11062 = DIRECTION('',(0.,0.,1.));
#11063 = ORIENTED_EDGE('',*,*,#10145,.T.);
#11064 = ORIENTED_EDGE('',*,*,#11024,.F.);
#11065 = ORIENTED_EDGE('',*,*,#9306,.F.);
#11066 = PLANE('',#11067);
#11067 = AXIS2_PLACEMENT_3D('',#11068,#11069,#11070);
#11068 = CARTESIAN_POINT('',(154.983954,-142.682663,0.));
#11069 = DIRECTION('',(0.,-1.,0.));
#11070 = DIRECTION('',(-1.,0.,0.));
#11071 = ADVANCED_FACE('',(#11072),#11083,.T.);
#11072 = FACE_BOUND('',#11073,.T.);
#11073 = EDGE_LOOP('',(#11074,#11075,#11076,#11082));
#11074 = ORIENTED_EDGE('',*,*,#11043,.T.);
#11075 = ORIENTED_EDGE('',*,*,#10195,.T.);
#11076 = ORIENTED_EDGE('',*,*,#11077,.F.);
#11077 = EDGE_CURVE('',#9349,#10188,#11078,.T.);
#11078 = LINE('',#11079,#11080);
#11079 = CARTESIAN_POINT('',(170.504935,-101.236455,0.));
#11080 = VECTOR('',#11081,1.);
#11081 = DIRECTION('',(0.,0.,1.));
#11082 = ORIENTED_EDGE('',*,*,#9356,.F.);
#11083 = PLANE('',#11084);
#11084 = AXIS2_PLACEMENT_3D('',#11085,#11086,#11087);
#11085 = CARTESIAN_POINT('',(170.504935,-93.382236,0.));
#11086 = DIRECTION('',(1.,0.,-0.));
#11087 = DIRECTION('',(0.,-1.,0.));
#11088 = ADVANCED_FACE('',(#11089),#11100,.T.);
#11089 = FACE_BOUND('',#11090,.T.);
#11090 = EDGE_LOOP('',(#11091,#11097,#11098,#11099));
#11091 = ORIENTED_EDGE('',*,*,#11092,.T.);
#11092 = EDGE_CURVE('',#9315,#10154,#11093,.T.);
#11093 = LINE('',#11094,#11095);
#11094 = CARTESIAN_POINT('',(158.429573,-141.07709,0.));
#11095 = VECTOR('',#11096,1.);
#11096 = DIRECTION('',(0.,0.,1.));
#11097 = ORIENTED_EDGE('',*,*,#10153,.T.);
#11098 = ORIENTED_EDGE('',*,*,#11058,.F.);
#11099 = ORIENTED_EDGE('',*,*,#9314,.F.);
#11100 = CYLINDRICAL_SURFACE('',#11101,4.499984789109);
#11101 = AXIS2_PLACEMENT_3D('',#11102,#11103,#11104);
#11102 = CARTESIAN_POINT('',(154.98396079063,-138.1826782108,0.));
#11103 = DIRECTION('',(0.,0.,-1.));
#11104 = DIRECTION('',(0.765694190279,-0.64320479396,0.));
#11105 = ADVANCED_FACE('',(#11106),#11117,.T.);
#11106 = FACE_BOUND('',#11107,.T.);
#11107 = EDGE_LOOP('',(#11108,#11109,#11110,#11116));
#11108 = ORIENTED_EDGE('',*,*,#11077,.T.);
#11109 = ORIENTED_EDGE('',*,*,#10187,.T.);
#11110 = ORIENTED_EDGE('',*,*,#11111,.F.);
#11111 = EDGE_CURVE('',#9341,#10180,#11112,.T.);
#11112 = LINE('',#11113,#11114);
#11113 = CARTESIAN_POINT('',(170.504935,-118.236455,0.));
#11114 = VECTOR('',#11115,1.);
#11115 = DIRECTION('',(0.,0.,1.));
#11116 = ORIENTED_EDGE('',*,*,#9348,.F.);
#11117 = PLANE('',#11118);
#11118 = AXIS2_PLACEMENT_3D('',#11119,#11120,#11121);
#11119 = CARTESIAN_POINT('',(170.504935,-101.236455,0.));
#11120 = DIRECTION('',(1.,0.,-0.));
#11121 = DIRECTION('',(0.,-1.,0.));
#11122 = ADVANCED_FACE('',(#11123),#11134,.T.);
#11123 = FACE_BOUND('',#11124,.T.);
#11124 = EDGE_LOOP('',(#11125,#11131,#11132,#11133));
#11125 = ORIENTED_EDGE('',*,*,#11126,.T.);
#11126 = EDGE_CURVE('',#9324,#10163,#11127,.T.);
#11127 = LINE('',#11128,#11129);
#11128 = CARTESIAN_POINT('',(169.450554,-127.957364,0.));
#11129 = VECTOR('',#11130,1.);
#11130 = DIRECTION('',(0.,0.,1.));
#11131 = ORIENTED_EDGE('',*,*,#10162,.T.);
#11132 = ORIENTED_EDGE('',*,*,#11092,.F.);
#11133 = ORIENTED_EDGE('',*,*,#9323,.F.);
#11134 = PLANE('',#11135);
#11135 = AXIS2_PLACEMENT_3D('',#11136,#11137,#11138);
#11136 = CARTESIAN_POINT('',(169.450554,-127.957364,0.));
#11137 = DIRECTION('',(0.76569304669,-0.643206155327,0.));
#11138 = DIRECTION('',(-0.643206155327,-0.76569304669,0.));
#11139 = ADVANCED_FACE('',(#11140),#11151,.T.);
#11140 = FACE_BOUND('',#11141,.T.);
#11141 = EDGE_LOOP('',(#11142,#11143,#11144,#11150));
#11142 = ORIENTED_EDGE('',*,*,#11111,.T.);
#11143 = ORIENTED_EDGE('',*,*,#10179,.T.);
#11144 = ORIENTED_EDGE('',*,*,#11145,.F.);
#11145 = EDGE_CURVE('',#9332,#10171,#11146,.T.);
#11146 = LINE('',#11147,#11148);
#11147 = CARTESIAN_POINT('',(170.504935,-125.062936,0.));
#11148 = VECTOR('',#11149,1.);
#11149 = DIRECTION('',(0.,0.,1.));
#11150 = ORIENTED_EDGE('',*,*,#9340,.F.);
#11151 = PLANE('',#11152);
#11152 = AXIS2_PLACEMENT_3D('',#11153,#11154,#11155);
#11153 = CARTESIAN_POINT('',(170.504935,-118.236455,0.));
#11154 = DIRECTION('',(1.,0.,-0.));
#11155 = DIRECTION('',(0.,-1.,0.));
#11156 = ADVANCED_FACE('',(#11157),#11163,.T.);
#11157 = FACE_BOUND('',#11158,.T.);
#11158 = EDGE_LOOP('',(#11159,#11160,#11161,#11162));
#11159 = ORIENTED_EDGE('',*,*,#11145,.T.);
#11160 = ORIENTED_EDGE('',*,*,#10170,.T.);
#11161 = ORIENTED_EDGE('',*,*,#11126,.F.);
#11162 = ORIENTED_EDGE('',*,*,#9331,.F.);
#11163 = CYLINDRICAL_SURFACE('',#11164,4.499861351648);
#11164 = AXIS2_PLACEMENT_3D('',#11165,#11166,#11167);
#11165 = CARTESIAN_POINT('',(166.00507364864,-125.0629871529,0.));
#11166 = DIRECTION('',(0.,0.,-1.));
#11167 = DIRECTION('',(0.999999999935,1.136768295825E-05,0.));
#11168 = ADVANCED_FACE('',(#11169),#11180,.F.);
#11169 = FACE_BOUND('',#11170,.T.);
#11170 = EDGE_LOOP('',(#11171,#11177,#11178,#11179));
#11171 = ORIENTED_EDGE('',*,*,#11172,.T.);
#11172 = EDGE_CURVE('',#9390,#10229,#11173,.T.);
#11173 = LINE('',#11174,#11175);
#11174 = CARTESIAN_POINT('',(96.45,-138.182663,0.));
#11175 = VECTOR('',#11176,1.);
#11176 = DIRECTION('',(0.,0.,1.));
#11177 = ORIENTED_EDGE('',*,*,#10228,.T.);
#11178 = ORIENTED_EDGE('',*,*,#11172,.F.);
#11179 = ORIENTED_EDGE('',*,*,#9389,.F.);
#11180 = CYLINDRICAL_SURFACE('',#11181,1.5);
#11181 = AXIS2_PLACEMENT_3D('',#11182,#11183,#11184);
#11182 = CARTESIAN_POINT('',(94.95,-138.182663,0.));
#11183 = DIRECTION('',(-0.,-0.,-1.));
#11184 = DIRECTION('',(1.,0.,-0.));
#11185 = ADVANCED_FACE('',(#11186),#11197,.F.);
#11186 = FACE_BOUND('',#11187,.T.);
#11187 = EDGE_LOOP('',(#11188,#11189,#11195,#11196));
#11188 = ORIENTED_EDGE('',*,*,#9400,.T.);
#11189 = ORIENTED_EDGE('',*,*,#11190,.T.);
#11190 = EDGE_CURVE('',#9401,#10240,#11191,.T.);
#11191 = LINE('',#11192,#11193);
#11192 = CARTESIAN_POINT('',(102.,-137.35,-4.6E-02));
#11193 = VECTOR('',#11194,1.);
#11194 = DIRECTION('',(0.,0.,1.));
#11195 = ORIENTED_EDGE('',*,*,#10239,.F.);
#11196 = ORIENTED_EDGE('',*,*,#11190,.F.);
#11197 = CYLINDRICAL_SURFACE('',#11198,0.85);
#11198 = AXIS2_PLACEMENT_3D('',#11199,#11200,#11201);
#11199 = CARTESIAN_POINT('',(102.,-136.5,-4.6E-02));
#11200 = DIRECTION('',(-0.,-0.,-1.));
#11201 = DIRECTION('',(-0.,-1.,0.));
#11202 = ADVANCED_FACE('',(#11203),#11214,.F.);
#11203 = FACE_BOUND('',#11204,.T.);
#11204 = EDGE_LOOP('',(#11205,#11206,#11212,#11213));
#11205 = ORIENTED_EDGE('',*,*,#9411,.T.);
#11206 = ORIENTED_EDGE('',*,*,#11207,.T.);
#11207 = EDGE_CURVE('',#9412,#10251,#11208,.T.);
#11208 = LINE('',#11209,#11210);
#11209 = CARTESIAN_POINT('',(102.,-130.35,-4.6E-02));
#11210 = VECTOR('',#11211,1.);
#11211 = DIRECTION('',(0.,0.,1.));
#11212 = ORIENTED_EDGE('',*,*,#10250,.F.);
#11213 = ORIENTED_EDGE('',*,*,#11207,.F.);
#11214 = CYLINDRICAL_SURFACE('',#11215,0.85);
#11215 = AXIS2_PLACEMENT_3D('',#11216,#11217,#11218);
#11216 = CARTESIAN_POINT('',(102.,-129.5,-4.6E-02));
#11217 = DIRECTION('',(-0.,-0.,-1.));
#11218 = DIRECTION('',(-0.,-1.,0.));
#11219 = ADVANCED_FACE('',(#11220),#11231,.F.);
#11220 = FACE_BOUND('',#11221,.T.);
#11221 = EDGE_LOOP('',(#11222,#11223,#11229,#11230));
#11222 = ORIENTED_EDGE('',*,*,#9422,.T.);
#11223 = ORIENTED_EDGE('',*,*,#11224,.T.);
#11224 = EDGE_CURVE('',#9423,#10262,#11225,.T.);
#11225 = LINE('',#11226,#11227);
#11226 = CARTESIAN_POINT('',(97.7,-100.5,-4.6E-02));
#11227 = VECTOR('',#11228,1.);
#11228 = DIRECTION('',(0.,0.,1.));
#11229 = ORIENTED_EDGE('',*,*,#10261,.F.);
#11230 = ORIENTED_EDGE('',*,*,#11224,.F.);
#11231 = CYLINDRICAL_SURFACE('',#11232,0.5);
#11232 = AXIS2_PLACEMENT_3D('',#11233,#11234,#11235);
#11233 = CARTESIAN_POINT('',(97.7,-100.,-4.6E-02));
#11234 = DIRECTION('',(-0.,-0.,-1.));
#11235 = DIRECTION('',(-0.,-1.,0.));
#11236 = ADVANCED_FACE('',(#11237),#11248,.F.);
#11237 = FACE_BOUND('',#11238,.T.);
#11238 = EDGE_LOOP('',(#11239,#11240,#11246,#11247));
#11239 = ORIENTED_EDGE('',*,*,#9433,.T.);
#11240 = ORIENTED_EDGE('',*,*,#11241,.T.);
#11241 = EDGE_CURVE('',#9434,#10273,#11242,.T.);
#11242 = LINE('',#11243,#11244);
#11243 = CARTESIAN_POINT('',(105.3,-100.5,-4.6E-02));
#11244 = VECTOR('',#11245,1.);
#11245 = DIRECTION('',(0.,0.,1.));
#11246 = ORIENTED_EDGE('',*,*,#10272,.F.);
#11247 = ORIENTED_EDGE('',*,*,#11241,.F.);
#11248 = CYLINDRICAL_SURFACE('',#11249,0.5);
#11249 = AXIS2_PLACEMENT_3D('',#11250,#11251,#11252);
#11250 = CARTESIAN_POINT('',(105.3,-100.,-4.6E-02));
#11251 = DIRECTION('',(-0.,-0.,-1.));
#11252 = DIRECTION('',(-0.,-1.,0.));
#11253 = ADVANCED_FACE('',(#11254),#11265,.F.);
#11254 = FACE_BOUND('',#11255,.T.);
#11255 = EDGE_LOOP('',(#11256,#11257,#11263,#11264));
#11256 = ORIENTED_EDGE('',*,*,#9444,.T.);
#11257 = ORIENTED_EDGE('',*,*,#11258,.T.);
#11258 = EDGE_CURVE('',#9445,#10284,#11259,.T.);
#11259 = LINE('',#11260,#11261);
#11260 = CARTESIAN_POINT('',(144.55,-129.575,-4.6E-02));
#11261 = VECTOR('',#11262,1.);
#11262 = DIRECTION('',(0.,0.,1.));
#11263 = ORIENTED_EDGE('',*,*,#10283,.F.);
#11264 = ORIENTED_EDGE('',*,*,#11258,.F.);
#11265 = CYLINDRICAL_SURFACE('',#11266,0.375);
#11266 = AXIS2_PLACEMENT_3D('',#11267,#11268,#11269);
#11267 = CARTESIAN_POINT('',(144.55,-129.2,-4.6E-02));
#11268 = DIRECTION('',(-0.,-0.,-1.));
#11269 = DIRECTION('',(-0.,-1.,0.));
#11270 = ADVANCED_FACE('',(#11271),#11282,.F.);
#11271 = FACE_BOUND('',#11272,.T.);
#11272 = EDGE_LOOP('',(#11273,#11274,#11280,#11281));
#11273 = ORIENTED_EDGE('',*,*,#9455,.T.);
#11274 = ORIENTED_EDGE('',*,*,#11275,.T.);
#11275 = EDGE_CURVE('',#9456,#10295,#11276,.T.);
#11276 = LINE('',#11277,#11278);
#11277 = CARTESIAN_POINT('',(146.55,-129.575,-4.6E-02));
#11278 = VECTOR('',#11279,1.);
#11279 = DIRECTION('',(0.,0.,1.));
#11280 = ORIENTED_EDGE('',*,*,#10294,.F.);
#11281 = ORIENTED_EDGE('',*,*,#11275,.F.);
#11282 = CYLINDRICAL_SURFACE('',#11283,0.375);
#11283 = AXIS2_PLACEMENT_3D('',#11284,#11285,#11286);
#11284 = CARTESIAN_POINT('',(146.55,-129.2,-4.6E-02));
#11285 = DIRECTION('',(-0.,-0.,-1.));
#11286 = DIRECTION('',(-0.,-1.,0.));
#11287 = ADVANCED_FACE('',(#11288),#11299,.F.);
#11288 = FACE_BOUND('',#11289,.T.);
#11289 = EDGE_LOOP('',(#11290,#11291,#11297,#11298));
#11290 = ORIENTED_EDGE('',*,*,#9466,.T.);
#11291 = ORIENTED_EDGE('',*,*,#11292,.T.);
#11292 = EDGE_CURVE('',#9467,#10306,#11293,.T.);
#11293 = LINE('',#11294,#11295);
#11294 = CARTESIAN_POINT('',(166.504935,-92.136455,-4.6E-02));
#11295 = VECTOR('',#11296,1.);
#11296 = DIRECTION('',(0.,0.,1.));
#11297 = ORIENTED_EDGE('',*,*,#10305,.F.);
#11298 = ORIENTED_EDGE('',*,*,#11292,.F.);
#11299 = CYLINDRICAL_SURFACE('',#11300,0.4);
#11300 = AXIS2_PLACEMENT_3D('',#11301,#11302,#11303);
#11301 = CARTESIAN_POINT('',(166.504935,-91.736455,-4.6E-02));
#11302 = DIRECTION('',(-0.,-0.,-1.));
#11303 = DIRECTION('',(-0.,-1.,0.));
#11304 = ADVANCED_FACE('',(#11305),#11316,.F.);
#11305 = FACE_BOUND('',#11306,.T.);
#11306 = EDGE_LOOP('',(#11307,#11308,#11314,#11315));
#11307 = ORIENTED_EDGE('',*,*,#9477,.T.);
#11308 = ORIENTED_EDGE('',*,*,#11309,.T.);
#11309 = EDGE_CURVE('',#9478,#10317,#11310,.T.);
#11310 = LINE('',#11311,#11312);
#11311 = CARTESIAN_POINT('',(169.004935,-92.136455,-4.6E-02));
#11312 = VECTOR('',#11313,1.);
#11313 = DIRECTION('',(0.,0.,1.));
#11314 = ORIENTED_EDGE('',*,*,#10316,.F.);
#11315 = ORIENTED_EDGE('',*,*,#11309,.F.);
#11316 = CYLINDRICAL_SURFACE('',#11317,0.4);
#11317 = AXIS2_PLACEMENT_3D('',#11318,#11319,#11320);
#11318 = CARTESIAN_POINT('',(169.004935,-91.736455,-4.6E-02));
#11319 = DIRECTION('',(-0.,-0.,-1.));
#11320 = DIRECTION('',(-0.,-1.,0.));
#11321 = ADVANCED_FACE('',(#11322),#11333,.F.);
#11322 = FACE_BOUND('',#11323,.T.);
#11323 = EDGE_LOOP('',(#11324,#11325,#11331,#11332));
#11324 = ORIENTED_EDGE('',*,*,#9488,.T.);
#11325 = ORIENTED_EDGE('',*,*,#11326,.T.);
#11326 = EDGE_CURVE('',#9489,#10328,#11327,.T.);
#11327 = LINE('',#11328,#11329);
#11328 = CARTESIAN_POINT('',(169.004935,-89.636455,-4.6E-02));
#11329 = VECTOR('',#11330,1.);
#11330 = DIRECTION('',(0.,0.,1.));
#11331 = ORIENTED_EDGE('',*,*,#10327,.F.);
#11332 = ORIENTED_EDGE('',*,*,#11326,.F.);
#11333 = CYLINDRICAL_SURFACE('',#11334,0.4);
#11334 = AXIS2_PLACEMENT_3D('',#11335,#11336,#11337);
#11335 = CARTESIAN_POINT('',(169.004935,-89.236455,-4.6E-02));
#11336 = DIRECTION('',(-0.,-0.,-1.));
#11337 = DIRECTION('',(-0.,-1.,0.));
#11338 = ADVANCED_FACE('',(#11339),#11355,.F.);
#11339 = FACE_BOUND('',#11340,.T.);
#11340 = EDGE_LOOP('',(#11341,#11347,#11348,#11354));
#11341 = ORIENTED_EDGE('',*,*,#11342,.T.);
#11342 = EDGE_CURVE('',#9500,#10339,#11343,.T.);
#11343 = LINE('',#11344,#11345);
#11344 = CARTESIAN_POINT('',(95.489555,-81.656256,0.));
#11345 = VECTOR('',#11346,1.);
#11346 = DIRECTION('',(0.,0.,1.));
#11347 = ORIENTED_EDGE('',*,*,#10338,.T.);
#11348 = ORIENTED_EDGE('',*,*,#11349,.F.);
#11349 = EDGE_CURVE('',#9502,#10341,#11350,.T.);
#11350 = LINE('',#11351,#11352);
#11351 = CARTESIAN_POINT('',(94.489555,-82.656256,0.));
#11352 = VECTOR('',#11353,1.);
#11353 = DIRECTION('',(0.,0.,1.));
#11354 = ORIENTED_EDGE('',*,*,#9499,.F.);
#11355 = CYLINDRICAL_SURFACE('',#11356,0.999999252925);
#11356 = AXIS2_PLACEMENT_3D('',#11357,#11358,#11359);
#11357 = CARTESIAN_POINT('',(95.489554252925,-82.65625525292,0.));
#11358 = DIRECTION('',(-0.,-0.,-1.));
#11359 = DIRECTION('',(7.47075720743E-07,1.,-0.));
#11360 = ADVANCED_FACE('',(#11361),#11372,.T.);
#11361 = FACE_BOUND('',#11362,.T.);
#11362 = EDGE_LOOP('',(#11363,#11369,#11370,#11371));
#11363 = ORIENTED_EDGE('',*,*,#11364,.T.);
#11364 = EDGE_CURVE('',#9511,#10350,#11365,.T.);
#11365 = LINE('',#11366,#11367);
#11366 = CARTESIAN_POINT('',(98.489555,-81.656256,0.));
#11367 = VECTOR('',#11368,1.);
#11368 = DIRECTION('',(0.,0.,1.));
#11369 = ORIENTED_EDGE('',*,*,#10349,.T.);
#11370 = ORIENTED_EDGE('',*,*,#11342,.F.);
#11371 = ORIENTED_EDGE('',*,*,#9510,.F.);
#11372 = PLANE('',#11373);
#11373 = AXIS2_PLACEMENT_3D('',#11374,#11375,#11376);
#11374 = CARTESIAN_POINT('',(98.489555,-81.656256,0.));
#11375 = DIRECTION('',(0.,-1.,0.));
#11376 = DIRECTION('',(-1.,0.,0.));
#11377 = ADVANCED_FACE('',(#11378),#11389,.T.);
#11378 = FACE_BOUND('',#11379,.T.);
#11379 = EDGE_LOOP('',(#11380,#11381,#11382,#11388));
#11380 = ORIENTED_EDGE('',*,*,#11349,.T.);
#11381 = ORIENTED_EDGE('',*,*,#10450,.T.);
#11382 = ORIENTED_EDGE('',*,*,#11383,.F.);
#11383 = EDGE_CURVE('',#9603,#10442,#11384,.T.);
#11384 = LINE('',#11385,#11386);
#11385 = CARTESIAN_POINT('',(94.489555,-83.856256,0.));
#11386 = VECTOR('',#11387,1.);
#11387 = DIRECTION('',(0.,0.,1.));
#11388 = ORIENTED_EDGE('',*,*,#9611,.F.);
#11389 = PLANE('',#11390);
#11390 = AXIS2_PLACEMENT_3D('',#11391,#11392,#11393);
#11391 = CARTESIAN_POINT('',(94.489555,-82.656256,0.));
#11392 = DIRECTION('',(1.,0.,-0.));
#11393 = DIRECTION('',(0.,-1.,0.));
#11394 = ADVANCED_FACE('',(#11395),#11406,.F.);
#11395 = FACE_BOUND('',#11396,.T.);
#11396 = EDGE_LOOP('',(#11397,#11403,#11404,#11405));
#11397 = ORIENTED_EDGE('',*,*,#11398,.T.);
#11398 = EDGE_CURVE('',#9519,#10358,#11399,.T.);
#11399 = LINE('',#11400,#11401);
#11400 = CARTESIAN_POINT('',(99.489555,-82.656256,0.));
#11401 = VECTOR('',#11402,1.);
#11402 = DIRECTION('',(0.,0.,1.));
#11403 = ORIENTED_EDGE('',*,*,#10357,.T.);
#11404 = ORIENTED_EDGE('',*,*,#11364,.F.);
#11405 = ORIENTED_EDGE('',*,*,#9518,.F.);
#11406 = CYLINDRICAL_SURFACE('',#11407,1.00000266715);
#11407 = AXIS2_PLACEMENT_3D('',#11408,#11409,#11410);
#11408 = CARTESIAN_POINT('',(98.489552332854,-82.65625866714,0.));
#11409 = DIRECTION('',(-0.,-0.,-1.));
#11410 = DIRECTION('',(0.999999999996,2.667139176832E-06,-0.));
#11411 = ADVANCED_FACE('',(#11412),#11423,.F.);
#11412 = FACE_BOUND('',#11413,.T.);
#11413 = EDGE_LOOP('',(#11414,#11415,#11416,#11422));
#11414 = ORIENTED_EDGE('',*,*,#11383,.T.);
#11415 = ORIENTED_EDGE('',*,*,#10441,.T.);
#11416 = ORIENTED_EDGE('',*,*,#11417,.F.);
#11417 = EDGE_CURVE('',#9595,#10434,#11418,.T.);
#11418 = LINE('',#11419,#11420);
#11419 = CARTESIAN_POINT('',(94.505673,-84.156256,0.));
#11420 = VECTOR('',#11421,1.);
#11421 = DIRECTION('',(0.,0.,1.));
#11422 = ORIENTED_EDGE('',*,*,#9602,.F.);
#11423 = CYLINDRICAL_SURFACE('',#11424,2.799701698366);
#11424 = AXIS2_PLACEMENT_3D('',#11425,#11426,#11427);
#11425 = CARTESIAN_POINT('',(97.289256698329,-83.85627034329,0.));
#11426 = DIRECTION('',(-0.,-0.,-1.));
#11427 = DIRECTION('',(-0.999999999987,5.123150942878E-06,0.));
#11428 = ADVANCED_FACE('',(#11429),#11440,.T.);
#11429 = FACE_BOUND('',#11430,.T.);
#11430 = EDGE_LOOP('',(#11431,#11437,#11438,#11439));
#11431 = ORIENTED_EDGE('',*,*,#11432,.T.);
#11432 = EDGE_CURVE('',#9528,#10367,#11433,.T.);
#11433 = LINE('',#11434,#11435);
#11434 = CARTESIAN_POINT('',(99.489555,-85.656256,0.));
#11435 = VECTOR('',#11436,1.);
#11436 = DIRECTION('',(0.,0.,1.));
#11437 = ORIENTED_EDGE('',*,*,#10366,.T.);
#11438 = ORIENTED_EDGE('',*,*,#11398,.F.);
#11439 = ORIENTED_EDGE('',*,*,#9527,.F.);
#11440 = PLANE('',#11441);
#11441 = AXIS2_PLACEMENT_3D('',#11442,#11443,#11444);
#11442 = CARTESIAN_POINT('',(99.489555,-85.656256,0.));
#11443 = DIRECTION('',(-1.,0.,0.));
#11444 = DIRECTION('',(0.,1.,0.));
#11445 = ADVANCED_FACE('',(#11446),#11457,.T.);
#11446 = FACE_BOUND('',#11447,.T.);
#11447 = EDGE_LOOP('',(#11448,#11449,#11450,#11456));
#11448 = ORIENTED_EDGE('',*,*,#11417,.T.);
#11449 = ORIENTED_EDGE('',*,*,#10433,.T.);
#11450 = ORIENTED_EDGE('',*,*,#11451,.F.);
#11451 = EDGE_CURVE('',#9587,#10426,#11452,.T.);
#11452 = LINE('',#11453,#11454);
#11453 = CARTESIAN_POINT('',(94.489555,-84.156256,0.));
#11454 = VECTOR('',#11455,1.);
#11455 = DIRECTION('',(0.,0.,1.));
#11456 = ORIENTED_EDGE('',*,*,#9594,.F.);
#11457 = PLANE('',#11458);
#11458 = AXIS2_PLACEMENT_3D('',#11459,#11460,#11461);
#11459 = CARTESIAN_POINT('',(94.505673,-84.156256,0.));
#11460 = DIRECTION('',(0.,-1.,0.));
#11461 = DIRECTION('',(-1.,0.,0.));
#11462 = ADVANCED_FACE('',(#11463),#11474,.F.);
#11463 = FACE_BOUND('',#11464,.T.);
#11464 = EDGE_LOOP('',(#11465,#11471,#11472,#11473));
#11465 = ORIENTED_EDGE('',*,*,#11466,.T.);
#11466 = EDGE_CURVE('',#9536,#10375,#11467,.T.);
#11467 = LINE('',#11468,#11469);
#11468 = CARTESIAN_POINT('',(98.489555,-86.656256,0.));
#11469 = VECTOR('',#11470,1.);
#11470 = DIRECTION('',(0.,0.,1.));
#11471 = ORIENTED_EDGE('',*,*,#10374,.T.);
#11472 = ORIENTED_EDGE('',*,*,#11432,.F.);
#11473 = ORIENTED_EDGE('',*,*,#9535,.F.);
#11474 = CYLINDRICAL_SURFACE('',#11475,1.00000266715);
#11475 = AXIS2_PLACEMENT_3D('',#11476,#11477,#11478);
#11476 = CARTESIAN_POINT('',(98.489552332854,-85.65625333285,0.));
#11477 = DIRECTION('',(-0.,-0.,-1.));
#11478 = DIRECTION('',(2.667139162621E-06,-0.999999999996,0.));
#11479 = ADVANCED_FACE('',(#11480),#11491,.T.);
#11480 = FACE_BOUND('',#11481,.T.);
#11481 = EDGE_LOOP('',(#11482,#11483,#11484,#11490));
#11482 = ORIENTED_EDGE('',*,*,#11451,.T.);
#11483 = ORIENTED_EDGE('',*,*,#10425,.T.);
#11484 = ORIENTED_EDGE('',*,*,#11485,.F.);
#11485 = EDGE_CURVE('',#9578,#10417,#11486,.T.);
#11486 = LINE('',#11487,#11488);
#11487 = CARTESIAN_POINT('',(94.489555,-85.656256,0.));
#11488 = VECTOR('',#11489,1.);
#11489 = DIRECTION('',(0.,0.,1.));
#11490 = ORIENTED_EDGE('',*,*,#9586,.F.);
#11491 = PLANE('',#11492);
#11492 = AXIS2_PLACEMENT_3D('',#11493,#11494,#11495);
#11493 = CARTESIAN_POINT('',(94.489555,-84.156256,0.));
#11494 = DIRECTION('',(1.,0.,-0.));
#11495 = DIRECTION('',(0.,-1.,0.));
#11496 = ADVANCED_FACE('',(#11497),#11508,.T.);
#11497 = FACE_BOUND('',#11498,.T.);
#11498 = EDGE_LOOP('',(#11499,#11505,#11506,#11507));
#11499 = ORIENTED_EDGE('',*,*,#11500,.T.);
#11500 = EDGE_CURVE('',#9545,#10384,#11501,.T.);
#11501 = LINE('',#11502,#11503);
#11502 = CARTESIAN_POINT('',(97.289555,-86.656256,0.));
#11503 = VECTOR('',#11504,1.);
#11504 = DIRECTION('',(0.,0.,1.));
#11505 = ORIENTED_EDGE('',*,*,#10383,.T.);
#11506 = ORIENTED_EDGE('',*,*,#11466,.F.);
#11507 = ORIENTED_EDGE('',*,*,#9544,.F.);
#11508 = PLANE('',#11509);
#11509 = AXIS2_PLACEMENT_3D('',#11510,#11511,#11512);
#11510 = CARTESIAN_POINT('',(97.289555,-86.656256,0.));
#11511 = DIRECTION('',(0.,1.,0.));
#11512 = DIRECTION('',(1.,0.,0.));
#11513 = ADVANCED_FACE('',(#11514),#11525,.F.);
#11514 = FACE_BOUND('',#11515,.T.);
#11515 = EDGE_LOOP('',(#11516,#11517,#11518,#11524));
#11516 = ORIENTED_EDGE('',*,*,#11485,.T.);
#11517 = ORIENTED_EDGE('',*,*,#10416,.T.);
#11518 = ORIENTED_EDGE('',*,*,#11519,.F.);
#11519 = EDGE_CURVE('',#9570,#10409,#11520,.T.);
#11520 = LINE('',#11521,#11522);
#11521 = CARTESIAN_POINT('',(95.489555,-86.656256,0.));
#11522 = VECTOR('',#11523,1.);
#11523 = DIRECTION('',(0.,0.,1.));
#11524 = ORIENTED_EDGE('',*,*,#9577,.F.);
#11525 = CYLINDRICAL_SURFACE('',#11526,0.999999252925);
#11526 = AXIS2_PLACEMENT_3D('',#11527,#11528,#11529);
#11527 = CARTESIAN_POINT('',(95.489554252925,-85.65625674707,0.));
#11528 = DIRECTION('',(-0.,-0.,-1.));
#11529 = DIRECTION('',(-1.,7.470757491648E-07,0.));
#11530 = ADVANCED_FACE('',(#11531),#11542,.F.);
#11531 = FACE_BOUND('',#11532,.T.);
#11532 = EDGE_LOOP('',(#11533,#11539,#11540,#11541));
#11533 = ORIENTED_EDGE('',*,*,#11534,.T.);
#11534 = EDGE_CURVE('',#9553,#10392,#11535,.T.);
#11535 = LINE('',#11536,#11537);
#11536 = CARTESIAN_POINT('',(96.989555,-86.640138,0.));
#11537 = VECTOR('',#11538,1.);
#11538 = DIRECTION('',(0.,0.,1.));
#11539 = ORIENTED_EDGE('',*,*,#10391,.T.);
#11540 = ORIENTED_EDGE('',*,*,#11500,.F.);
#11541 = ORIENTED_EDGE('',*,*,#9552,.F.);
#11542 = CYLINDRICAL_SURFACE('',#11543,2.799701698357);
#11543 = AXIS2_PLACEMENT_3D('',#11544,#11545,#11546);
#11544 = CARTESIAN_POINT('',(97.289540656705,-83.85655430168,0.));
#11545 = DIRECTION('',(-0.,-0.,-1.));
#11546 = DIRECTION('',(-0.107149149812,-0.994242958081,0.));
#11547 = ADVANCED_FACE('',(#11548),#11559,.T.);
#11548 = FACE_BOUND('',#11549,.T.);
#11549 = EDGE_LOOP('',(#11550,#11551,#11552,#11558));
#11550 = ORIENTED_EDGE('',*,*,#11519,.T.);
#11551 = ORIENTED_EDGE('',*,*,#10408,.T.);
#11552 = ORIENTED_EDGE('',*,*,#11553,.F.);
#11553 = EDGE_CURVE('',#9562,#10401,#11554,.T.);
#11554 = LINE('',#11555,#11556);
#11555 = CARTESIAN_POINT('',(96.989555,-86.656256,0.));
#11556 = VECTOR('',#11557,1.);
#11557 = DIRECTION('',(0.,0.,1.));
#11558 = ORIENTED_EDGE('',*,*,#9569,.F.);
#11559 = PLANE('',#11560);
#11560 = AXIS2_PLACEMENT_3D('',#11561,#11562,#11563);
#11561 = CARTESIAN_POINT('',(95.489555,-86.656256,0.));
#11562 = DIRECTION('',(0.,1.,0.));
#11563 = DIRECTION('',(1.,0.,0.));
#11564 = ADVANCED_FACE('',(#11565),#11571,.T.);
#11565 = FACE_BOUND('',#11566,.T.);
#11566 = EDGE_LOOP('',(#11567,#11568,#11569,#11570));
#11567 = ORIENTED_EDGE('',*,*,#11553,.T.);
#11568 = ORIENTED_EDGE('',*,*,#10400,.T.);
#11569 = ORIENTED_EDGE('',*,*,#11534,.F.);
#11570 = ORIENTED_EDGE('',*,*,#9561,.F.);
#11571 = PLANE('',#11572);
#11572 = AXIS2_PLACEMENT_3D('',#11573,#11574,#11575);
#11573 = CARTESIAN_POINT('',(96.989555,-86.656256,0.));
#11574 = DIRECTION('',(-1.,0.,0.));
#11575 = DIRECTION('',(0.,1.,0.));
#11576 = ADVANCED_FACE('',(#11577),#11588,.F.);
#11577 = FACE_BOUND('',#11578,.T.);
#11578 = EDGE_LOOP('',(#11579,#11580,#11586,#11587));
#11579 = ORIENTED_EDGE('',*,*,#9619,.T.);
#11580 = ORIENTED_EDGE('',*,*,#11581,.T.);
#11581 = EDGE_CURVE('',#9620,#10459,#11582,.T.);
#11582 = LINE('',#11583,#11584);
#11583 = CARTESIAN_POINT('',(96.99,-74.45,-4.6E-02));
#11584 = VECTOR('',#11585,1.);
#11585 = DIRECTION('',(0.,0.,1.));
#11586 = ORIENTED_EDGE('',*,*,#10458,.F.);
#11587 = ORIENTED_EDGE('',*,*,#11581,.F.);
#11588 = CYLINDRICAL_SURFACE('',#11589,0.5);
#11589 = AXIS2_PLACEMENT_3D('',#11590,#11591,#11592);
#11590 = CARTESIAN_POINT('',(96.99,-73.95,-4.6E-02));
#11591 = DIRECTION('',(-0.,-0.,-1.));
#11592 = DIRECTION('',(-0.,-1.,0.));
#11593 = ADVANCED_FACE('',(#11594),#11605,.F.);
#11594 = FACE_BOUND('',#11595,.T.);
#11595 = EDGE_LOOP('',(#11596,#11597,#11603,#11604));
#11596 = ORIENTED_EDGE('',*,*,#9630,.T.);
#11597 = ORIENTED_EDGE('',*,*,#11598,.T.);
#11598 = EDGE_CURVE('',#9631,#10470,#11599,.T.);
#11599 = LINE('',#11600,#11601);
#11600 = CARTESIAN_POINT('',(96.99,-71.91,-4.6E-02));
#11601 = VECTOR('',#11602,1.);
#11602 = DIRECTION('',(0.,0.,1.));
#11603 = ORIENTED_EDGE('',*,*,#10469,.F.);
#11604 = ORIENTED_EDGE('',*,*,#11598,.F.);
#11605 = CYLINDRICAL_SURFACE('',#11606,0.5);
#11606 = AXIS2_PLACEMENT_3D('',#11607,#11608,#11609);
#11607 = CARTESIAN_POINT('',(96.99,-71.41,-4.6E-02));
#11608 = DIRECTION('',(-0.,-0.,-1.));
#11609 = DIRECTION('',(-0.,-1.,0.));
#11610 = ADVANCED_FACE('',(#11611),#11622,.F.);
#11611 = FACE_BOUND('',#11612,.T.);
#11612 = EDGE_LOOP('',(#11613,#11614,#11620,#11621));
#11613 = ORIENTED_EDGE('',*,*,#9641,.T.);
#11614 = ORIENTED_EDGE('',*,*,#11615,.T.);
#11615 = EDGE_CURVE('',#9642,#10481,#11616,.T.);
#11616 = LINE('',#11617,#11618);
#11617 = CARTESIAN_POINT('',(96.99,-69.37,-4.6E-02));
#11618 = VECTOR('',#11619,1.);
#11619 = DIRECTION('',(0.,0.,1.));
#11620 = ORIENTED_EDGE('',*,*,#10480,.F.);
#11621 = ORIENTED_EDGE('',*,*,#11615,.F.);
#11622 = CYLINDRICAL_SURFACE('',#11623,0.5);
#11623 = AXIS2_PLACEMENT_3D('',#11624,#11625,#11626);
#11624 = CARTESIAN_POINT('',(96.99,-68.87,-4.6E-02));
#11625 = DIRECTION('',(-0.,-0.,-1.));
#11626 = DIRECTION('',(-0.,-1.,0.));
#11627 = ADVANCED_FACE('',(#11628),#11639,.F.);
#11628 = FACE_BOUND('',#11629,.T.);
#11629 = EDGE_LOOP('',(#11630,#11631,#11637,#11638));
#11630 = ORIENTED_EDGE('',*,*,#9652,.T.);
#11631 = ORIENTED_EDGE('',*,*,#11632,.T.);
#11632 = EDGE_CURVE('',#9653,#10492,#11633,.T.);
#11633 = LINE('',#11634,#11635);
#11634 = CARTESIAN_POINT('',(96.99,-66.83,-4.6E-02));
#11635 = VECTOR('',#11636,1.);
#11636 = DIRECTION('',(0.,0.,1.));
#11637 = ORIENTED_EDGE('',*,*,#10491,.F.);
#11638 = ORIENTED_EDGE('',*,*,#11632,.F.);
#11639 = CYLINDRICAL_SURFACE('',#11640,0.5);
#11640 = AXIS2_PLACEMENT_3D('',#11641,#11642,#11643);
#11641 = CARTESIAN_POINT('',(96.99,-66.33,-4.6E-02));
#11642 = DIRECTION('',(-0.,-0.,-1.));
#11643 = DIRECTION('',(-0.,-1.,0.));
#11644 = ADVANCED_FACE('',(#11645),#11656,.F.);
#11645 = FACE_BOUND('',#11646,.T.);
#11646 = EDGE_LOOP('',(#11647,#11648,#11654,#11655));
#11647 = ORIENTED_EDGE('',*,*,#9663,.T.);
#11648 = ORIENTED_EDGE('',*,*,#11649,.T.);
#11649 = EDGE_CURVE('',#9664,#10503,#11650,.T.);
#11650 = LINE('',#11651,#11652);
#11651 = CARTESIAN_POINT('',(96.99,-64.29,-4.6E-02));
#11652 = VECTOR('',#11653,1.);
#11653 = DIRECTION('',(0.,0.,1.));
#11654 = ORIENTED_EDGE('',*,*,#10502,.F.);
#11655 = ORIENTED_EDGE('',*,*,#11649,.F.);
#11656 = CYLINDRICAL_SURFACE('',#11657,0.5);
#11657 = AXIS2_PLACEMENT_3D('',#11658,#11659,#11660);
#11658 = CARTESIAN_POINT('',(96.99,-63.79,-4.6E-02));
#11659 = DIRECTION('',(-0.,-0.,-1.));
#11660 = DIRECTION('',(-0.,-1.,0.));
#11661 = ADVANCED_FACE('',(#11662),#11673,.F.);
#11662 = FACE_BOUND('',#11663,.T.);
#11663 = EDGE_LOOP('',(#11664,#11665,#11671,#11672));
#11664 = ORIENTED_EDGE('',*,*,#9674,.T.);
#11665 = ORIENTED_EDGE('',*,*,#11666,.T.);
#11666 = EDGE_CURVE('',#9675,#10514,#11667,.T.);
#11667 = LINE('',#11668,#11669);
#11668 = CARTESIAN_POINT('',(96.99,-61.75,-4.6E-02));
#11669 = VECTOR('',#11670,1.);
#11670 = DIRECTION('',(0.,0.,1.));
#11671 = ORIENTED_EDGE('',*,*,#10513,.F.);
#11672 = ORIENTED_EDGE('',*,*,#11666,.F.);
#11673 = CYLINDRICAL_SURFACE('',#11674,0.5);
#11674 = AXIS2_PLACEMENT_3D('',#11675,#11676,#11677);
#11675 = CARTESIAN_POINT('',(96.99,-61.25,-4.6E-02));
#11676 = DIRECTION('',(-0.,-0.,-1.));
#11677 = DIRECTION('',(-0.,-1.,0.));
#11678 = ADVANCED_FACE('',(#11679),#11690,.F.);
#11679 = FACE_BOUND('',#11680,.T.);
#11680 = EDGE_LOOP('',(#11681,#11682,#11688,#11689));
#11681 = ORIENTED_EDGE('',*,*,#9685,.T.);
#11682 = ORIENTED_EDGE('',*,*,#11683,.T.);
#11683 = EDGE_CURVE('',#9686,#10525,#11684,.T.);
#11684 = LINE('',#11685,#11686);
#11685 = CARTESIAN_POINT('',(96.99,-59.21,-4.6E-02));
#11686 = VECTOR('',#11687,1.);
#11687 = DIRECTION('',(0.,0.,1.));
#11688 = ORIENTED_EDGE('',*,*,#10524,.F.);
#11689 = ORIENTED_EDGE('',*,*,#11683,.F.);
#11690 = CYLINDRICAL_SURFACE('',#11691,0.5);
#11691 = AXIS2_PLACEMENT_3D('',#11692,#11693,#11694);
#11692 = CARTESIAN_POINT('',(96.99,-58.71,-4.6E-02));
#11693 = DIRECTION('',(-0.,-0.,-1.));
#11694 = DIRECTION('',(-0.,-1.,0.));
#11695 = ADVANCED_FACE('',(#11696),#11707,.F.);
#11696 = FACE_BOUND('',#11697,.T.);
#11697 = EDGE_LOOP('',(#11698,#11699,#11705,#11706));
#11698 = ORIENTED_EDGE('',*,*,#9696,.T.);
#11699 = ORIENTED_EDGE('',*,*,#11700,.T.);
#11700 = EDGE_CURVE('',#9697,#10536,#11701,.T.);
#11701 = LINE('',#11702,#11703);
#11702 = CARTESIAN_POINT('',(96.99,-56.67,-4.6E-02));
#11703 = VECTOR('',#11704,1.);
#11704 = DIRECTION('',(0.,0.,1.));
#11705 = ORIENTED_EDGE('',*,*,#10535,.F.);
#11706 = ORIENTED_EDGE('',*,*,#11700,.F.);
#11707 = CYLINDRICAL_SURFACE('',#11708,0.5);
#11708 = AXIS2_PLACEMENT_3D('',#11709,#11710,#11711);
#11709 = CARTESIAN_POINT('',(96.99,-56.17,-4.6E-02));
#11710 = DIRECTION('',(-0.,-0.,-1.));
#11711 = DIRECTION('',(-0.,-1.,0.));
#11712 = ADVANCED_FACE('',(#11713),#11729,.F.);
#11713 = FACE_BOUND('',#11714,.T.);
#11714 = EDGE_LOOP('',(#11715,#11721,#11722,#11728));
#11715 = ORIENTED_EDGE('',*,*,#11716,.T.);
#11716 = EDGE_CURVE('',#9708,#10547,#11717,.T.);
#11717 = LINE('',#11718,#11719);
#11718 = CARTESIAN_POINT('',(95.489555,-43.356256,0.));
#11719 = VECTOR('',#11720,1.);
#11720 = DIRECTION('',(0.,0.,1.));
#11721 = ORIENTED_EDGE('',*,*,#10546,.T.);
#11722 = ORIENTED_EDGE('',*,*,#11723,.F.);
#11723 = EDGE_CURVE('',#9710,#10549,#11724,.T.);
#11724 = LINE('',#11725,#11726);
#11725 = CARTESIAN_POINT('',(94.489555,-44.356256,0.));
#11726 = VECTOR('',#11727,1.);
#11727 = DIRECTION('',(0.,0.,1.));
#11728 = ORIENTED_EDGE('',*,*,#9707,.F.);
#11729 = CYLINDRICAL_SURFACE('',#11730,0.999999252925);
#11730 = AXIS2_PLACEMENT_3D('',#11731,#11732,#11733);
#11731 = CARTESIAN_POINT('',(95.489554252925,-44.35625525292,0.));
#11732 = DIRECTION('',(-0.,-0.,-1.));
#11733 = DIRECTION('',(7.470757349539E-07,1.,-0.));
#11734 = ADVANCED_FACE('',(#11735),#11746,.T.);
#11735 = FACE_BOUND('',#11736,.T.);
#11736 = EDGE_LOOP('',(#11737,#11743,#11744,#11745));
#11737 = ORIENTED_EDGE('',*,*,#11738,.T.);
#11738 = EDGE_CURVE('',#9719,#10558,#11739,.T.);
#11739 = LINE('',#11740,#11741);
#11740 = CARTESIAN_POINT('',(96.989555,-43.356256,0.));
#11741 = VECTOR('',#11742,1.);
#11742 = DIRECTION('',(0.,0.,1.));
#11743 = ORIENTED_EDGE('',*,*,#10557,.T.);
#11744 = ORIENTED_EDGE('',*,*,#11716,.F.);
#11745 = ORIENTED_EDGE('',*,*,#9718,.F.);
#11746 = PLANE('',#11747);
#11747 = AXIS2_PLACEMENT_3D('',#11748,#11749,#11750);
#11748 = CARTESIAN_POINT('',(96.989555,-43.356256,0.));
#11749 = DIRECTION('',(0.,-1.,0.));
#11750 = DIRECTION('',(-1.,0.,0.));
#11751 = ADVANCED_FACE('',(#11752),#11763,.T.);
#11752 = FACE_BOUND('',#11753,.T.);
#11753 = EDGE_LOOP('',(#11754,#11755,#11756,#11762));
#11754 = ORIENTED_EDGE('',*,*,#11723,.T.);
#11755 = ORIENTED_EDGE('',*,*,#10658,.T.);
#11756 = ORIENTED_EDGE('',*,*,#11757,.F.);
#11757 = EDGE_CURVE('',#9812,#10651,#11758,.T.);
#11758 = LINE('',#11759,#11760);
#11759 = CARTESIAN_POINT('',(94.489555,-45.856256,0.));
#11760 = VECTOR('',#11761,1.);
#11761 = DIRECTION('',(0.,0.,1.));
#11762 = ORIENTED_EDGE('',*,*,#9819,.F.);
#11763 = PLANE('',#11764);
#11764 = AXIS2_PLACEMENT_3D('',#11765,#11766,#11767);
#11765 = CARTESIAN_POINT('',(94.489555,-44.356256,0.));
#11766 = DIRECTION('',(1.,0.,-0.));
#11767 = DIRECTION('',(0.,-1.,0.));
#11768 = ADVANCED_FACE('',(#11769),#11780,.T.);
#11769 = FACE_BOUND('',#11770,.T.);
#11770 = EDGE_LOOP('',(#11771,#11777,#11778,#11779));
#11771 = ORIENTED_EDGE('',*,*,#11772,.T.);
#11772 = EDGE_CURVE('',#9727,#10566,#11773,.T.);
#11773 = LINE('',#11774,#11775);
#11774 = CARTESIAN_POINT('',(96.989555,-43.372374,0.));
#11775 = VECTOR('',#11776,1.);
#11776 = DIRECTION('',(0.,0.,1.));
#11777 = ORIENTED_EDGE('',*,*,#10565,.T.);
#11778 = ORIENTED_EDGE('',*,*,#11738,.F.);
#11779 = ORIENTED_EDGE('',*,*,#9726,.F.);
#11780 = PLANE('',#11781);
#11781 = AXIS2_PLACEMENT_3D('',#11782,#11783,#11784);
#11782 = CARTESIAN_POINT('',(96.989555,-43.372374,0.));
#11783 = DIRECTION('',(-1.,0.,0.));
#11784 = DIRECTION('',(0.,1.,0.));
#11785 = ADVANCED_FACE('',(#11786),#11797,.T.);
#11786 = FACE_BOUND('',#11787,.T.);
#11787 = EDGE_LOOP('',(#11788,#11789,#11790,#11796));
#11788 = ORIENTED_EDGE('',*,*,#11757,.T.);
#11789 = ORIENTED_EDGE('',*,*,#10650,.T.);
#11790 = ORIENTED_EDGE('',*,*,#11791,.F.);
#11791 = EDGE_CURVE('',#9803,#10642,#11792,.T.);
#11792 = LINE('',#11793,#11794);
#11793 = CARTESIAN_POINT('',(94.505673,-45.856256,0.));
#11794 = VECTOR('',#11795,1.);
#11795 = DIRECTION('',(0.,0.,1.));
#11796 = ORIENTED_EDGE('',*,*,#9811,.F.);
#11797 = PLANE('',#11798);
#11798 = AXIS2_PLACEMENT_3D('',#11799,#11800,#11801);
#11799 = CARTESIAN_POINT('',(94.489555,-45.856256,0.));
#11800 = DIRECTION('',(0.,1.,0.));
#11801 = DIRECTION('',(1.,0.,0.));
#11802 = ADVANCED_FACE('',(#11803),#11814,.F.);
#11803 = FACE_BOUND('',#11804,.T.);
#11804 = EDGE_LOOP('',(#11805,#11811,#11812,#11813));
#11805 = ORIENTED_EDGE('',*,*,#11806,.T.);
#11806 = EDGE_CURVE('',#9735,#10574,#11807,.T.);
#11807 = LINE('',#11808,#11809);
#11808 = CARTESIAN_POINT('',(97.289555,-43.356256,0.));
#11809 = VECTOR('',#11810,1.);
#11810 = DIRECTION('',(0.,0.,1.));
#11811 = ORIENTED_EDGE('',*,*,#10573,.T.);
#11812 = ORIENTED_EDGE('',*,*,#11772,.F.);
#11813 = ORIENTED_EDGE('',*,*,#9734,.F.);
#11814 = CYLINDRICAL_SURFACE('',#11815,2.799701698359);
#11815 = AXIS2_PLACEMENT_3D('',#11816,#11817,#11818);
#11816 = CARTESIAN_POINT('',(97.289540656705,-46.15595769832,0.));
#11817 = DIRECTION('',(-0.,-0.,-1.));
#11818 = DIRECTION('',(5.123151095166E-06,0.999999999987,-0.));
#11819 = ADVANCED_FACE('',(#11820),#11831,.F.);
#11820 = FACE_BOUND('',#11821,.T.);
#11821 = EDGE_LOOP('',(#11822,#11823,#11824,#11830));
#11822 = ORIENTED_EDGE('',*,*,#11791,.T.);
#11823 = ORIENTED_EDGE('',*,*,#10641,.T.);
#11824 = ORIENTED_EDGE('',*,*,#11825,.F.);
#11825 = EDGE_CURVE('',#9795,#10634,#11826,.T.);
#11826 = LINE('',#11827,#11828);
#11827 = CARTESIAN_POINT('',(94.489555,-46.156256,0.));
#11828 = VECTOR('',#11829,1.);
#11829 = DIRECTION('',(0.,0.,1.));
#11830 = ORIENTED_EDGE('',*,*,#9802,.F.);
#11831 = CYLINDRICAL_SURFACE('',#11832,2.799701698365);
#11832 = AXIS2_PLACEMENT_3D('',#11833,#11834,#11835);
#11833 = CARTESIAN_POINT('',(97.289256698329,-46.1562416567,0.));
#11834 = DIRECTION('',(-0.,-0.,-1.));
#11835 = DIRECTION('',(-0.994242958082,0.107149149811,0.));
#11836 = ADVANCED_FACE('',(#11837),#11848,.T.);
#11837 = FACE_BOUND('',#11838,.T.);
#11838 = EDGE_LOOP('',(#11839,#11845,#11846,#11847));
#11839 = ORIENTED_EDGE('',*,*,#11840,.T.);
#11840 = EDGE_CURVE('',#9744,#10583,#11841,.T.);
#11841 = LINE('',#11842,#11843);
#11842 = CARTESIAN_POINT('',(98.489555,-43.356256,0.));
#11843 = VECTOR('',#11844,1.);
#11844 = DIRECTION('',(0.,0.,1.));
#11845 = ORIENTED_EDGE('',*,*,#10582,.T.);
#11846 = ORIENTED_EDGE('',*,*,#11806,.F.);
#11847 = ORIENTED_EDGE('',*,*,#9743,.F.);
#11848 = PLANE('',#11849);
#11849 = AXIS2_PLACEMENT_3D('',#11850,#11851,#11852);
#11850 = CARTESIAN_POINT('',(98.489555,-43.356256,0.));
#11851 = DIRECTION('',(0.,-1.,0.));
#11852 = DIRECTION('',(-1.,0.,0.));
#11853 = ADVANCED_FACE('',(#11854),#11865,.T.);
#11854 = FACE_BOUND('',#11855,.T.);
#11855 = EDGE_LOOP('',(#11856,#11857,#11858,#11864));
#11856 = ORIENTED_EDGE('',*,*,#11825,.T.);
#11857 = ORIENTED_EDGE('',*,*,#10633,.T.);
#11858 = ORIENTED_EDGE('',*,*,#11859,.F.);
#11859 = EDGE_CURVE('',#9786,#10625,#11860,.T.);
#11860 = LINE('',#11861,#11862);
#11861 = CARTESIAN_POINT('',(94.489555,-47.356256,0.));
#11862 = VECTOR('',#11863,1.);
#11863 = DIRECTION('',(0.,0.,1.));
#11864 = ORIENTED_EDGE('',*,*,#9794,.F.);
#11865 = PLANE('',#11866);
#11866 = AXIS2_PLACEMENT_3D('',#11867,#11868,#11869);
#11867 = CARTESIAN_POINT('',(94.489555,-46.156256,0.));
#11868 = DIRECTION('',(1.,0.,-0.));
#11869 = DIRECTION('',(0.,-1.,0.));
#11870 = ADVANCED_FACE('',(#11871),#11882,.F.);
#11871 = FACE_BOUND('',#11872,.T.);
#11872 = EDGE_LOOP('',(#11873,#11879,#11880,#11881));
#11873 = ORIENTED_EDGE('',*,*,#11874,.T.);
#11874 = EDGE_CURVE('',#9752,#10591,#11875,.T.);
#11875 = LINE('',#11876,#11877);
#11876 = CARTESIAN_POINT('',(99.489555,-44.356256,0.));
#11877 = VECTOR('',#11878,1.);
#11878 = DIRECTION('',(0.,0.,1.));
#11879 = ORIENTED_EDGE('',*,*,#10590,.T.);
#11880 = ORIENTED_EDGE('',*,*,#11840,.F.);
#11881 = ORIENTED_EDGE('',*,*,#9751,.F.);
#11882 = CYLINDRICAL_SURFACE('',#11883,1.00000266715);
#11883 = AXIS2_PLACEMENT_3D('',#11884,#11885,#11886);
#11884 = CARTESIAN_POINT('',(98.489552332854,-44.35625866714,0.));
#11885 = DIRECTION('',(-0.,-0.,-1.));
#11886 = DIRECTION('',(0.999999999996,2.667139155515E-06,-0.));
#11887 = ADVANCED_FACE('',(#11888),#11899,.F.);
#11888 = FACE_BOUND('',#11889,.T.);
#11889 = EDGE_LOOP('',(#11890,#11891,#11892,#11898));
#11890 = ORIENTED_EDGE('',*,*,#11859,.T.);
#11891 = ORIENTED_EDGE('',*,*,#10624,.T.);
#11892 = ORIENTED_EDGE('',*,*,#11893,.F.);
#11893 = EDGE_CURVE('',#9778,#10617,#11894,.T.);
#11894 = LINE('',#11895,#11896);
#11895 = CARTESIAN_POINT('',(95.489555,-48.356256,0.));
#11896 = VECTOR('',#11897,1.);
#11897 = DIRECTION('',(0.,0.,1.));
#11898 = ORIENTED_EDGE('',*,*,#9785,.F.);
#11899 = CYLINDRICAL_SURFACE('',#11900,0.999999252925);
#11900 = AXIS2_PLACEMENT_3D('',#11901,#11902,#11903);
#11901 = CARTESIAN_POINT('',(95.489554252925,-47.35625674707,0.));
#11902 = DIRECTION('',(-0.,-0.,-1.));
#11903 = DIRECTION('',(-1.,7.470757349539E-07,0.));
#11904 = ADVANCED_FACE('',(#11905),#11916,.T.);
#11905 = FACE_BOUND('',#11906,.T.);
#11906 = EDGE_LOOP('',(#11907,#11913,#11914,#11915));
#11907 = ORIENTED_EDGE('',*,*,#11908,.T.);
#11908 = EDGE_CURVE('',#9761,#10600,#11909,.T.);
#11909 = LINE('',#11910,#11911);
#11910 = CARTESIAN_POINT('',(99.489555,-47.356256,0.));
#11911 = VECTOR('',#11912,1.);
#11912 = DIRECTION('',(0.,0.,1.));
#11913 = ORIENTED_EDGE('',*,*,#10599,.T.);
#11914 = ORIENTED_EDGE('',*,*,#11874,.F.);
#11915 = ORIENTED_EDGE('',*,*,#9760,.F.);
#11916 = PLANE('',#11917);
#11917 = AXIS2_PLACEMENT_3D('',#11918,#11919,#11920);
#11918 = CARTESIAN_POINT('',(99.489555,-47.356256,0.));
#11919 = DIRECTION('',(-1.,0.,0.));
#11920 = DIRECTION('',(0.,1.,0.));
#11921 = ADVANCED_FACE('',(#11922),#11933,.T.);
#11922 = FACE_BOUND('',#11923,.T.);
#11923 = EDGE_LOOP('',(#11924,#11925,#11926,#11932));
#11924 = ORIENTED_EDGE('',*,*,#11893,.T.);
#11925 = ORIENTED_EDGE('',*,*,#10616,.T.);
#11926 = ORIENTED_EDGE('',*,*,#11927,.F.);
#11927 = EDGE_CURVE('',#9769,#10608,#11928,.T.);
#11928 = LINE('',#11929,#11930);
#11929 = CARTESIAN_POINT('',(98.489555,-48.356256,0.));
#11930 = VECTOR('',#11931,1.);
#11931 = DIRECTION('',(0.,0.,1.));
#11932 = ORIENTED_EDGE('',*,*,#9777,.F.);
#11933 = PLANE('',#11934);
#11934 = AXIS2_PLACEMENT_3D('',#11935,#11936,#11937);
#11935 = CARTESIAN_POINT('',(95.489555,-48.356256,0.));
#11936 = DIRECTION('',(0.,1.,0.));
#11937 = DIRECTION('',(1.,0.,0.));
#11938 = ADVANCED_FACE('',(#11939),#11945,.F.);
#11939 = FACE_BOUND('',#11940,.T.);
#11940 = EDGE_LOOP('',(#11941,#11942,#11943,#11944));
#11941 = ORIENTED_EDGE('',*,*,#11927,.T.);
#11942 = ORIENTED_EDGE('',*,*,#10607,.T.);
#11943 = ORIENTED_EDGE('',*,*,#11908,.F.);
#11944 = ORIENTED_EDGE('',*,*,#9768,.F.);
#11945 = CYLINDRICAL_SURFACE('',#11946,1.00000266715);
#11946 = AXIS2_PLACEMENT_3D('',#11947,#11948,#11949);
#11947 = CARTESIAN_POINT('',(98.489552332854,-47.35625333285,0.));
#11948 = DIRECTION('',(-0.,-0.,-1.));
#11949 = DIRECTION('',(2.667139162621E-06,-0.999999999996,0.));
#11950 = ADVANCED_FACE('',(#11951),#11962,.F.);
#11951 = FACE_BOUND('',#11952,.T.);
#11952 = EDGE_LOOP('',(#11953,#11959,#11960,#11961));
#11953 = ORIENTED_EDGE('',*,*,#11954,.T.);
#11954 = EDGE_CURVE('',#9828,#10667,#11955,.T.);
#11955 = LINE('',#11956,#11957);
#11956 = CARTESIAN_POINT('',(96.45,-40.1,0.));
#11957 = VECTOR('',#11958,1.);
#11958 = DIRECTION('',(0.,0.,1.));
#11959 = ORIENTED_EDGE('',*,*,#10666,.T.);
#11960 = ORIENTED_EDGE('',*,*,#11954,.F.);
#11961 = ORIENTED_EDGE('',*,*,#9827,.F.);
#11962 = CYLINDRICAL_SURFACE('',#11963,1.5);
#11963 = AXIS2_PLACEMENT_3D('',#11964,#11965,#11966);
#11964 = CARTESIAN_POINT('',(94.95,-40.1,0.));
#11965 = DIRECTION('',(-0.,-0.,-1.));
#11966 = DIRECTION('',(1.,0.,-0.));
#11967 = ADVANCED_FACE('',(#11968),#11984,.F.);
#11968 = FACE_BOUND('',#11969,.T.);
#11969 = EDGE_LOOP('',(#11970,#11976,#11977,#11983));
#11970 = ORIENTED_EDGE('',*,*,#11971,.T.);
#11971 = EDGE_CURVE('',#9839,#10678,#11972,.T.);
#11972 = LINE('',#11973,#11974);
#11973 = CARTESIAN_POINT('',(160.989555,-81.656256,0.));
#11974 = VECTOR('',#11975,1.);
#11975 = DIRECTION('',(0.,0.,1.));
#11976 = ORIENTED_EDGE('',*,*,#10677,.T.);
#11977 = ORIENTED_EDGE('',*,*,#11978,.F.);
#11978 = EDGE_CURVE('',#9841,#10680,#11979,.T.);
#11979 = LINE('',#11980,#11981);
#11980 = CARTESIAN_POINT('',(159.989555,-82.656256,0.));
#11981 = VECTOR('',#11982,1.);
#11982 = DIRECTION('',(0.,0.,1.));
#11983 = ORIENTED_EDGE('',*,*,#9838,.F.);
#11984 = CYLINDRICAL_SURFACE('',#11985,0.999999252925);
#11985 = AXIS2_PLACEMENT_3D('',#11986,#11987,#11988);
#11986 = CARTESIAN_POINT('',(160.98955425292,-82.65625525292,0.));
#11987 = DIRECTION('',(-0.,-0.,-1.));
#11988 = DIRECTION('',(7.470757349539E-07,1.,-0.));
#11989 = ADVANCED_FACE('',(#11990),#12001,.T.);
#11990 = FACE_BOUND('',#11991,.T.);
#11991 = EDGE_LOOP('',(#11992,#11998,#11999,#12000));
#11992 = ORIENTED_EDGE('',*,*,#11993,.T.);
#11993 = EDGE_CURVE('',#9850,#10689,#11994,.T.);
#11994 = LINE('',#11995,#11996);
#11995 = CARTESIAN_POINT('',(163.989555,-81.656256,0.));
#11996 = VECTOR('',#11997,1.);
#11997 = DIRECTION('',(0.,0.,1.));
#11998 = ORIENTED_EDGE('',*,*,#10688,.T.);
#11999 = ORIENTED_EDGE('',*,*,#11971,.F.);
#12000 = ORIENTED_EDGE('',*,*,#9849,.F.);
#12001 = PLANE('',#12002);
#12002 = AXIS2_PLACEMENT_3D('',#12003,#12004,#12005);
#12003 = CARTESIAN_POINT('',(163.989555,-81.656256,0.));
#12004 = DIRECTION('',(0.,-1.,0.));
#12005 = DIRECTION('',(-1.,0.,0.));
#12006 = ADVANCED_FACE('',(#12007),#12018,.T.);
#12007 = FACE_BOUND('',#12008,.T.);
#12008 = EDGE_LOOP('',(#12009,#12010,#12011,#12017));
#12009 = ORIENTED_EDGE('',*,*,#11978,.T.);
#12010 = ORIENTED_EDGE('',*,*,#10789,.T.);
#12011 = ORIENTED_EDGE('',*,*,#12012,.F.);
#12012 = EDGE_CURVE('',#9942,#10781,#12013,.T.);
#12013 = LINE('',#12014,#12015);
#12014 = CARTESIAN_POINT('',(159.989555,-85.656256,0.));
#12015 = VECTOR('',#12016,1.);
#12016 = DIRECTION('',(0.,0.,1.));
#12017 = ORIENTED_EDGE('',*,*,#9950,.F.);
#12018 = PLANE('',#12019);
#12019 = AXIS2_PLACEMENT_3D('',#12020,#12021,#12022);
#12020 = CARTESIAN_POINT('',(159.989555,-82.656256,0.));
#12021 = DIRECTION('',(1.,0.,-0.));
#12022 = DIRECTION('',(0.,-1.,0.));
#12023 = ADVANCED_FACE('',(#12024),#12035,.F.);
#12024 = FACE_BOUND('',#12025,.T.);
#12025 = EDGE_LOOP('',(#12026,#12032,#12033,#12034));
#12026 = ORIENTED_EDGE('',*,*,#12027,.T.);
#12027 = EDGE_CURVE('',#9858,#10697,#12028,.T.);
#12028 = LINE('',#12029,#12030);
#12029 = CARTESIAN_POINT('',(164.989555,-82.656256,0.));
#12030 = VECTOR('',#12031,1.);
#12031 = DIRECTION('',(0.,0.,1.));
#12032 = ORIENTED_EDGE('',*,*,#10696,.T.);
#12033 = ORIENTED_EDGE('',*,*,#11993,.F.);
#12034 = ORIENTED_EDGE('',*,*,#9857,.F.);
#12035 = CYLINDRICAL_SURFACE('',#12036,1.00000266715);
#12036 = AXIS2_PLACEMENT_3D('',#12037,#12038,#12039);
#12037 = CARTESIAN_POINT('',(163.98955233285,-82.65625866714,0.));
#12038 = DIRECTION('',(-0.,-0.,-1.));
#12039 = DIRECTION('',(0.999999999996,2.667139176832E-06,-0.));
#12040 = ADVANCED_FACE('',(#12041),#12052,.F.);
#12041 = FACE_BOUND('',#12042,.T.);
#12042 = EDGE_LOOP('',(#12043,#12044,#12045,#12051));
#12043 = ORIENTED_EDGE('',*,*,#12012,.T.);
#12044 = ORIENTED_EDGE('',*,*,#10780,.T.);
#12045 = ORIENTED_EDGE('',*,*,#12046,.F.);
#12046 = EDGE_CURVE('',#9934,#10773,#12047,.T.);
#12047 = LINE('',#12048,#12049);
#12048 = CARTESIAN_POINT('',(160.989555,-86.656256,0.));
#12049 = VECTOR('',#12050,1.);
#12050 = DIRECTION('',(0.,0.,1.));
#12051 = ORIENTED_EDGE('',*,*,#9941,.F.);
#12052 = CYLINDRICAL_SURFACE('',#12053,0.999999252925);
#12053 = AXIS2_PLACEMENT_3D('',#12054,#12055,#12056);
#12054 = CARTESIAN_POINT('',(160.98955425292,-85.65625674707,0.));
#12055 = DIRECTION('',(-0.,-0.,-1.));
#12056 = DIRECTION('',(-1.,7.470757633756E-07,0.));
#12057 = ADVANCED_FACE('',(#12058),#12069,.T.);
#12058 = FACE_BOUND('',#12059,.T.);
#12059 = EDGE_LOOP('',(#12060,#12066,#12067,#12068));
#12060 = ORIENTED_EDGE('',*,*,#12061,.T.);
#12061 = EDGE_CURVE('',#9867,#10706,#12062,.T.);
#12062 = LINE('',#12063,#12064);
#12063 = CARTESIAN_POINT('',(164.989555,-83.856256,0.));
#12064 = VECTOR('',#12065,1.);
#12065 = DIRECTION('',(0.,0.,1.));
#12066 = ORIENTED_EDGE('',*,*,#10705,.T.);
#12067 = ORIENTED_EDGE('',*,*,#12027,.F.);
#12068 = ORIENTED_EDGE('',*,*,#9866,.F.);
#12069 = PLANE('',#12070);
#12070 = AXIS2_PLACEMENT_3D('',#12071,#12072,#12073);
#12071 = CARTESIAN_POINT('',(164.989555,-83.856256,0.));
#12072 = DIRECTION('',(-1.,0.,0.));
#12073 = DIRECTION('',(0.,1.,0.));
#12074 = ADVANCED_FACE('',(#12075),#12086,.T.);
#12075 = FACE_BOUND('',#12076,.T.);
#12076 = EDGE_LOOP('',(#12077,#12078,#12079,#12085));
#12077 = ORIENTED_EDGE('',*,*,#12046,.T.);
#12078 = ORIENTED_EDGE('',*,*,#10772,.T.);
#12079 = ORIENTED_EDGE('',*,*,#12080,.F.);
#12080 = EDGE_CURVE('',#9925,#10764,#12081,.T.);
#12081 = LINE('',#12082,#12083);
#12082 = CARTESIAN_POINT('',(162.189555,-86.656256,0.));
#12083 = VECTOR('',#12084,1.);
#12084 = DIRECTION('',(0.,0.,1.));
#12085 = ORIENTED_EDGE('',*,*,#9933,.F.);
#12086 = PLANE('',#12087);
#12087 = AXIS2_PLACEMENT_3D('',#12088,#12089,#12090);
#12088 = CARTESIAN_POINT('',(160.989555,-86.656256,0.));
#12089 = DIRECTION('',(0.,1.,0.));
#12090 = DIRECTION('',(1.,0.,0.));
#12091 = ADVANCED_FACE('',(#12092),#12103,.F.);
#12092 = FACE_BOUND('',#12093,.T.);
#12093 = EDGE_LOOP('',(#12094,#12100,#12101,#12102));
#12094 = ORIENTED_EDGE('',*,*,#12095,.T.);
#12095 = EDGE_CURVE('',#9875,#10714,#12096,.T.);
#12096 = LINE('',#12097,#12098);
#12097 = CARTESIAN_POINT('',(164.973437,-84.156256,0.));
#12098 = VECTOR('',#12099,1.);
#12099 = DIRECTION('',(0.,0.,1.));
#12100 = ORIENTED_EDGE('',*,*,#10713,.T.);
#12101 = ORIENTED_EDGE('',*,*,#12061,.F.);
#12102 = ORIENTED_EDGE('',*,*,#9874,.F.);
#12103 = CYLINDRICAL_SURFACE('',#12104,2.800394106218);
#12104 = AXIS2_PLACEMENT_3D('',#12105,#12106,#12107);
#12105 = CARTESIAN_POINT('',(162.18916089387,-83.85623314253,0.));
#12106 = DIRECTION('',(-0.,-0.,-1.));
#12107 = DIRECTION('',(0.994244381511,-0.107135940903,0.));
#12108 = ADVANCED_FACE('',(#12109),#12120,.F.);
#12109 = FACE_BOUND('',#12110,.T.);
#12110 = EDGE_LOOP('',(#12111,#12112,#12113,#12119));
#12111 = ORIENTED_EDGE('',*,*,#12080,.T.);
#12112 = ORIENTED_EDGE('',*,*,#10763,.T.);
#12113 = ORIENTED_EDGE('',*,*,#12114,.F.);
#12114 = EDGE_CURVE('',#9917,#10756,#12115,.T.);
#12115 = LINE('',#12116,#12117);
#12116 = CARTESIAN_POINT('',(162.489555,-86.640138,0.));
#12117 = VECTOR('',#12118,1.);
#12118 = DIRECTION('',(0.,0.,1.));
#12119 = ORIENTED_EDGE('',*,*,#9924,.F.);
#12120 = CYLINDRICAL_SURFACE('',#12121,2.799701698356);
#12121 = AXIS2_PLACEMENT_3D('',#12122,#12123,#12124);
#12122 = CARTESIAN_POINT('',(162.18956934329,-83.85655430168,0.));
#12123 = DIRECTION('',(-0.,-0.,-1.));
#12124 = DIRECTION('',(-5.123151125626E-06,-0.999999999987,0.));
#12125 = ADVANCED_FACE('',(#12126),#12137,.T.);
#12126 = FACE_BOUND('',#12127,.T.);
#12127 = EDGE_LOOP('',(#12128,#12134,#12135,#12136));
#12128 = ORIENTED_EDGE('',*,*,#12129,.T.);
#12129 = EDGE_CURVE('',#9884,#10723,#12130,.T.);
#12130 = LINE('',#12131,#12132);
#12131 = CARTESIAN_POINT('',(164.989555,-84.156256,0.));
#12132 = VECTOR('',#12133,1.);
#12133 = DIRECTION('',(0.,0.,1.));
#12134 = ORIENTED_EDGE('',*,*,#10722,.T.);
#12135 = ORIENTED_EDGE('',*,*,#12095,.F.);
#12136 = ORIENTED_EDGE('',*,*,#9883,.F.);
#12137 = PLANE('',#12138);
#12138 = AXIS2_PLACEMENT_3D('',#12139,#12140,#12141);
#12139 = CARTESIAN_POINT('',(164.989555,-84.156256,0.));
#12140 = DIRECTION('',(0.,-1.,0.));
#12141 = DIRECTION('',(-1.,0.,0.));
#12142 = ADVANCED_FACE('',(#12143),#12154,.T.);
#12143 = FACE_BOUND('',#12144,.T.);
#12144 = EDGE_LOOP('',(#12145,#12146,#12147,#12153));
#12145 = ORIENTED_EDGE('',*,*,#12114,.T.);
#12146 = ORIENTED_EDGE('',*,*,#10755,.T.);
#12147 = ORIENTED_EDGE('',*,*,#12148,.F.);
#12148 = EDGE_CURVE('',#9909,#10748,#12149,.T.);
#12149 = LINE('',#12150,#12151);
#12150 = CARTESIAN_POINT('',(162.489555,-86.656256,0.));
#12151 = VECTOR('',#12152,1.);
#12152 = DIRECTION('',(0.,0.,1.));
#12153 = ORIENTED_EDGE('',*,*,#9916,.F.);
#12154 = PLANE('',#12155);
#12155 = AXIS2_PLACEMENT_3D('',#12156,#12157,#12158);
#12156 = CARTESIAN_POINT('',(162.489555,-86.640138,0.));
#12157 = DIRECTION('',(1.,0.,-0.));
#12158 = DIRECTION('',(0.,-1.,0.));
#12159 = ADVANCED_FACE('',(#12160),#12171,.T.);
#12160 = FACE_BOUND('',#12161,.T.);
#12161 = EDGE_LOOP('',(#12162,#12168,#12169,#12170));
#12162 = ORIENTED_EDGE('',*,*,#12163,.T.);
#12163 = EDGE_CURVE('',#9892,#10731,#12164,.T.);
#12164 = LINE('',#12165,#12166);
#12165 = CARTESIAN_POINT('',(164.989555,-85.656256,0.));
#12166 = VECTOR('',#12167,1.);
#12167 = DIRECTION('',(0.,0.,1.));
#12168 = ORIENTED_EDGE('',*,*,#10730,.T.);
#12169 = ORIENTED_EDGE('',*,*,#12129,.F.);
#12170 = ORIENTED_EDGE('',*,*,#9891,.F.);
#12171 = PLANE('',#12172);
#12172 = AXIS2_PLACEMENT_3D('',#12173,#12174,#12175);
#12173 = CARTESIAN_POINT('',(164.989555,-85.656256,0.));
#12174 = DIRECTION('',(-1.,0.,0.));
#12175 = DIRECTION('',(0.,1.,0.));
#12176 = ADVANCED_FACE('',(#12177),#12188,.T.);
#12177 = FACE_BOUND('',#12178,.T.);
#12178 = EDGE_LOOP('',(#12179,#12180,#12181,#12187));
#12179 = ORIENTED_EDGE('',*,*,#12148,.T.);
#12180 = ORIENTED_EDGE('',*,*,#10747,.T.);
#12181 = ORIENTED_EDGE('',*,*,#12182,.F.);
#12182 = EDGE_CURVE('',#9900,#10739,#12183,.T.);
#12183 = LINE('',#12184,#12185);
#12184 = CARTESIAN_POINT('',(163.989555,-86.656256,0.));
#12185 = VECTOR('',#12186,1.);
#12186 = DIRECTION('',(0.,0.,1.));
#12187 = ORIENTED_EDGE('',*,*,#9908,.F.);
#12188 = PLANE('',#12189);
#12189 = AXIS2_PLACEMENT_3D('',#12190,#12191,#12192);
#12190 = CARTESIAN_POINT('',(162.489555,-86.656256,0.));
#12191 = DIRECTION('',(0.,1.,0.));
#12192 = DIRECTION('',(1.,0.,0.));
#12193 = ADVANCED_FACE('',(#12194),#12200,.F.);
#12194 = FACE_BOUND('',#12195,.T.);
#12195 = EDGE_LOOP('',(#12196,#12197,#12198,#12199));
#12196 = ORIENTED_EDGE('',*,*,#12182,.T.);
#12197 = ORIENTED_EDGE('',*,*,#10738,.T.);
#12198 = ORIENTED_EDGE('',*,*,#12163,.F.);
#12199 = ORIENTED_EDGE('',*,*,#9899,.F.);
#12200 = CYLINDRICAL_SURFACE('',#12201,1.00000266715);
#12201 = AXIS2_PLACEMENT_3D('',#12202,#12203,#12204);
#12202 = CARTESIAN_POINT('',(163.98955233285,-85.65625333285,0.));
#12203 = DIRECTION('',(-0.,-0.,-1.));
#12204 = DIRECTION('',(2.667139162621E-06,-0.999999999996,0.));
#12205 = ADVANCED_FACE('',(#12206),#12217,.F.);
#12206 = FACE_BOUND('',#12207,.T.);
#12207 = EDGE_LOOP('',(#12208,#12209,#12215,#12216));
#12208 = ORIENTED_EDGE('',*,*,#9958,.T.);
#12209 = ORIENTED_EDGE('',*,*,#12210,.T.);
#12210 = EDGE_CURVE('',#9959,#10798,#12211,.T.);
#12211 = LINE('',#12212,#12213);
#12212 = CARTESIAN_POINT('',(166.504935,-87.136455,-4.6E-02));
#12213 = VECTOR('',#12214,1.);
#12214 = DIRECTION('',(0.,0.,1.));
#12215 = ORIENTED_EDGE('',*,*,#10797,.F.);
#12216 = ORIENTED_EDGE('',*,*,#12210,.F.);
#12217 = CYLINDRICAL_SURFACE('',#12218,0.4);
#12218 = AXIS2_PLACEMENT_3D('',#12219,#12220,#12221);
#12219 = CARTESIAN_POINT('',(166.504935,-86.736455,-4.6E-02));
#12220 = DIRECTION('',(-0.,-0.,-1.));
#12221 = DIRECTION('',(-0.,-1.,0.));
#12222 = ADVANCED_FACE('',(#12223),#12234,.F.);
#12223 = FACE_BOUND('',#12224,.T.);
#12224 = EDGE_LOOP('',(#12225,#12226,#12232,#12233));
#12225 = ORIENTED_EDGE('',*,*,#9969,.T.);
#12226 = ORIENTED_EDGE('',*,*,#12227,.T.);
#12227 = EDGE_CURVE('',#9970,#10809,#12228,.T.);
#12228 = LINE('',#12229,#12230);
#12229 = CARTESIAN_POINT('',(169.004935,-87.136455,-4.6E-02));
#12230 = VECTOR('',#12231,1.);
#12231 = DIRECTION('',(0.,0.,1.));
#12232 = ORIENTED_EDGE('',*,*,#10808,.F.);
#12233 = ORIENTED_EDGE('',*,*,#12227,.F.);
#12234 = CYLINDRICAL_SURFACE('',#12235,0.4);
#12235 = AXIS2_PLACEMENT_3D('',#12236,#12237,#12238);
#12236 = CARTESIAN_POINT('',(169.004935,-86.736455,-4.6E-02));
#12237 = DIRECTION('',(-0.,-0.,-1.));
#12238 = DIRECTION('',(-0.,-1.,0.));
#12239 = ADVANCED_FACE('',(#12240),#12256,.F.);
#12240 = FACE_BOUND('',#12241,.T.);
#12241 = EDGE_LOOP('',(#12242,#12248,#12249,#12255));
#12242 = ORIENTED_EDGE('',*,*,#12243,.T.);
#12243 = EDGE_CURVE('',#9981,#10820,#12244,.T.);
#12244 = LINE('',#12245,#12246);
#12245 = CARTESIAN_POINT('',(160.989555,-43.356256,0.));
#12246 = VECTOR('',#12247,1.);
#12247 = DIRECTION('',(0.,0.,1.));
#12248 = ORIENTED_EDGE('',*,*,#10819,.T.);
#12249 = ORIENTED_EDGE('',*,*,#12250,.F.);
#12250 = EDGE_CURVE('',#9983,#10822,#12251,.T.);
#12251 = LINE('',#12252,#12253);
#12252 = CARTESIAN_POINT('',(159.989555,-44.356256,0.));
#12253 = VECTOR('',#12254,1.);
#12254 = DIRECTION('',(0.,0.,1.));
#12255 = ORIENTED_EDGE('',*,*,#9980,.F.);
#12256 = CYLINDRICAL_SURFACE('',#12257,0.999999252925);
#12257 = AXIS2_PLACEMENT_3D('',#12258,#12259,#12260);
#12258 = CARTESIAN_POINT('',(160.98955425292,-44.35625525292,0.));
#12259 = DIRECTION('',(-0.,-0.,-1.));
#12260 = DIRECTION('',(7.470757633756E-07,1.,-0.));
#12261 = ADVANCED_FACE('',(#12262),#12273,.T.);
#12262 = FACE_BOUND('',#12263,.T.);
#12263 = EDGE_LOOP('',(#12264,#12270,#12271,#12272));
#12264 = ORIENTED_EDGE('',*,*,#12265,.T.);
#12265 = EDGE_CURVE('',#9992,#10831,#12266,.T.);
#12266 = LINE('',#12267,#12268);
#12267 = CARTESIAN_POINT('',(162.189555,-43.356256,0.));
#12268 = VECTOR('',#12269,1.);
#12269 = DIRECTION('',(0.,0.,1.));
#12270 = ORIENTED_EDGE('',*,*,#10830,.T.);
#12271 = ORIENTED_EDGE('',*,*,#12243,.F.);
#12272 = ORIENTED_EDGE('',*,*,#9991,.F.);
#12273 = PLANE('',#12274);
#12274 = AXIS2_PLACEMENT_3D('',#12275,#12276,#12277);
#12275 = CARTESIAN_POINT('',(162.189555,-43.356256,0.));
#12276 = DIRECTION('',(0.,-1.,0.));
#12277 = DIRECTION('',(-1.,0.,0.));
#12278 = ADVANCED_FACE('',(#12279),#12290,.T.);
#12279 = FACE_BOUND('',#12280,.T.);
#12280 = EDGE_LOOP('',(#12281,#12282,#12283,#12289));
#12281 = ORIENTED_EDGE('',*,*,#12250,.T.);
#12282 = ORIENTED_EDGE('',*,*,#10931,.T.);
#12283 = ORIENTED_EDGE('',*,*,#12284,.F.);
#12284 = EDGE_CURVE('',#10084,#10923,#12285,.T.);
#12285 = LINE('',#12286,#12287);
#12286 = CARTESIAN_POINT('',(159.989555,-47.356256,0.));
#12287 = VECTOR('',#12288,1.);
#12288 = DIRECTION('',(0.,0.,1.));
#12289 = ORIENTED_EDGE('',*,*,#10092,.F.);
#12290 = PLANE('',#12291);
#12291 = AXIS2_PLACEMENT_3D('',#12292,#12293,#12294);
#12292 = CARTESIAN_POINT('',(159.989555,-44.356256,0.));
#12293 = DIRECTION('',(1.,0.,-0.));
#12294 = DIRECTION('',(0.,-1.,0.));
#12295 = ADVANCED_FACE('',(#12296),#12307,.F.);
#12296 = FACE_BOUND('',#12297,.T.);
#12297 = EDGE_LOOP('',(#12298,#12304,#12305,#12306));
#12298 = ORIENTED_EDGE('',*,*,#12299,.T.);
#12299 = EDGE_CURVE('',#10000,#10839,#12300,.T.);
#12300 = LINE('',#12301,#12302);
#12301 = CARTESIAN_POINT('',(162.489555,-43.372374,0.));
#12302 = VECTOR('',#12303,1.);
#12303 = DIRECTION('',(0.,0.,1.));
#12304 = ORIENTED_EDGE('',*,*,#10838,.T.);
#12305 = ORIENTED_EDGE('',*,*,#12265,.F.);
#12306 = ORIENTED_EDGE('',*,*,#9999,.F.);
#12307 = CYLINDRICAL_SURFACE('',#12308,2.799701698358);
#12308 = AXIS2_PLACEMENT_3D('',#12309,#12310,#12311);
#12309 = CARTESIAN_POINT('',(162.18956934329,-46.15595769832,0.));
#12310 = DIRECTION('',(-0.,-0.,-1.));
#12311 = DIRECTION('',(0.107149149812,0.994242958082,-0.));
#12312 = ADVANCED_FACE('',(#12313),#12324,.F.);
#12313 = FACE_BOUND('',#12314,.T.);
#12314 = EDGE_LOOP('',(#12315,#12316,#12317,#12323));
#12315 = ORIENTED_EDGE('',*,*,#12284,.T.);
#12316 = ORIENTED_EDGE('',*,*,#10922,.T.);
#12317 = ORIENTED_EDGE('',*,*,#12318,.F.);
#12318 = EDGE_CURVE('',#10076,#10915,#12319,.T.);
#12319 = LINE('',#12320,#12321);
#12320 = CARTESIAN_POINT('',(160.989555,-48.356256,0.));
#12321 = VECTOR('',#12322,1.);
#12322 = DIRECTION('',(0.,0.,1.));
#12323 = ORIENTED_EDGE('',*,*,#10083,.F.);
#12324 = CYLINDRICAL_SURFACE('',#12325,0.999999252925);
#12325 = AXIS2_PLACEMENT_3D('',#12326,#12327,#12328);
#12326 = CARTESIAN_POINT('',(160.98955425292,-47.35625674707,0.));
#12327 = DIRECTION('',(-0.,-0.,-1.));
#12328 = DIRECTION('',(-1.,7.470757562702E-07,0.));
#12329 = ADVANCED_FACE('',(#12330),#12341,.T.);
#12330 = FACE_BOUND('',#12331,.T.);
#12331 = EDGE_LOOP('',(#12332,#12338,#12339,#12340));
#12332 = ORIENTED_EDGE('',*,*,#12333,.T.);
#12333 = EDGE_CURVE('',#10009,#10848,#12334,.T.);
#12334 = LINE('',#12335,#12336);
#12335 = CARTESIAN_POINT('',(162.489555,-43.356256,0.));
#12336 = VECTOR('',#12337,1.);
#12337 = DIRECTION('',(0.,0.,1.));
#12338 = ORIENTED_EDGE('',*,*,#10847,.T.);
#12339 = ORIENTED_EDGE('',*,*,#12299,.F.);
#12340 = ORIENTED_EDGE('',*,*,#10008,.F.);
#12341 = PLANE('',#12342);
#12342 = AXIS2_PLACEMENT_3D('',#12343,#12344,#12345);
#12343 = CARTESIAN_POINT('',(162.489555,-43.356256,0.));
#12344 = DIRECTION('',(1.,0.,-0.));
#12345 = DIRECTION('',(0.,-1.,0.));
#12346 = ADVANCED_FACE('',(#12347),#12358,.T.);
#12347 = FACE_BOUND('',#12348,.T.);
#12348 = EDGE_LOOP('',(#12349,#12350,#12351,#12357));
#12349 = ORIENTED_EDGE('',*,*,#12318,.T.);
#12350 = ORIENTED_EDGE('',*,*,#10914,.T.);
#12351 = ORIENTED_EDGE('',*,*,#12352,.F.);
#12352 = EDGE_CURVE('',#10067,#10906,#12353,.T.);
#12353 = LINE('',#12354,#12355);
#12354 = CARTESIAN_POINT('',(163.989555,-48.356256,0.));
#12355 = VECTOR('',#12356,1.);
#12356 = DIRECTION('',(0.,0.,1.));
#12357 = ORIENTED_EDGE('',*,*,#10075,.F.);
#12358 = PLANE('',#12359);
#12359 = AXIS2_PLACEMENT_3D('',#12360,#12361,#12362);
#12360 = CARTESIAN_POINT('',(160.989555,-48.356256,0.));
#12361 = DIRECTION('',(0.,1.,0.));
#12362 = DIRECTION('',(1.,0.,0.));
#12363 = ADVANCED_FACE('',(#12364),#12375,.T.);
#12364 = FACE_BOUND('',#12365,.T.);
#12365 = EDGE_LOOP('',(#12366,#12372,#12373,#12374));
#12366 = ORIENTED_EDGE('',*,*,#12367,.T.);
#12367 = EDGE_CURVE('',#10017,#10856,#12368,.T.);
#12368 = LINE('',#12369,#12370);
#12369 = CARTESIAN_POINT('',(163.989555,-43.356256,0.));
#12370 = VECTOR('',#12371,1.);
#12371 = DIRECTION('',(0.,0.,1.));
#12372 = ORIENTED_EDGE('',*,*,#10855,.T.);
#12373 = ORIENTED_EDGE('',*,*,#12333,.F.);
#12374 = ORIENTED_EDGE('',*,*,#10016,.F.);
#12375 = PLANE('',#12376);
#12376 = AXIS2_PLACEMENT_3D('',#12377,#12378,#12379);
#12377 = CARTESIAN_POINT('',(163.989555,-43.356256,0.));
#12378 = DIRECTION('',(0.,-1.,0.));
#12379 = DIRECTION('',(-1.,0.,0.));
#12380 = ADVANCED_FACE('',(#12381),#12392,.F.);
#12381 = FACE_BOUND('',#12382,.T.);
#12382 = EDGE_LOOP('',(#12383,#12384,#12385,#12391));
#12383 = ORIENTED_EDGE('',*,*,#12352,.T.);
#12384 = ORIENTED_EDGE('',*,*,#10905,.T.);
#12385 = ORIENTED_EDGE('',*,*,#12386,.F.);
#12386 = EDGE_CURVE('',#10059,#10898,#12387,.T.);
#12387 = LINE('',#12388,#12389);
#12388 = CARTESIAN_POINT('',(164.989555,-47.356256,0.));
#12389 = VECTOR('',#12390,1.);
#12390 = DIRECTION('',(0.,0.,1.));
#12391 = ORIENTED_EDGE('',*,*,#10066,.F.);
#12392 = CYLINDRICAL_SURFACE('',#12393,1.00000266715);
#12393 = AXIS2_PLACEMENT_3D('',#12394,#12395,#12396);
#12394 = CARTESIAN_POINT('',(163.98955233285,-47.35625333285,0.));
#12395 = DIRECTION('',(-0.,-0.,-1.));
#12396 = DIRECTION('',(2.667139162621E-06,-0.999999999996,0.));
#12397 = ADVANCED_FACE('',(#12398),#12409,.F.);
#12398 = FACE_BOUND('',#12399,.T.);
#12399 = EDGE_LOOP('',(#12400,#12406,#12407,#12408));
#12400 = ORIENTED_EDGE('',*,*,#12401,.T.);
#12401 = EDGE_CURVE('',#10025,#10864,#12402,.T.);
#12402 = LINE('',#12403,#12404);
#12403 = CARTESIAN_POINT('',(164.989555,-44.356256,0.));
#12404 = VECTOR('',#12405,1.);
#12405 = DIRECTION('',(0.,0.,1.));
#12406 = ORIENTED_EDGE('',*,*,#10863,.T.);
#12407 = ORIENTED_EDGE('',*,*,#12367,.F.);
#12408 = ORIENTED_EDGE('',*,*,#10024,.F.);
#12409 = CYLINDRICAL_SURFACE('',#12410,1.00000266715);
#12410 = AXIS2_PLACEMENT_3D('',#12411,#12412,#12413);
#12411 = CARTESIAN_POINT('',(163.98955233285,-44.35625866714,0.));
#12412 = DIRECTION('',(-0.,-0.,-1.));
#12413 = DIRECTION('',(0.999999999996,2.667139155515E-06,-0.));
#12414 = ADVANCED_FACE('',(#12415),#12426,.T.);
#12415 = FACE_BOUND('',#12416,.T.);
#12416 = EDGE_LOOP('',(#12417,#12418,#12419,#12425));
#12417 = ORIENTED_EDGE('',*,*,#12386,.T.);
#12418 = ORIENTED_EDGE('',*,*,#10897,.T.);
#12419 = ORIENTED_EDGE('',*,*,#12420,.F.);
#12420 = EDGE_CURVE('',#10050,#10889,#12421,.T.);
#12421 = LINE('',#12422,#12423);
#12422 = CARTESIAN_POINT('',(164.989555,-46.156256,0.));
#12423 = VECTOR('',#12424,1.);
#12424 = DIRECTION('',(0.,0.,1.));
#12425 = ORIENTED_EDGE('',*,*,#10058,.F.);
#12426 = PLANE('',#12427);
#12427 = AXIS2_PLACEMENT_3D('',#12428,#12429,#12430);
#12428 = CARTESIAN_POINT('',(164.989555,-47.356256,0.));
#12429 = DIRECTION('',(-1.,0.,0.));
#12430 = DIRECTION('',(0.,1.,0.));
#12431 = ADVANCED_FACE('',(#12432),#12443,.T.);
#12432 = FACE_BOUND('',#12433,.T.);
#12433 = EDGE_LOOP('',(#12434,#12440,#12441,#12442));
#12434 = ORIENTED_EDGE('',*,*,#12435,.T.);
#12435 = EDGE_CURVE('',#10034,#10873,#12436,.T.);
#12436 = LINE('',#12437,#12438);
#12437 = CARTESIAN_POINT('',(164.989555,-45.856256,0.));
#12438 = VECTOR('',#12439,1.);
#12439 = DIRECTION('',(0.,0.,1.));
#12440 = ORIENTED_EDGE('',*,*,#10872,.T.);
#12441 = ORIENTED_EDGE('',*,*,#12401,.F.);
#12442 = ORIENTED_EDGE('',*,*,#10033,.F.);
#12443 = PLANE('',#12444);
#12444 = AXIS2_PLACEMENT_3D('',#12445,#12446,#12447);
#12445 = CARTESIAN_POINT('',(164.989555,-45.856256,0.));
#12446 = DIRECTION('',(-1.,0.,0.));
#12447 = DIRECTION('',(0.,1.,0.));
#12448 = ADVANCED_FACE('',(#12449),#12460,.F.);
#12449 = FACE_BOUND('',#12450,.T.);
#12450 = EDGE_LOOP('',(#12451,#12452,#12453,#12459));
#12451 = ORIENTED_EDGE('',*,*,#12420,.T.);
#12452 = ORIENTED_EDGE('',*,*,#10888,.T.);
#12453 = ORIENTED_EDGE('',*,*,#12454,.F.);
#12454 = EDGE_CURVE('',#10042,#10881,#12455,.T.);
#12455 = LINE('',#12456,#12457);
#12456 = CARTESIAN_POINT('',(164.973437,-45.856256,0.));
#12457 = VECTOR('',#12458,1.);
#12458 = DIRECTION('',(0.,0.,1.));
#12459 = ORIENTED_EDGE('',*,*,#10049,.F.);
#12460 = CYLINDRICAL_SURFACE('',#12461,2.800394106218);
#12461 = AXIS2_PLACEMENT_3D('',#12462,#12463,#12464);
#12462 = CARTESIAN_POINT('',(162.18916089387,-46.15627885746,0.));
#12463 = DIRECTION('',(-0.,-0.,-1.));
#12464 = DIRECTION('',(0.999999999967,8.162232737374E-06,-0.));
#12465 = ADVANCED_FACE('',(#12466),#12472,.T.);
#12466 = FACE_BOUND('',#12467,.T.);
#12467 = EDGE_LOOP('',(#12468,#12469,#12470,#12471));
#12468 = ORIENTED_EDGE('',*,*,#12454,.T.);
#12469 = ORIENTED_EDGE('',*,*,#10880,.T.);
#12470 = ORIENTED_EDGE('',*,*,#12435,.F.);
#12471 = ORIENTED_EDGE('',*,*,#10041,.F.);
#12472 = PLANE('',#12473);
#12473 = AXIS2_PLACEMENT_3D('',#12474,#12475,#12476);
#12474 = CARTESIAN_POINT('',(164.973437,-45.856256,0.));
#12475 = DIRECTION('',(0.,1.,0.));
#12476 = DIRECTION('',(1.,0.,0.));
#12477 = ADVANCED_FACE('',(#12478),#12489,.F.);
#12478 = FACE_BOUND('',#12479,.T.);
#12479 = EDGE_LOOP('',(#12480,#12486,#12487,#12488));
#12480 = ORIENTED_EDGE('',*,*,#12481,.T.);
#12481 = EDGE_CURVE('',#10101,#10940,#12482,.T.);
#12482 = LINE('',#12483,#12484);
#12483 = CARTESIAN_POINT('',(167.504935,-40.1,0.));
#12484 = VECTOR('',#12485,1.);
#12485 = DIRECTION('',(0.,0.,1.));
#12486 = ORIENTED_EDGE('',*,*,#10939,.T.);
#12487 = ORIENTED_EDGE('',*,*,#12481,.F.);
#12488 = ORIENTED_EDGE('',*,*,#10100,.F.);
#12489 = CYLINDRICAL_SURFACE('',#12490,1.5);
#12490 = AXIS2_PLACEMENT_3D('',#12491,#12492,#12493);
#12491 = CARTESIAN_POINT('',(166.004935,-40.1,0.));
#12492 = DIRECTION('',(-0.,-0.,-1.));
#12493 = DIRECTION('',(1.,0.,-0.));
#12494 = ( GEOMETRIC_REPRESENTATION_CONTEXT(3) 
GLOBAL_UNCERTAINTY_ASSIGNED_CONTEXT((#12498)) 
GLOBAL_UNIT_ASSIGNED_CONTEXT((#12495,#12496,#12497)) 
REPRESENTATION_CONTEXT('Context #1',
  '3D Context with UNIT and UNCERTAINTY') );
#12495 = ( LENGTH_UNIT() NAMED_UNIT(*) SI_UNIT(.MILLI.,.METRE.) );
#12496 = ( NAMED_UNIT(*) PLANE_ANGLE_UNIT() SI_UNIT($,.RADIAN.) );
#12497 = ( NAMED_UNIT(*) SI_UNIT($,.STERADIAN.) SOLID_ANGLE_UNIT() );
#12498 = UNCERTAINTY_MEASURE_WITH_UNIT(LENGTH_MEASURE(1.E-07),#12495,
  'distance_accuracy_value','confusion accuracy');
#12499 = CONTEXT_DEPENDENT_SHAPE_REPRESENTATION(#12500,#12502);
#12500 = ( REPRESENTATION_RELATIONSHIP('','',#9167,#10) 
REPRESENTATION_RELATIONSHIP_WITH_TRANSFORMATION(#12501) 
SHAPE_REPRESENTATION_RELATIONSHIP() );
#12501 = ITEM_DEFINED_TRANSFORMATION('','',#11,#19);
#12502 = PRODUCT_DEFINITION_SHAPE('Placement','Placement of an item',
  #12503);
#12503 = NEXT_ASSEMBLY_USAGE_OCCURRENCE('2','=>[0:1:1:3]','',#5,#9162,$
  );
#12504 = PRODUCT_RELATED_PRODUCT_CATEGORY('part',$,(#9164));
#12505 = MECHANICAL_DESIGN_GEOMETRIC_PRESENTATION_REPRESENTATION('',(
    #12506,#12516,#12525,#12534,#12543,#12552,#12561,#12570,#12579,
    #12588,#12597,#12606,#12615,#12624,#12633,#12642,#12651,#12660,
    #12669,#12678,#12687,#12696,#12705,#12714,#12723,#12732,#12741,
    #12750,#12759,#12768,#12777,#12786,#12795,#12804,#12813,#12822,
    #12831,#12840,#12849,#12858,#12867,#12876,#12885,#12894,#12903,
    #12912,#12921,#12930,#12939,#12948,#12957,#12966,#12975,#12984,
    #12993,#13002,#13011,#13020,#13029,#13038,#13047,#13056,#13065,
    #13074,#13083,#13092,#13101,#13110,#13119,#13128),#9149);
#12506 = STYLED_ITEM('color',(#12507),#39);
#12507 = PRESENTATION_STYLE_ASSIGNMENT((#12508));
#12508 = SURFACE_STYLE_USAGE(.BOTH.,#12509);
#12509 = SURFACE_SIDE_STYLE('',(#12510,#12514));
#12510 = SURFACE_STYLE_FILL_AREA(#12511);
#12511 = FILL_AREA_STYLE('',(#12512));
#12512 = FILL_AREA_STYLE_COLOUR('',#12513);
#12513 = DRAUGHTING_PRE_DEFINED_COLOUR('white');
#12514 = SURFACE_STYLE_RENDERING_WITH_PROPERTIES(.NORMAL_SHADING.,#12513
  ,(#12515));
#12515 = SURFACE_STYLE_TRANSPARENT(0.100000023842);
#12516 = STYLED_ITEM('color',(#12517),#225);
#12517 = PRESENTATION_STYLE_ASSIGNMENT((#12518));
#12518 = SURFACE_STYLE_USAGE(.BOTH.,#12519);
#12519 = SURFACE_SIDE_STYLE('',(#12520,#12523));
#12520 = SURFACE_STYLE_FILL_AREA(#12521);
#12521 = FILL_AREA_STYLE('',(#12522));
#12522 = FILL_AREA_STYLE_COLOUR('',#12513);
#12523 = SURFACE_STYLE_RENDERING_WITH_PROPERTIES(.NORMAL_SHADING.,#12513
  ,(#12524));
#12524 = SURFACE_STYLE_TRANSPARENT(0.100000023842);
#12525 = STYLED_ITEM('color',(#12526),#268);
#12526 = PRESENTATION_STYLE_ASSIGNMENT((#12527));
#12527 = SURFACE_STYLE_USAGE(.BOTH.,#12528);
#12528 = SURFACE_SIDE_STYLE('',(#12529,#12532));
#12529 = SURFACE_STYLE_FILL_AREA(#12530);
#12530 = FILL_AREA_STYLE('',(#12531));
#12531 = FILL_AREA_STYLE_COLOUR('',#12513);
#12532 = SURFACE_STYLE_RENDERING_WITH_PROPERTIES(.NORMAL_SHADING.,#12513
  ,(#12533));
#12533 = SURFACE_STYLE_TRANSPARENT(0.100000023842);
#12534 = STYLED_ITEM('color',(#12535),#495);
#12535 = PRESENTATION_STYLE_ASSIGNMENT((#12536));
#12536 = SURFACE_STYLE_USAGE(.BOTH.,#12537);
#12537 = SURFACE_SIDE_STYLE('',(#12538,#12541));
#12538 = SURFACE_STYLE_FILL_AREA(#12539);
#12539 = FILL_AREA_STYLE('',(#12540));
#12540 = FILL_AREA_STYLE_COLOUR('',#12513);
#12541 = SURFACE_STYLE_RENDERING_WITH_PROPERTIES(.NORMAL_SHADING.,#12513
  ,(#12542));
#12542 = SURFACE_STYLE_TRANSPARENT(0.100000023842);
#12543 = STYLED_ITEM('color',(#12544),#514);
#12544 = PRESENTATION_STYLE_ASSIGNMENT((#12545));
#12545 = SURFACE_STYLE_USAGE(.BOTH.,#12546);
#12546 = SURFACE_SIDE_STYLE('',(#12547,#12550));
#12547 = SURFACE_STYLE_FILL_AREA(#12548);
#12548 = FILL_AREA_STYLE('',(#12549));
#12549 = FILL_AREA_STYLE_COLOUR('',#12513);
#12550 = SURFACE_STYLE_RENDERING_WITH_PROPERTIES(.NORMAL_SHADING.,#12513
  ,(#12551));
#12551 = SURFACE_STYLE_TRANSPARENT(0.100000023842);
#12552 = STYLED_ITEM('color',(#12553),#558);
#12553 = PRESENTATION_STYLE_ASSIGNMENT((#12554));
#12554 = SURFACE_STYLE_USAGE(.BOTH.,#12555);
#12555 = SURFACE_SIDE_STYLE('',(#12556,#12559));
#12556 = SURFACE_STYLE_FILL_AREA(#12557);
#12557 = FILL_AREA_STYLE('',(#12558));
#12558 = FILL_AREA_STYLE_COLOUR('',#12513);
#12559 = SURFACE_STYLE_RENDERING_WITH_PROPERTIES(.NORMAL_SHADING.,#12513
  ,(#12560));
#12560 = SURFACE_STYLE_TRANSPARENT(0.100000023842);
#12561 = STYLED_ITEM('color',(#12562),#602);
#12562 = PRESENTATION_STYLE_ASSIGNMENT((#12563));
#12563 = SURFACE_STYLE_USAGE(.BOTH.,#12564);
#12564 = SURFACE_SIDE_STYLE('',(#12565,#12568));
#12565 = SURFACE_STYLE_FILL_AREA(#12566);
#12566 = FILL_AREA_STYLE('',(#12567));
#12567 = FILL_AREA_STYLE_COLOUR('',#12513);
#12568 = SURFACE_STYLE_RENDERING_WITH_PROPERTIES(.NORMAL_SHADING.,#12513
  ,(#12569));
#12569 = SURFACE_STYLE_TRANSPARENT(0.100000023842);
#12570 = STYLED_ITEM('color',(#12571),#975);
#12571 = PRESENTATION_STYLE_ASSIGNMENT((#12572));
#12572 = SURFACE_STYLE_USAGE(.BOTH.,#12573);
#12573 = SURFACE_SIDE_STYLE('',(#12574,#12577));
#12574 = SURFACE_STYLE_FILL_AREA(#12575);
#12575 = FILL_AREA_STYLE('',(#12576));
#12576 = FILL_AREA_STYLE_COLOUR('',#12513);
#12577 = SURFACE_STYLE_RENDERING_WITH_PROPERTIES(.NORMAL_SHADING.,#12513
  ,(#12578));
#12578 = SURFACE_STYLE_TRANSPARENT(0.100000023842);
#12579 = STYLED_ITEM('color',(#12580),#1361);
#12580 = PRESENTATION_STYLE_ASSIGNMENT((#12581));
#12581 = SURFACE_STYLE_USAGE(.BOTH.,#12582);
#12582 = SURFACE_SIDE_STYLE('',(#12583,#12586));
#12583 = SURFACE_STYLE_FILL_AREA(#12584);
#12584 = FILL_AREA_STYLE('',(#12585));
#12585 = FILL_AREA_STYLE_COLOUR('',#12513);
#12586 = SURFACE_STYLE_RENDERING_WITH_PROPERTIES(.NORMAL_SHADING.,#12513
  ,(#12587));
#12587 = SURFACE_STYLE_TRANSPARENT(0.100000023842);
#12588 = STYLED_ITEM('color',(#12589),#1405);
#12589 = PRESENTATION_STYLE_ASSIGNMENT((#12590));
#12590 = SURFACE_STYLE_USAGE(.BOTH.,#12591);
#12591 = SURFACE_SIDE_STYLE('',(#12592,#12595));
#12592 = SURFACE_STYLE_FILL_AREA(#12593);
#12593 = FILL_AREA_STYLE('',(#12594));
#12594 = FILL_AREA_STYLE_COLOUR('',#12513);
#12595 = SURFACE_STYLE_RENDERING_WITH_PROPERTIES(.NORMAL_SHADING.,#12513
  ,(#12596));
#12596 = SURFACE_STYLE_TRANSPARENT(0.100000023842);
#12597 = STYLED_ITEM('color',(#12598),#1583);
#12598 = PRESENTATION_STYLE_ASSIGNMENT((#12599));
#12599 = SURFACE_STYLE_USAGE(.BOTH.,#12600);
#12600 = SURFACE_SIDE_STYLE('',(#12601,#12604));
#12601 = SURFACE_STYLE_FILL_AREA(#12602);
#12602 = FILL_AREA_STYLE('',(#12603));
#12603 = FILL_AREA_STYLE_COLOUR('',#12513);
#12604 = SURFACE_STYLE_RENDERING_WITH_PROPERTIES(.NORMAL_SHADING.,#12513
  ,(#12605));
#12605 = SURFACE_STYLE_TRANSPARENT(0.100000023842);
#12606 = STYLED_ITEM('color',(#12607),#1635);
#12607 = PRESENTATION_STYLE_ASSIGNMENT((#12608));
#12608 = SURFACE_STYLE_USAGE(.BOTH.,#12609);
#12609 = SURFACE_SIDE_STYLE('',(#12610,#12613));
#12610 = SURFACE_STYLE_FILL_AREA(#12611);
#12611 = FILL_AREA_STYLE('',(#12612));
#12612 = FILL_AREA_STYLE_COLOUR('',#12513);
#12613 = SURFACE_STYLE_RENDERING_WITH_PROPERTIES(.NORMAL_SHADING.,#12513
  ,(#12614));
#12614 = SURFACE_STYLE_TRANSPARENT(0.100000023842);
#12615 = STYLED_ITEM('color',(#12616),#1687);
#12616 = PRESENTATION_STYLE_ASSIGNMENT((#12617));
#12617 = SURFACE_STYLE_USAGE(.BOTH.,#12618);
#12618 = SURFACE_SIDE_STYLE('',(#12619,#12622));
#12619 = SURFACE_STYLE_FILL_AREA(#12620);
#12620 = FILL_AREA_STYLE('',(#12621));
#12621 = FILL_AREA_STYLE_COLOUR('',#12513);
#12622 = SURFACE_STYLE_RENDERING_WITH_PROPERTIES(.NORMAL_SHADING.,#12513
  ,(#12623));
#12623 = SURFACE_STYLE_TRANSPARENT(0.100000023842);
#12624 = STYLED_ITEM('color',(#12625),#1731);
#12625 = PRESENTATION_STYLE_ASSIGNMENT((#12626));
#12626 = SURFACE_STYLE_USAGE(.BOTH.,#12627);
#12627 = SURFACE_SIDE_STYLE('',(#12628,#12631));
#12628 = SURFACE_STYLE_FILL_AREA(#12629);
#12629 = FILL_AREA_STYLE('',(#12630));
#12630 = FILL_AREA_STYLE_COLOUR('',#12513);
#12631 = SURFACE_STYLE_RENDERING_WITH_PROPERTIES(.NORMAL_SHADING.,#12513
  ,(#12632));
#12632 = SURFACE_STYLE_TRANSPARENT(0.100000023842);
#12633 = STYLED_ITEM('color',(#12634),#1775);
#12634 = PRESENTATION_STYLE_ASSIGNMENT((#12635));
#12635 = SURFACE_STYLE_USAGE(.BOTH.,#12636);
#12636 = SURFACE_SIDE_STYLE('',(#12637,#12640));
#12637 = SURFACE_STYLE_FILL_AREA(#12638);
#12638 = FILL_AREA_STYLE('',(#12639));
#12639 = FILL_AREA_STYLE_COLOUR('',#12513);
#12640 = SURFACE_STYLE_RENDERING_WITH_PROPERTIES(.NORMAL_SHADING.,#12513
  ,(#12641));
#12641 = SURFACE_STYLE_TRANSPARENT(0.100000023842);
#12642 = STYLED_ITEM('color',(#12643),#1917);
#12643 = PRESENTATION_STYLE_ASSIGNMENT((#12644));
#12644 = SURFACE_STYLE_USAGE(.BOTH.,#12645);
#12645 = SURFACE_SIDE_STYLE('',(#12646,#12649));
#12646 = SURFACE_STYLE_FILL_AREA(#12647);
#12647 = FILL_AREA_STYLE('',(#12648));
#12648 = FILL_AREA_STYLE_COLOUR('',#12513);
#12649 = SURFACE_STYLE_RENDERING_WITH_PROPERTIES(.NORMAL_SHADING.,#12513
  ,(#12650));
#12650 = SURFACE_STYLE_TRANSPARENT(0.100000023842);
#12651 = STYLED_ITEM('color',(#12652),#1994);
#12652 = PRESENTATION_STYLE_ASSIGNMENT((#12653));
#12653 = SURFACE_STYLE_USAGE(.BOTH.,#12654);
#12654 = SURFACE_SIDE_STYLE('',(#12655,#12658));
#12655 = SURFACE_STYLE_FILL_AREA(#12656);
#12656 = FILL_AREA_STYLE('',(#12657));
#12657 = FILL_AREA_STYLE_COLOUR('',#12513);
#12658 = SURFACE_STYLE_RENDERING_WITH_PROPERTIES(.NORMAL_SHADING.,#12513
  ,(#12659));
#12659 = SURFACE_STYLE_TRANSPARENT(0.100000023842);
#12660 = STYLED_ITEM('color',(#12661),#2187);
#12661 = PRESENTATION_STYLE_ASSIGNMENT((#12662));
#12662 = SURFACE_STYLE_USAGE(.BOTH.,#12663);
#12663 = SURFACE_SIDE_STYLE('',(#12664,#12667));
#12664 = SURFACE_STYLE_FILL_AREA(#12665);
#12665 = FILL_AREA_STYLE('',(#12666));
#12666 = FILL_AREA_STYLE_COLOUR('',#12513);
#12667 = SURFACE_STYLE_RENDERING_WITH_PROPERTIES(.NORMAL_SHADING.,#12513
  ,(#12668));
#12668 = SURFACE_STYLE_TRANSPARENT(0.100000023842);
#12669 = STYLED_ITEM('color',(#12670),#2231);
#12670 = PRESENTATION_STYLE_ASSIGNMENT((#12671));
#12671 = SURFACE_STYLE_USAGE(.BOTH.,#12672);
#12672 = SURFACE_SIDE_STYLE('',(#12673,#12676));
#12673 = SURFACE_STYLE_FILL_AREA(#12674);
#12674 = FILL_AREA_STYLE('',(#12675));
#12675 = FILL_AREA_STYLE_COLOUR('',#12513);
#12676 = SURFACE_STYLE_RENDERING_WITH_PROPERTIES(.NORMAL_SHADING.,#12513
  ,(#12677));
#12677 = SURFACE_STYLE_TRANSPARENT(0.100000023842);
#12678 = STYLED_ITEM('color',(#12679),#2299);
#12679 = PRESENTATION_STYLE_ASSIGNMENT((#12680));
#12680 = SURFACE_STYLE_USAGE(.BOTH.,#12681);
#12681 = SURFACE_SIDE_STYLE('',(#12682,#12685));
#12682 = SURFACE_STYLE_FILL_AREA(#12683);
#12683 = FILL_AREA_STYLE('',(#12684));
#12684 = FILL_AREA_STYLE_COLOUR('',#12513);
#12685 = SURFACE_STYLE_RENDERING_WITH_PROPERTIES(.NORMAL_SHADING.,#12513
  ,(#12686));
#12686 = SURFACE_STYLE_TRANSPARENT(0.100000023842);
#12687 = STYLED_ITEM('color',(#12688),#2940);
#12688 = PRESENTATION_STYLE_ASSIGNMENT((#12689));
#12689 = SURFACE_STYLE_USAGE(.BOTH.,#12690);
#12690 = SURFACE_SIDE_STYLE('',(#12691,#12694));
#12691 = SURFACE_STYLE_FILL_AREA(#12692);
#12692 = FILL_AREA_STYLE('',(#12693));
#12693 = FILL_AREA_STYLE_COLOUR('',#12513);
#12694 = SURFACE_STYLE_RENDERING_WITH_PROPERTIES(.NORMAL_SHADING.,#12513
  ,(#12695));
#12695 = SURFACE_STYLE_TRANSPARENT(0.100000023842);
#12696 = STYLED_ITEM('color',(#12697),#2992);
#12697 = PRESENTATION_STYLE_ASSIGNMENT((#12698));
#12698 = SURFACE_STYLE_USAGE(.BOTH.,#12699);
#12699 = SURFACE_SIDE_STYLE('',(#12700,#12703));
#12700 = SURFACE_STYLE_FILL_AREA(#12701);
#12701 = FILL_AREA_STYLE('',(#12702));
#12702 = FILL_AREA_STYLE_COLOUR('',#12513);
#12703 = SURFACE_STYLE_RENDERING_WITH_PROPERTIES(.NORMAL_SHADING.,#12513
  ,(#12704));
#12704 = SURFACE_STYLE_TRANSPARENT(0.100000023842);
#12705 = STYLED_ITEM('color',(#12706),#3107);
#12706 = PRESENTATION_STYLE_ASSIGNMENT((#12707));
#12707 = SURFACE_STYLE_USAGE(.BOTH.,#12708);
#12708 = SURFACE_SIDE_STYLE('',(#12709,#12712));
#12709 = SURFACE_STYLE_FILL_AREA(#12710);
#12710 = FILL_AREA_STYLE('',(#12711));
#12711 = FILL_AREA_STYLE_COLOUR('',#12513);
#12712 = SURFACE_STYLE_RENDERING_WITH_PROPERTIES(.NORMAL_SHADING.,#12513
  ,(#12713));
#12713 = SURFACE_STYLE_TRANSPARENT(0.100000023842);
#12714 = STYLED_ITEM('color',(#12715),#3249);
#12715 = PRESENTATION_STYLE_ASSIGNMENT((#12716));
#12716 = SURFACE_STYLE_USAGE(.BOTH.,#12717);
#12717 = SURFACE_SIDE_STYLE('',(#12718,#12721));
#12718 = SURFACE_STYLE_FILL_AREA(#12719);
#12719 = FILL_AREA_STYLE('',(#12720));
#12720 = FILL_AREA_STYLE_COLOUR('',#12513);
#12721 = SURFACE_STYLE_RENDERING_WITH_PROPERTIES(.NORMAL_SHADING.,#12513
  ,(#12722));
#12722 = SURFACE_STYLE_TRANSPARENT(0.100000023842);
#12723 = STYLED_ITEM('color',(#12724),#3326);
#12724 = PRESENTATION_STYLE_ASSIGNMENT((#12725));
#12725 = SURFACE_STYLE_USAGE(.BOTH.,#12726);
#12726 = SURFACE_SIDE_STYLE('',(#12727,#12730));
#12727 = SURFACE_STYLE_FILL_AREA(#12728);
#12728 = FILL_AREA_STYLE('',(#12729));
#12729 = FILL_AREA_STYLE_COLOUR('',#12513);
#12730 = SURFACE_STYLE_RENDERING_WITH_PROPERTIES(.NORMAL_SHADING.,#12513
  ,(#12731));
#12731 = SURFACE_STYLE_TRANSPARENT(0.100000023842);
#12732 = STYLED_ITEM('color',(#12733),#3403);
#12733 = PRESENTATION_STYLE_ASSIGNMENT((#12734));
#12734 = SURFACE_STYLE_USAGE(.BOTH.,#12735);
#12735 = SURFACE_SIDE_STYLE('',(#12736,#12739));
#12736 = SURFACE_STYLE_FILL_AREA(#12737);
#12737 = FILL_AREA_STYLE('',(#12738));
#12738 = FILL_AREA_STYLE_COLOUR('',#12513);
#12739 = SURFACE_STYLE_RENDERING_WITH_PROPERTIES(.NORMAL_SHADING.,#12513
  ,(#12740));
#12740 = SURFACE_STYLE_TRANSPARENT(0.100000023842);
#12741 = STYLED_ITEM('color',(#12742),#3447);
#12742 = PRESENTATION_STYLE_ASSIGNMENT((#12743));
#12743 = SURFACE_STYLE_USAGE(.BOTH.,#12744);
#12744 = SURFACE_SIDE_STYLE('',(#12745,#12748));
#12745 = SURFACE_STYLE_FILL_AREA(#12746);
#12746 = FILL_AREA_STYLE('',(#12747));
#12747 = FILL_AREA_STYLE_COLOUR('',#12513);
#12748 = SURFACE_STYLE_RENDERING_WITH_PROPERTIES(.NORMAL_SHADING.,#12513
  ,(#12749));
#12749 = SURFACE_STYLE_TRANSPARENT(0.100000023842);
#12750 = STYLED_ITEM('color',(#12751),#3614);
#12751 = PRESENTATION_STYLE_ASSIGNMENT((#12752));
#12752 = SURFACE_STYLE_USAGE(.BOTH.,#12753);
#12753 = SURFACE_SIDE_STYLE('',(#12754,#12757));
#12754 = SURFACE_STYLE_FILL_AREA(#12755);
#12755 = FILL_AREA_STYLE('',(#12756));
#12756 = FILL_AREA_STYLE_COLOUR('',#12513);
#12757 = SURFACE_STYLE_RENDERING_WITH_PROPERTIES(.NORMAL_SHADING.,#12513
  ,(#12758));
#12758 = SURFACE_STYLE_TRANSPARENT(0.100000023842);
#12759 = STYLED_ITEM('color',(#12760),#3742);
#12760 = PRESENTATION_STYLE_ASSIGNMENT((#12761));
#12761 = SURFACE_STYLE_USAGE(.BOTH.,#12762);
#12762 = SURFACE_SIDE_STYLE('',(#12763,#12766));
#12763 = SURFACE_STYLE_FILL_AREA(#12764);
#12764 = FILL_AREA_STYLE('',(#12765));
#12765 = FILL_AREA_STYLE_COLOUR('',#12513);
#12766 = SURFACE_STYLE_RENDERING_WITH_PROPERTIES(.NORMAL_SHADING.,#12513
  ,(#12767));
#12767 = SURFACE_STYLE_TRANSPARENT(0.100000023842);
#12768 = STYLED_ITEM('color',(#12769),#3836);
#12769 = PRESENTATION_STYLE_ASSIGNMENT((#12770));
#12770 = SURFACE_STYLE_USAGE(.BOTH.,#12771);
#12771 = SURFACE_SIDE_STYLE('',(#12772,#12775));
#12772 = SURFACE_STYLE_FILL_AREA(#12773);
#12773 = FILL_AREA_STYLE('',(#12774));
#12774 = FILL_AREA_STYLE_COLOUR('',#12513);
#12775 = SURFACE_STYLE_RENDERING_WITH_PROPERTIES(.NORMAL_SHADING.,#12513
  ,(#12776));
#12776 = SURFACE_STYLE_TRANSPARENT(0.100000023842);
#12777 = STYLED_ITEM('color',(#12778),#3888);
#12778 = PRESENTATION_STYLE_ASSIGNMENT((#12779));
#12779 = SURFACE_STYLE_USAGE(.BOTH.,#12780);
#12780 = SURFACE_SIDE_STYLE('',(#12781,#12784));
#12781 = SURFACE_STYLE_FILL_AREA(#12782);
#12782 = FILL_AREA_STYLE('',(#12783));
#12783 = FILL_AREA_STYLE_COLOUR('',#12513);
#12784 = SURFACE_STYLE_RENDERING_WITH_PROPERTIES(.NORMAL_SHADING.,#12513
  ,(#12785));
#12785 = SURFACE_STYLE_TRANSPARENT(0.100000023842);
#12786 = STYLED_ITEM('color',(#12787),#3940);
#12787 = PRESENTATION_STYLE_ASSIGNMENT((#12788));
#12788 = SURFACE_STYLE_USAGE(.BOTH.,#12789);
#12789 = SURFACE_SIDE_STYLE('',(#12790,#12793));
#12790 = SURFACE_STYLE_FILL_AREA(#12791);
#12791 = FILL_AREA_STYLE('',(#12792));
#12792 = FILL_AREA_STYLE_COLOUR('',#12513);
#12793 = SURFACE_STYLE_RENDERING_WITH_PROPERTIES(.NORMAL_SHADING.,#12513
  ,(#12794));
#12794 = SURFACE_STYLE_TRANSPARENT(0.100000023842);
#12795 = STYLED_ITEM('color',(#12796),#4052);
#12796 = PRESENTATION_STYLE_ASSIGNMENT((#12797));
#12797 = SURFACE_STYLE_USAGE(.BOTH.,#12798);
#12798 = SURFACE_SIDE_STYLE('',(#12799,#12802));
#12799 = SURFACE_STYLE_FILL_AREA(#12800);
#12800 = FILL_AREA_STYLE('',(#12801));
#12801 = FILL_AREA_STYLE_COLOUR('',#12513);
#12802 = SURFACE_STYLE_RENDERING_WITH_PROPERTIES(.NORMAL_SHADING.,#12513
  ,(#12803));
#12803 = SURFACE_STYLE_TRANSPARENT(0.100000023842);
#12804 = STYLED_ITEM('color',(#12805),#4424);
#12805 = PRESENTATION_STYLE_ASSIGNMENT((#12806));
#12806 = SURFACE_STYLE_USAGE(.BOTH.,#12807);
#12807 = SURFACE_SIDE_STYLE('',(#12808,#12811));
#12808 = SURFACE_STYLE_FILL_AREA(#12809);
#12809 = FILL_AREA_STYLE('',(#12810));
#12810 = FILL_AREA_STYLE_COLOUR('',#12513);
#12811 = SURFACE_STYLE_RENDERING_WITH_PROPERTIES(.NORMAL_SHADING.,#12513
  ,(#12812));
#12812 = SURFACE_STYLE_TRANSPARENT(0.100000023842);
#12813 = STYLED_ITEM('color',(#12814),#4476);
#12814 = PRESENTATION_STYLE_ASSIGNMENT((#12815));
#12815 = SURFACE_STYLE_USAGE(.BOTH.,#12816);
#12816 = SURFACE_SIDE_STYLE('',(#12817,#12820));
#12817 = SURFACE_STYLE_FILL_AREA(#12818);
#12818 = FILL_AREA_STYLE('',(#12819));
#12819 = FILL_AREA_STYLE_COLOUR('',#12513);
#12820 = SURFACE_STYLE_RENDERING_WITH_PROPERTIES(.NORMAL_SHADING.,#12513
  ,(#12821));
#12821 = SURFACE_STYLE_TRANSPARENT(0.100000023842);
#12822 = STYLED_ITEM('color',(#12823),#4528);
#12823 = PRESENTATION_STYLE_ASSIGNMENT((#12824));
#12824 = SURFACE_STYLE_USAGE(.BOTH.,#12825);
#12825 = SURFACE_SIDE_STYLE('',(#12826,#12829));
#12826 = SURFACE_STYLE_FILL_AREA(#12827);
#12827 = FILL_AREA_STYLE('',(#12828));
#12828 = FILL_AREA_STYLE_COLOUR('',#12513);
#12829 = SURFACE_STYLE_RENDERING_WITH_PROPERTIES(.NORMAL_SHADING.,#12513
  ,(#12830));
#12830 = SURFACE_STYLE_TRANSPARENT(0.100000023842);
#12831 = STYLED_ITEM('color',(#12832),#4730);
#12832 = PRESENTATION_STYLE_ASSIGNMENT((#12833));
#12833 = SURFACE_STYLE_USAGE(.BOTH.,#12834);
#12834 = SURFACE_SIDE_STYLE('',(#12835,#12838));
#12835 = SURFACE_STYLE_FILL_AREA(#12836);
#12836 = FILL_AREA_STYLE('',(#12837));
#12837 = FILL_AREA_STYLE_COLOUR('',#12513);
#12838 = SURFACE_STYLE_RENDERING_WITH_PROPERTIES(.NORMAL_SHADING.,#12513
  ,(#12839));
#12839 = SURFACE_STYLE_TRANSPARENT(0.100000023842);
#12840 = STYLED_ITEM('color',(#12841),#4932);
#12841 = PRESENTATION_STYLE_ASSIGNMENT((#12842));
#12842 = SURFACE_STYLE_USAGE(.BOTH.,#12843);
#12843 = SURFACE_SIDE_STYLE('',(#12844,#12847));
#12844 = SURFACE_STYLE_FILL_AREA(#12845);
#12845 = FILL_AREA_STYLE('',(#12846));
#12846 = FILL_AREA_STYLE_COLOUR('',#12513);
#12847 = SURFACE_STYLE_RENDERING_WITH_PROPERTIES(.NORMAL_SHADING.,#12513
  ,(#12848));
#12848 = SURFACE_STYLE_TRANSPARENT(0.100000023842);
#12849 = STYLED_ITEM('color',(#12850),#5001);
#12850 = PRESENTATION_STYLE_ASSIGNMENT((#12851));
#12851 = SURFACE_STYLE_USAGE(.BOTH.,#12852);
#12852 = SURFACE_SIDE_STYLE('',(#12853,#12856));
#12853 = SURFACE_STYLE_FILL_AREA(#12854);
#12854 = FILL_AREA_STYLE('',(#12855));
#12855 = FILL_AREA_STYLE_COLOUR('',#12513);
#12856 = SURFACE_STYLE_RENDERING_WITH_PROPERTIES(.NORMAL_SHADING.,#12513
  ,(#12857));
#12857 = SURFACE_STYLE_TRANSPARENT(0.100000023842);
#12858 = STYLED_ITEM('color',(#12859),#5070);
#12859 = PRESENTATION_STYLE_ASSIGNMENT((#12860));
#12860 = SURFACE_STYLE_USAGE(.BOTH.,#12861);
#12861 = SURFACE_SIDE_STYLE('',(#12862,#12865));
#12862 = SURFACE_STYLE_FILL_AREA(#12863);
#12863 = FILL_AREA_STYLE('',(#12864));
#12864 = FILL_AREA_STYLE_COLOUR('',#12513);
#12865 = SURFACE_STYLE_RENDERING_WITH_PROPERTIES(.NORMAL_SHADING.,#12513
  ,(#12866));
#12866 = SURFACE_STYLE_TRANSPARENT(0.100000023842);
#12867 = STYLED_ITEM('color',(#12868),#5164);
#12868 = PRESENTATION_STYLE_ASSIGNMENT((#12869));
#12869 = SURFACE_STYLE_USAGE(.BOTH.,#12870);
#12870 = SURFACE_SIDE_STYLE('',(#12871,#12874));
#12871 = SURFACE_STYLE_FILL_AREA(#12872);
#12872 = FILL_AREA_STYLE('',(#12873));
#12873 = FILL_AREA_STYLE_COLOUR('',#12513);
#12874 = SURFACE_STYLE_RENDERING_WITH_PROPERTIES(.NORMAL_SHADING.,#12513
  ,(#12875));
#12875 = SURFACE_STYLE_TRANSPARENT(0.100000023842);
#12876 = STYLED_ITEM('color',(#12877),#5307);
#12877 = PRESENTATION_STYLE_ASSIGNMENT((#12878));
#12878 = SURFACE_STYLE_USAGE(.BOTH.,#12879);
#12879 = SURFACE_SIDE_STYLE('',(#12880,#12883));
#12880 = SURFACE_STYLE_FILL_AREA(#12881);
#12881 = FILL_AREA_STYLE('',(#12882));
#12882 = FILL_AREA_STYLE_COLOUR('',#12513);
#12883 = SURFACE_STYLE_RENDERING_WITH_PROPERTIES(.NORMAL_SHADING.,#12513
  ,(#12884));
#12884 = SURFACE_STYLE_TRANSPARENT(0.100000023842);
#12885 = STYLED_ITEM('color',(#12886),#5821);
#12886 = PRESENTATION_STYLE_ASSIGNMENT((#12887));
#12887 = SURFACE_STYLE_USAGE(.BOTH.,#12888);
#12888 = SURFACE_SIDE_STYLE('',(#12889,#12892));
#12889 = SURFACE_STYLE_FILL_AREA(#12890);
#12890 = FILL_AREA_STYLE('',(#12891));
#12891 = FILL_AREA_STYLE_COLOUR('',#12513);
#12892 = SURFACE_STYLE_RENDERING_WITH_PROPERTIES(.NORMAL_SHADING.,#12513
  ,(#12893));
#12893 = SURFACE_STYLE_TRANSPARENT(0.100000023842);
#12894 = STYLED_ITEM('color',(#12895),#5933);
#12895 = PRESENTATION_STYLE_ASSIGNMENT((#12896));
#12896 = SURFACE_STYLE_USAGE(.BOTH.,#12897);
#12897 = SURFACE_SIDE_STYLE('',(#12898,#12901));
#12898 = SURFACE_STYLE_FILL_AREA(#12899);
#12899 = FILL_AREA_STYLE('',(#12900));
#12900 = FILL_AREA_STYLE_COLOUR('',#12513);
#12901 = SURFACE_STYLE_RENDERING_WITH_PROPERTIES(.NORMAL_SHADING.,#12513
  ,(#12902));
#12902 = SURFACE_STYLE_TRANSPARENT(0.100000023842);
#12903 = STYLED_ITEM('color',(#12904),#6010);
#12904 = PRESENTATION_STYLE_ASSIGNMENT((#12905));
#12905 = SURFACE_STYLE_USAGE(.BOTH.,#12906);
#12906 = SURFACE_SIDE_STYLE('',(#12907,#12910));
#12907 = SURFACE_STYLE_FILL_AREA(#12908);
#12908 = FILL_AREA_STYLE('',(#12909));
#12909 = FILL_AREA_STYLE_COLOUR('',#12513);
#12910 = SURFACE_STYLE_RENDERING_WITH_PROPERTIES(.NORMAL_SHADING.,#12513
  ,(#12911));
#12911 = SURFACE_STYLE_TRANSPARENT(0.100000023842);
#12912 = STYLED_ITEM('color',(#12913),#6250);
#12913 = PRESENTATION_STYLE_ASSIGNMENT((#12914));
#12914 = SURFACE_STYLE_USAGE(.BOTH.,#12915);
#12915 = SURFACE_SIDE_STYLE('',(#12916,#12919));
#12916 = SURFACE_STYLE_FILL_AREA(#12917);
#12917 = FILL_AREA_STYLE('',(#12918));
#12918 = FILL_AREA_STYLE_COLOUR('',#12513);
#12919 = SURFACE_STYLE_RENDERING_WITH_PROPERTIES(.NORMAL_SHADING.,#12513
  ,(#12920));
#12920 = SURFACE_STYLE_TRANSPARENT(0.100000023842);
#12921 = STYLED_ITEM('color',(#12922),#6391);
#12922 = PRESENTATION_STYLE_ASSIGNMENT((#12923));
#12923 = SURFACE_STYLE_USAGE(.BOTH.,#12924);
#12924 = SURFACE_SIDE_STYLE('',(#12925,#12928));
#12925 = SURFACE_STYLE_FILL_AREA(#12926);
#12926 = FILL_AREA_STYLE('',(#12927));
#12927 = FILL_AREA_STYLE_COLOUR('',#12513);
#12928 = SURFACE_STYLE_RENDERING_WITH_PROPERTIES(.NORMAL_SHADING.,#12513
  ,(#12929));
#12929 = SURFACE_STYLE_TRANSPARENT(0.100000023842);
#12930 = STYLED_ITEM('color',(#12931),#6524);
#12931 = PRESENTATION_STYLE_ASSIGNMENT((#12932));
#12932 = SURFACE_STYLE_USAGE(.BOTH.,#12933);
#12933 = SURFACE_SIDE_STYLE('',(#12934,#12937));
#12934 = SURFACE_STYLE_FILL_AREA(#12935);
#12935 = FILL_AREA_STYLE('',(#12936));
#12936 = FILL_AREA_STYLE_COLOUR('',#12513);
#12937 = SURFACE_STYLE_RENDERING_WITH_PROPERTIES(.NORMAL_SHADING.,#12513
  ,(#12938));
#12938 = SURFACE_STYLE_TRANSPARENT(0.100000023842);
#12939 = STYLED_ITEM('color',(#12940),#6593);
#12940 = PRESENTATION_STYLE_ASSIGNMENT((#12941));
#12941 = SURFACE_STYLE_USAGE(.BOTH.,#12942);
#12942 = SURFACE_SIDE_STYLE('',(#12943,#12946));
#12943 = SURFACE_STYLE_FILL_AREA(#12944);
#12944 = FILL_AREA_STYLE('',(#12945));
#12945 = FILL_AREA_STYLE_COLOUR('',#12513);
#12946 = SURFACE_STYLE_RENDERING_WITH_PROPERTIES(.NORMAL_SHADING.,#12513
  ,(#12947));
#12947 = SURFACE_STYLE_TRANSPARENT(0.100000023842);
#12948 = STYLED_ITEM('color',(#12949),#6623);
#12949 = PRESENTATION_STYLE_ASSIGNMENT((#12950));
#12950 = SURFACE_STYLE_USAGE(.BOTH.,#12951);
#12951 = SURFACE_SIDE_STYLE('',(#12952,#12955));
#12952 = SURFACE_STYLE_FILL_AREA(#12953);
#12953 = FILL_AREA_STYLE('',(#12954));
#12954 = FILL_AREA_STYLE_COLOUR('',#12513);
#12955 = SURFACE_STYLE_RENDERING_WITH_PROPERTIES(.NORMAL_SHADING.,#12513
  ,(#12956));
#12956 = SURFACE_STYLE_TRANSPARENT(0.100000023842);
#12957 = STYLED_ITEM('color',(#12958),#6749);
#12958 = PRESENTATION_STYLE_ASSIGNMENT((#12959));
#12959 = SURFACE_STYLE_USAGE(.BOTH.,#12960);
#12960 = SURFACE_SIDE_STYLE('',(#12961,#12964));
#12961 = SURFACE_STYLE_FILL_AREA(#12962);
#12962 = FILL_AREA_STYLE('',(#12963));
#12963 = FILL_AREA_STYLE_COLOUR('',#12513);
#12964 = SURFACE_STYLE_RENDERING_WITH_PROPERTIES(.NORMAL_SHADING.,#12513
  ,(#12965));
#12965 = SURFACE_STYLE_TRANSPARENT(0.100000023842);
#12966 = STYLED_ITEM('color',(#12967),#6793);
#12967 = PRESENTATION_STYLE_ASSIGNMENT((#12968));
#12968 = SURFACE_STYLE_USAGE(.BOTH.,#12969);
#12969 = SURFACE_SIDE_STYLE('',(#12970,#12973));
#12970 = SURFACE_STYLE_FILL_AREA(#12971);
#12971 = FILL_AREA_STYLE('',(#12972));
#12972 = FILL_AREA_STYLE_COLOUR('',#12513);
#12973 = SURFACE_STYLE_RENDERING_WITH_PROPERTIES(.NORMAL_SHADING.,#12513
  ,(#12974));
#12974 = SURFACE_STYLE_TRANSPARENT(0.100000023842);
#12975 = STYLED_ITEM('color',(#12976),#6878);
#12976 = PRESENTATION_STYLE_ASSIGNMENT((#12977));
#12977 = SURFACE_STYLE_USAGE(.BOTH.,#12978);
#12978 = SURFACE_SIDE_STYLE('',(#12979,#12982));
#12979 = SURFACE_STYLE_FILL_AREA(#12980);
#12980 = FILL_AREA_STYLE('',(#12981));
#12981 = FILL_AREA_STYLE_COLOUR('',#12513);
#12982 = SURFACE_STYLE_RENDERING_WITH_PROPERTIES(.NORMAL_SHADING.,#12513
  ,(#12983));
#12983 = SURFACE_STYLE_TRANSPARENT(0.100000023842);
#12984 = STYLED_ITEM('color',(#12985),#7020);
#12985 = PRESENTATION_STYLE_ASSIGNMENT((#12986));
#12986 = SURFACE_STYLE_USAGE(.BOTH.,#12987);
#12987 = SURFACE_SIDE_STYLE('',(#12988,#12991));
#12988 = SURFACE_STYLE_FILL_AREA(#12989);
#12989 = FILL_AREA_STYLE('',(#12990));
#12990 = FILL_AREA_STYLE_COLOUR('',#12513);
#12991 = SURFACE_STYLE_RENDERING_WITH_PROPERTIES(.NORMAL_SHADING.,#12513
  ,(#12992));
#12992 = SURFACE_STYLE_TRANSPARENT(0.100000023842);
#12993 = STYLED_ITEM('color',(#12994),#7292);
#12994 = PRESENTATION_STYLE_ASSIGNMENT((#12995));
#12995 = SURFACE_STYLE_USAGE(.BOTH.,#12996);
#12996 = SURFACE_SIDE_STYLE('',(#12997,#13000));
#12997 = SURFACE_STYLE_FILL_AREA(#12998);
#12998 = FILL_AREA_STYLE('',(#12999));
#12999 = FILL_AREA_STYLE_COLOUR('',#12513);
#13000 = SURFACE_STYLE_RENDERING_WITH_PROPERTIES(.NORMAL_SHADING.,#12513
  ,(#13001));
#13001 = SURFACE_STYLE_TRANSPARENT(0.100000023842);
#13002 = STYLED_ITEM('color',(#13003),#7404);
#13003 = PRESENTATION_STYLE_ASSIGNMENT((#13004));
#13004 = SURFACE_STYLE_USAGE(.BOTH.,#13005);
#13005 = SURFACE_SIDE_STYLE('',(#13006,#13009));
#13006 = SURFACE_STYLE_FILL_AREA(#13007);
#13007 = FILL_AREA_STYLE('',(#13008));
#13008 = FILL_AREA_STYLE_COLOUR('',#12513);
#13009 = SURFACE_STYLE_RENDERING_WITH_PROPERTIES(.NORMAL_SHADING.,#12513
  ,(#13010));
#13010 = SURFACE_STYLE_TRANSPARENT(0.100000023842);
#13011 = STYLED_ITEM('color',(#13012),#7481);
#13012 = PRESENTATION_STYLE_ASSIGNMENT((#13013));
#13013 = SURFACE_STYLE_USAGE(.BOTH.,#13014);
#13014 = SURFACE_SIDE_STYLE('',(#13015,#13018));
#13015 = SURFACE_STYLE_FILL_AREA(#13016);
#13016 = FILL_AREA_STYLE('',(#13017));
#13017 = FILL_AREA_STYLE_COLOUR('',#12513);
#13018 = SURFACE_STYLE_RENDERING_WITH_PROPERTIES(.NORMAL_SHADING.,#12513
  ,(#13019));
#13019 = SURFACE_STYLE_TRANSPARENT(0.100000023842);
#13020 = STYLED_ITEM('color',(#13021),#7721);
#13021 = PRESENTATION_STYLE_ASSIGNMENT((#13022));
#13022 = SURFACE_STYLE_USAGE(.BOTH.,#13023);
#13023 = SURFACE_SIDE_STYLE('',(#13024,#13027));
#13024 = SURFACE_STYLE_FILL_AREA(#13025);
#13025 = FILL_AREA_STYLE('',(#13026));
#13026 = FILL_AREA_STYLE_COLOUR('',#12513);
#13027 = SURFACE_STYLE_RENDERING_WITH_PROPERTIES(.NORMAL_SHADING.,#12513
  ,(#13028));
#13028 = SURFACE_STYLE_TRANSPARENT(0.100000023842);
#13029 = STYLED_ITEM('color',(#13030),#7862);
#13030 = PRESENTATION_STYLE_ASSIGNMENT((#13031));
#13031 = SURFACE_STYLE_USAGE(.BOTH.,#13032);
#13032 = SURFACE_SIDE_STYLE('',(#13033,#13036));
#13033 = SURFACE_STYLE_FILL_AREA(#13034);
#13034 = FILL_AREA_STYLE('',(#13035));
#13035 = FILL_AREA_STYLE_COLOUR('',#12513);
#13036 = SURFACE_STYLE_RENDERING_WITH_PROPERTIES(.NORMAL_SHADING.,#12513
  ,(#13037));
#13037 = SURFACE_STYLE_TRANSPARENT(0.100000023842);
#13038 = STYLED_ITEM('color',(#13039),#7954);
#13039 = PRESENTATION_STYLE_ASSIGNMENT((#13040));
#13040 = SURFACE_STYLE_USAGE(.BOTH.,#13041);
#13041 = SURFACE_SIDE_STYLE('',(#13042,#13045));
#13042 = SURFACE_STYLE_FILL_AREA(#13043);
#13043 = FILL_AREA_STYLE('',(#13044));
#13044 = FILL_AREA_STYLE_COLOUR('',#12513);
#13045 = SURFACE_STYLE_RENDERING_WITH_PROPERTIES(.NORMAL_SHADING.,#12513
  ,(#13046));
#13046 = SURFACE_STYLE_TRANSPARENT(0.100000023842);
#13047 = STYLED_ITEM('color',(#13048),#8023);
#13048 = PRESENTATION_STYLE_ASSIGNMENT((#13049));
#13049 = SURFACE_STYLE_USAGE(.BOTH.,#13050);
#13050 = SURFACE_SIDE_STYLE('',(#13051,#13054));
#13051 = SURFACE_STYLE_FILL_AREA(#13052);
#13052 = FILL_AREA_STYLE('',(#13053));
#13053 = FILL_AREA_STYLE_COLOUR('',#12513);
#13054 = SURFACE_STYLE_RENDERING_WITH_PROPERTIES(.NORMAL_SHADING.,#12513
  ,(#13055));
#13055 = SURFACE_STYLE_TRANSPARENT(0.100000023842);
#13056 = STYLED_ITEM('color',(#13057),#8092);
#13057 = PRESENTATION_STYLE_ASSIGNMENT((#13058));
#13058 = SURFACE_STYLE_USAGE(.BOTH.,#13059);
#13059 = SURFACE_SIDE_STYLE('',(#13060,#13063));
#13060 = SURFACE_STYLE_FILL_AREA(#13061);
#13061 = FILL_AREA_STYLE('',(#13062));
#13062 = FILL_AREA_STYLE_COLOUR('',#12513);
#13063 = SURFACE_STYLE_RENDERING_WITH_PROPERTIES(.NORMAL_SHADING.,#12513
  ,(#13064));
#13064 = SURFACE_STYLE_TRANSPARENT(0.100000023842);
#13065 = STYLED_ITEM('color',(#13066),#8234);
#13066 = PRESENTATION_STYLE_ASSIGNMENT((#13067));
#13067 = SURFACE_STYLE_USAGE(.BOTH.,#13068);
#13068 = SURFACE_SIDE_STYLE('',(#13069,#13072));
#13069 = SURFACE_STYLE_FILL_AREA(#13070);
#13070 = FILL_AREA_STYLE('',(#13071));
#13071 = FILL_AREA_STYLE_COLOUR('',#12513);
#13072 = SURFACE_STYLE_RENDERING_WITH_PROPERTIES(.NORMAL_SHADING.,#12513
  ,(#13073));
#13073 = SURFACE_STYLE_TRANSPARENT(0.100000023842);
#13074 = STYLED_ITEM('color',(#13075),#8328);
#13075 = PRESENTATION_STYLE_ASSIGNMENT((#13076));
#13076 = SURFACE_STYLE_USAGE(.BOTH.,#13077);
#13077 = SURFACE_SIDE_STYLE('',(#13078,#13081));
#13078 = SURFACE_STYLE_FILL_AREA(#13079);
#13079 = FILL_AREA_STYLE('',(#13080));
#13080 = FILL_AREA_STYLE_COLOUR('',#12513);
#13081 = SURFACE_STYLE_RENDERING_WITH_PROPERTIES(.NORMAL_SHADING.,#12513
  ,(#13082));
#13082 = SURFACE_STYLE_TRANSPARENT(0.100000023842);
#13083 = STYLED_ITEM('color',(#13084),#8422);
#13084 = PRESENTATION_STYLE_ASSIGNMENT((#13085));
#13085 = SURFACE_STYLE_USAGE(.BOTH.,#13086);
#13086 = SURFACE_SIDE_STYLE('',(#13087,#13090));
#13087 = SURFACE_STYLE_FILL_AREA(#13088);
#13088 = FILL_AREA_STYLE('',(#13089));
#13089 = FILL_AREA_STYLE_COLOUR('',#12513);
#13090 = SURFACE_STYLE_RENDERING_WITH_PROPERTIES(.NORMAL_SHADING.,#12513
  ,(#13091));
#13091 = SURFACE_STYLE_TRANSPARENT(0.100000023842);
#13092 = STYLED_ITEM('color',(#13093),#8616);
#13093 = PRESENTATION_STYLE_ASSIGNMENT((#13094));
#13094 = SURFACE_STYLE_USAGE(.BOTH.,#13095);
#13095 = SURFACE_SIDE_STYLE('',(#13096,#13099));
#13096 = SURFACE_STYLE_FILL_AREA(#13097);
#13097 = FILL_AREA_STYLE('',(#13098));
#13098 = FILL_AREA_STYLE_COLOUR('',#12513);
#13099 = SURFACE_STYLE_RENDERING_WITH_PROPERTIES(.NORMAL_SHADING.,#12513
  ,(#13100));
#13100 = SURFACE_STYLE_TRANSPARENT(0.100000023842);
#13101 = STYLED_ITEM('color',(#13102),#8693);
#13102 = PRESENTATION_STYLE_ASSIGNMENT((#13103));
#13103 = SURFACE_STYLE_USAGE(.BOTH.,#13104);
#13104 = SURFACE_SIDE_STYLE('',(#13105,#13108));
#13105 = SURFACE_STYLE_FILL_AREA(#13106);
#13106 = FILL_AREA_STYLE('',(#13107));
#13107 = FILL_AREA_STYLE_COLOUR('',#12513);
#13108 = SURFACE_STYLE_RENDERING_WITH_PROPERTIES(.NORMAL_SHADING.,#12513
  ,(#13109));
#13109 = SURFACE_STYLE_TRANSPARENT(0.100000023842);
#13110 = STYLED_ITEM('color',(#13111),#8770);
#13111 = PRESENTATION_STYLE_ASSIGNMENT((#13112));
#13112 = SURFACE_STYLE_USAGE(.BOTH.,#13113);
#13113 = SURFACE_SIDE_STYLE('',(#13114,#13117));
#13114 = SURFACE_STYLE_FILL_AREA(#13115);
#13115 = FILL_AREA_STYLE('',(#13116));
#13116 = FILL_AREA_STYLE_COLOUR('',#12513);
#13117 = SURFACE_STYLE_RENDERING_WITH_PROPERTIES(.NORMAL_SHADING.,#12513
  ,(#13118));
#13118 = SURFACE_STYLE_TRANSPARENT(0.100000023842);
#13119 = STYLED_ITEM('color',(#13120),#8822);
#13120 = PRESENTATION_STYLE_ASSIGNMENT((#13121));
#13121 = SURFACE_STYLE_USAGE(.BOTH.,#13122);
#13122 = SURFACE_SIDE_STYLE('',(#13123,#13126));
#13123 = SURFACE_STYLE_FILL_AREA(#13124);
#13124 = FILL_AREA_STYLE('',(#13125));
#13125 = FILL_AREA_STYLE_COLOUR('',#12513);
#13126 = SURFACE_STYLE_RENDERING_WITH_PROPERTIES(.NORMAL_SHADING.,#12513
  ,(#13127));
#13127 = SURFACE_STYLE_TRANSPARENT(0.100000023842);
#13128 = STYLED_ITEM('color',(#13129),#8874);
#13129 = PRESENTATION_STYLE_ASSIGNMENT((#13130));
#13130 = SURFACE_STYLE_USAGE(.BOTH.,#13131);
#13131 = SURFACE_SIDE_STYLE('',(#13132,#13135));
#13132 = SURFACE_STYLE_FILL_AREA(#13133);
#13133 = FILL_AREA_STYLE('',(#13134));
#13134 = FILL_AREA_STYLE_COLOUR('',#12513);
#13135 = SURFACE_STYLE_RENDERING_WITH_PROPERTIES(.NORMAL_SHADING.,#12513
  ,(#13136));
#13136 = SURFACE_STYLE_TRANSPARENT(0.100000023842);
#13137 = MECHANICAL_DESIGN_GEOMETRIC_PRESENTATION_REPRESENTATION('',(
    #13138),#12494);
#13138 = STYLED_ITEM('color',(#13139),#9168);
#13139 = PRESENTATION_STYLE_ASSIGNMENT((#13140));
#13140 = SURFACE_STYLE_USAGE(.BOTH.,#13141);
#13141 = SURFACE_SIDE_STYLE('',(#13142));
#13142 = SURFACE_STYLE_FILL_AREA(#13143);
#13143 = FILL_AREA_STYLE('',(#13144));
#13144 = FILL_AREA_STYLE_COLOUR('',#13145);
#13145 = COLOUR_RGB('',0.313304153717,0.484529207832,0.410020903123);
ENDSEC;
END-ISO-10303-21;
